-- Autogenerated with fake_data.py - do not modify manually

INSERT INTO issuers(issuer_id, did, name)
  VALUES('ebe65434-3015-4ea4-97c8-1f4181312bcf', 'did:atala:a80e87d038bce6ba6f184e28a8a35244021802b7f1971f8e2e6d97c55188190f', 'Restricted University of ATALA');
INSERT INTO participants(id, tpe, did, name, logo)
  VALUES('ebe65434-3015-4ea4-97c8-1f4181312bcf', 'issuer', 'did:atala:a80e87d038bce6ba6f184e28a8a35244021802b7f1971f8e2e6d97c55188190f', 'Restricted University of ATALA', E'\\x89504e470d0a1a0a0000000d494844520000012c0000012c0802000000f61f19220000114749444154789ceddd49771bd979c67180f3004a9c4440935b22d9ee4e4bed64e37392e395b3499c6596f90efe20dee55bf82378912c7d9c93ac34b5ba259222c50900018e200812c4904575648620c1ba2feadeb7eae2ff5bd9dd7dc1921e3ec00ba0aa6efa77bfff430a809e01ed0300fa1d250494514240192504945142401925049451424019250494514240192504945142401925049451424019250494514240192504945142401925049451424019250494514240192504945142401925049451424019250494514240192504945142401925049451424019250494514240192504945142401925049451424019250494514240192504945142401925049451424019250494514240192504945142401925049451424019250494514240192504945142401925049451424019250494514240192504945142401925049451424019250494514240192504945142401925049451424019250494514240d990f60128f8f0973fed6fadc8d64e4ccfffdd3ffd5bb4c7d38788e0aabe2b61abd9d87cfb5f8dfa856cf9f1dece37fff0cfe3f766a33daabe4204d7f4dd38bab7f1a338fec0eec7d7511d4c7f22826bfaae84f98f6f7a7d8415af7e03dc23826bfaab84cdcb7a69e3c71e1fa452ce9f1eec45723c7d88083af557098bebef9b8dcbde1fc7b367629788a0537f9530fff155348fe3d16f806344d0a98f4a7879512b6f7e8ce4a1aa87a593d26e240fd55788e0467d54c2e2dabb56b319d5a3f9f44cec0c11dca88f4a988ff4736d6f7e035c22821bf54b09ebb5eafef65a840f583b393c2a6c46f880de2382dbf44b090bab6fdaed56b48fe9cd33b11b44709b7e29a18d732cf22b6fdaed76e40feb2b22b84d5f94f0fcf4f8707723f287bda89e1ceeae47feb05e22822efaa284f99537a99495e7cb683f69f0181174d127257c65e9910b6b6f237f9fe32522e8c2ff129e1d1f1c17b72d3d78bd56dddf5ab5f4e0de2082eefc2fa1bde7e09f1f3ff9e3906d44d05d1f94d07242c54f3f447816889788a03bcf4b787ab057d92f182d191c1e31faef2f2f6ae5cd0f464bfa0a11dcc9f3120aced9fff637ff62fe53923d0e59450477f2bd848667548c4e4e3d7df9f793330f8c5645758d9c9788e04e3e97f0a4b4533d2a1b2dc92dff2a9d4ee7967f65b42a92abc5bd440461f85c42c179520f97bf4fa5520fbf36fb0d90fdac7e400461785cc27661c5ec8642a39353d30f9fa552a9a9b99ce93854daf8a9c73b88f9880842f1b68487f9cd5ae5d068496ee9fb743a1dfcef8786e350abd9d85b7f6fb4c47b441092b725145ce472f57d484e320ebd325de2372208c9cf12b6dbedc2aae120343135f3e8d997ff2b1887ca9b2b971735a3251e2382f0fc2ce1c1cea78b6ac568496ef9e5974128603a0eb55bcdc2ea5ba3251e2382f0fc2c618f83d0cfffc47c1cca1b7e0ee1312208cfc312b65b2dd3a7c3d189a99947cfaffd43c13874b0bd56af9d1a2df1121118f1b084e5ad95cbf333a3259d8350c0781c6ab7f22bc91b87224704463c2ca1e034c2dbcecf108d43af4c97f887088cf856c256b351fcf483d192d1894ce72014989acb6566178c1eed70f7f3f9e9b1d112cf108129df4a58daf8a9513f375a92bdf2057127d3931853a976123f1b88101198f2ad84820fe5ba9fa6985bfedefc185e992ef1091198f2aa84cdcbfadebad9a9f45d06a180601c3a2e6e9f1d1f182df10611087855c23df38bcab24b377f287795f93894b067e2081181805725145ccc12265dc1653589bed0bb174420e04f091bf573d3bdef462732b38f17effccf32b359d371a8b25ff0693fe7908840c69f1216d6deb59a0da3256106a180681c4acc3371548840c69f1246f8057127d138f4ca7449d211818c2725acd7aafbdb66b7611e19cfcc3eeef6a1dc5599d96c66366bf4f8d5a3b237fb39874104629e94b0b0fab6dd32db9020b7f4329d36f8e34bbead4ac83371248840cc93120a3e8f363d2951320e195ed59a684420e643092faa27a67bdf8d8c4f861f84028271c89bfd9cef4404bdf0a184f995d7a6dbb5660d07a180681c4ac607743d22825ef85042d1cd2d8d079b94741cf2603fe73b11412f125fc2dac9c17171cb68c9c8f8e4ec93bbbf20ee241887fcd8cfb93b22e851e24b28780e960d42012fc7a11e11418f125f42c98533a241e8e7b5e6e35061cdf8b3fb6421821e25bb84d5c352a59c375a221e8402827148f02d76821041ef925d42c11d977b1984027db557c99d88a077c92ea16810327e47718de03d4971ed5da2f773ee82087a97e0129e9476ab8725a32523e393b38f977afcb98271a8513f4ff47eceb721824824b88482e7e0ece28bf440047f64cfc621312288447f95507013cb9b1fc7fcc33dc17d1fe28f082291d4121e15366b27667bdf8d8c4fcef53c080532b30ba6e390e00e4831470451496a09055fbf4635080524e74f25e442ef9088202a892c61bbdd165ca212d520f4f3a3998f43c9ddcfb91311442891253cdc5dbfa89e182d191e9b886a100a08c621c1fde1638b082294c8120abe20ce2dbd8c70100a78330e091041849257c276ab555c7b67ba4af0f56e88c734fe0d286f1aef1916434410ade495b0bcb552af558d960c8f4dcc3d598efc4832b30b537339a325ed56b360feeb1b374410ade49550f10be24ea2bd4a62370e9922826825ac84ad66a3b866fcc65af0ce21f423ffade99283ed4f176709dbcff92a22885cc24a58fafcc174ef3b4b83506072e681f138d46e1592700bb0db1041e4125642f52f883bf977a177774410b92495b0d9b8dcdb303eedc8de20f47f8f6f3c0e1de613b69ff317446043924ab8f7e97df3b26eb464786c62ee49945f1077128c43a9543b6e9f0d8444043624a984827b3c67175fa407062d1ccbff23381b2b56e35078446043624ad8a89f973e9bed7d97b2f3057127c16d8b8ef7b6cf8ef76d1c8c3d446049624a5834dffb6e78747cfea9ad0fe5ae128d43317a260e89082c494c092537b77432080524e3506cde938444049624a38497e767825bd6457be14c778271a8b25f383d28da38181b88c09e649450b0f79db3412890e871280c22b027192594dcdcd2e1201448ee38140611d89380125e542b820d3d5c0e4201c138543d2a9f94766c1c4cb488c0aa049430bf6abcf79de3412890dc71e84e446055124a68fe77b4e07c100a882ef48ed199c4b72102abe25ec25a45b2dd71ef375a97115ce85dab1c1e153edb3898a810816d712fa1e0397878747ceee9d7360ee64e93330fa6e61f9aae8aed9da10344605bec4b68fee1d5c2e27703830a835040f00a5088f77ece44605bac4b583d2a9f94764d57f5b20165ef72e697d5c83e7b7483081c887509f3e6df4d290e4281c9e979d138f4cac2b14480081c8877099336080504e35071ed5d3cf773260207e25bc24a397f7ab067ba4a77100a08c6a17aad5ade5ab17130bd200237e25b42c178303432a63b080564e390fab7559d88c08df89650f037925d7ca13e080504af0682abf56c230237625ac2a3c266ede4c07455ee6b9d2f883b094e9b945db76e0f113813d3120a3e0f181a199b7ffa4b1b0723201d875e593816212270269e256c1756df9aaec9c6e043b9ab04e3d0defa8fb1d9cf9908dc1972fcf3c238d85917dc13727f7bedcf7ffc770b8723d4bc34de8c32d8cfd9f65d3ac320021bc7739b3896507669c9f9e9717c6ee72a965f791d87121281cb9f18bb71b4dd6a15d68c07216f94367e32dde9217244e03882d895707f7bd574ef3b9fc4613f6722701c41ec4a18f3eb7a1c50bfd09b081c4710af12b69acd3dedd70175e5ad55c5fd9c8920e53c827895b0bcf9e1f2a2a67d14ca74f773268294f308e2554206a180e002a2a81041c06504312a61b371b9b7fe5efb2862e160e7d3c559c5fdcf25822f5c4610a312eeadff68baf79dafdaed7641e38c7e22f8c26504312a611cee851c1f2a97d510c155ce22884b091bf5f3d2c64fda47112387f9cfe7a7472e7f22115ce32c82b894b0f8e987b85d4da7ad9dffe8f4c590083a388a202e2554ff863a861c5f5643049ddc44108b125e9e9f95b78cf7bef3def1de8eb3fd9c89e0466e228845090bab6fdbada6f651c491b3572722b88d830862712993e043b9747ae0c98b5fdb38187b4a1b1f4cdfe8e7575e2ffdfa1fed1ccef51f64ba8408a2a25fc28bb3cac1ce27d355b38f9fbffcedbfda381e7b56ffe73f57fefb3f8c9604fb396766b3960e2940045d3888407f1c2dac48b601c82ebdb4713056c98ed9c1796444d09ded08f44b28fa13a6b38b2fa23f14cba6e67293d3f3a6ab0af6bf402782ee6c47a05cc25ae548b0f7ddfdec93b1cc7d1bc7639be099d8f67ece447027db11289730bff23a95321e8472091c8402b223b73a0e1141185623d02ea1e8829124be1b09dccf3e1dcb4c9bae2a887a12121184613502cd12caf6becbcc6605637d7c64978cdf4ad52a478779e389310c2208c95e0429dd12f6db737040360e59babe8108c2b37789896a0945978ae4cc9fc66265e6d1f391f18ce92a4bfb39134178f6b6d4562b61a59c3f3d289aae1a9f9ab9f7e0b18de371269d4e6717bf335d7551957c9fde1d1118b1114140ad84b21777c1341f43b2712ef27188084c599a48154b281b8492fd6e2430f764796864cc745561f56db4fb391381e9aac82308e894f0b8b825b84264643c33fdf09985c3716d607070e1d9b7a6ab2ecfcf22dccf9908d423f8ebc144fe88610807a1c5efd2e974e407a322b72cd94c33c2718808d423f842a5846dd92094f44fc6af9affea9bc1a161d355c5b5a8ee404104ea11fc9542090f7737041b680d8d8ccd3d59b6713c2a068786e7bffac67455a37e5efafca1f79f4e0429ed08ae5228a1ec34bc07cfbe8dd52eb0bd137e651cc5498c4410508ce02ad7256cb75b827d9853be7c2877d5c2f3bf490f18ff4eefadbfef713f6722f8422b826b5c97707f7bad5e3b355d353038f4c07c7288b9a191b1b9274ba6ab7abf533d117ca115c135ae4b287b299fffc52f078747223f18752ae310115c158789d469095bcd6651b4e354d24f56bc4d76e985e013ffd2e70fe2fd9c89e01af71174725ac2f2e647c1de77e9818185e7c667fa25c2c87866e6d133d355ad66a3b826dcc79308ae711f4127a725945d3833fbe8f9f0d844d4c712178e4f6224824eeae791ba2b61b3715914bd9dcd2e49ce6c480ad97b92f2d68a603f6722b891cb086ee4ae84a50dd9de7792ab4e12642c337d7fe189e9aa764bf2350311dcc8650437725742d917c4d3b9a709bdab5778cec62122b88dee44eaa8848dfa856cefbb24dedcd294ec4c62d3fd9c89a00b3711dcc65109c57bdff974c6f06d26a7e705775937ddcf9908ba7013c16d1c9550f6c29df4bb7a85e7601c2282ee1427521725bc3c3f2b6f4a2e85f4ef64c5dbc8fea487f9cd5ae528cc7f490477b21d41172e4a58587b27dbfbae1f06a1c0bd078f26eecf9aaf6b87dc268108ee643b822e5c9450f605f1f8bd997b0f1e457d2cf1955db4787b762208c36a045d582fe1c5d9e9c1ceba60a1ec6f24b964af3927a5bbf773268290ec45d09df51216565eb7db921b54f5cfbb91c0ccc35f8c4e4e0916def92a470421d98ba03beb25947d7c343a91997ef855e407136fc21dffee1c878820345b117467b784e7a7c26d341616251798249dec95e7f4a058d92fdcf66f89c0888d08ee64b784f98f6f641b4af5c3591a9d661f2fc92e56e8f25a4704466c4470a7f4ef7eff07f16200bdd3dfb31ee8739410504609016594105046090165941050460901659410504609016594105046090165941050460901659410504609016594105046090165941050460901659410504609016594105046090165941050460901659410504609016594105046090165941050460901659410504609016594105046090165941050460901659410504609016594105046090165941050460901659410504609016594105046090165941050460901659410504609016594105046090165941050460901659410504609016594105046090165941050460901659410504609016594105046090165941050460901659410504609016594105046090165941050460901659410504609016594105046090165941050460901659410504609016594105046090165ff0b3b129737d56d91620000000049454e44ae426082');

INSERT INTO issuers(issuer_id, did, name)
  VALUES('779fb314-9e45-4cdb-aac5-66516de9bdeb', 'did:atala:d32421e57a58ddcfc442c9d28678b0519dd9bbe911a35bcbd019ebad534db675', 'University of ახალქალაქი');
INSERT INTO participants(id, tpe, did, name, logo)
  VALUES('779fb314-9e45-4cdb-aac5-66516de9bdeb', 'issuer', 'did:atala:d32421e57a58ddcfc442c9d28678b0519dd9bbe911a35bcbd019ebad534db675', 'University of ახალქალაქი', E'\\x89504e470d0a1a0a0000000d494844520000012c0000012c0802000000f61f19220000158349444154789ceddde9735cd59906f0d3fbaeee564bb2f65df2826cc90bb6b13166824dd8974a4232612a844ca6e6c30c3555f35f643e2653b314490d64a814a112e201e28021d826d818d9b22d2f4296b5cbda5bad56b77adfe68388430c163aa7cfedf7deeee7f7f9bed22b553f7db7b3e81e7de9270c00e8e8a91b00287508210031841080184208400c2104208610021043080188218400c41042006208210031841080184208400c2104208610021043080188218400c41042006208210031841080184208400c2104208610021043080188218400c41042006208210031841080184208400c2104208610021043080188218400c41042006208210031841080184208400c2104208610021043080188218400c41042006208210031841080184208400c2104208610021043080188218400c41042006208210031841080184208400c2104208610021043080188218400c41042006208210031841080184208400c2104208610021043080188218400c41042006208210031841080184208400c21042066a46e00ee6a61fcb3e14fdfe7ad6ab8675f43d73e25fa29986b27df0c2ddce2addaf3d48fcc36a712fd280d2154af542cb2b230cd5b55d91c52a299428a2c2f0afce1d94c4689660a0097a300c41042006208210031841080184208400c2104208610021043080188218400c41042006208210031841080184208400c2104208610021043080188218400c41042006208210031841080184208400c2104208610021043080188218400c434bc0277706e7279667ce3c7eb8da6a61df729d60e80200d8730303376e3ccf18d1f6f3099114250210d5f8eea0d06aee3b3e9542e9753a81900611a0ea1d164e13a3e97cb256311859a0110a6e1109aac76de92f86a50814600f2a2e1109a6d0ede92c8f2a2129d00e443c321b4b93cbc25e1a539051a01c88b86436871b8799fcd04e726156a0640988643a8d3e9ecee0aae9295f929edeee70ac54ac321648c9555d4701d9f49a79667c6146a06408cc6435859c75bb23831a8442700c2b41d424f4d136fc9eccdab8ce1953da888c643b8a9de60347195c4578381e97165da0110a1ed10eaf4066f4d336fd5d4f54f15e8054090b643c818ab6ad9ca5b32377c15e3d7403d8a2084db784bb299f4c495b34a34032040f321b495793dd58dbc551357ce66524925fa01e0a5f91032c66a37efe42d49c5a3e3fd1f2bd10c00afa20861670fef3352c6d868dfe95422a6443f005c8a218426abbda6a39bb72a9d8c0ff77ea0443f005c8a21848cb1a6ee0302551357ceae06e6a53703c0a5484258565957d1d0c15b95cb66af9ffa1d06d000ad22092163acedde6f085405a6c7a6aef54a6f0660e38a2784e575adbefa3681c2c133c763e1a0ec760036aa7842c818db7ce031c674bc55e964fccafbbfc6426c40a5a842e8de545fdbc9fd98943116981e1ded3b25bb1d800d29aa1032c6b6dcffb8d1ccb714e29a9be74e60be2f9028b6105a1c65ed7b8f0a14e672d94beffe2a115d95de12c0fa8a2d848cb1e69e8302a34919638948e8d2f1ffc5223450604518429d4ebfe3c8737a83c8361bcbb3e303a78fc9ee08603d451842c698c35bb9e5e06362b553d77bc72e7e24b71f807514670819634ddd07ab9ab9e7fbae193c737c6ef8aadc7e00eea66843c818db71f4399bcb2b549aeb3ff17a607a547243005fa5984368b2da773dfe0381594e8cb16c26ddf7ce2b2b0bd3d2bb02b84331879031565659dbf58d6f89d5a693890b6ffd2212f4cb6d09e00e451e42c658ede69d1dfb44de1c32c692b1c8f9fffb79221296db12c017157f081963ed7b8fd46dd92d561b0b2d9f7feb17e964426e4b00b79544081963db1ffab6f0c3d2b07fb6ffc4eb18e10d0a299510eaf4fa9d8ffd5d795dab58f9c2d8c0d027efca6d09604da9849031a63718773ff1437715f71e326b46fb4e2d8c0dc86d0980955408196346b365cf537feff0568a955f79ff8d5878596e4b00a51542c698d9e6d8fbcc8f2d8e3281da5422d6ff1e6e0e41b2920b2163cceaf4ec79f24583c92c50bb3c3b3e7ee94fd25b8252568a21648c9555d6f63cf27d81b530186343e7de8b2c2f4a6f094a568986903156d5bcb563df1181c26c267dfdd4efa4f70325ab7443c8186bdffb90c0a64e8cb1a55b2333439765b70325aaa443c8986ec7d1e76c2e8f40e58d33c733e994ec7ea01495780899c962eb7ef86f753aeeff437c7565a2ff8c122d41a929f51032c6bcb5cdad7b1e14281cb97012fb3a41fe1042c6186bbff788b37c136f553a19c7c910f2871032c698de60d871e43b3a1df71b8bf1fe33d8f117f284107ecebda9a1fe9ebdbc55a978746a00fbc9405e10c2bfd87cdf2326ab9db76af2ca27d85c0df28110fe85c96a6fdbc3bdbf5a24e8f74f0d2bd10f940884f0af34edb84f6081b65b03e79568064a0442f857f406a3c066a30ba30358ff028489ac152fd1b9dffe5736bdd1a78bd51dddadbb0e2bda0f63ac6ecbeee1de0fe2ab2b1b2fc9a453f3a3d78497b181124719c2f8ea0ad76e64359d3b956be636bdc1d0b2f3d0677f7a87ab6a7ee43a420862282f47579717b88e778ace88e755b7750fef92c1fea99bd94c5aa17ea0b891863030cf75bcdd53a150277730596cb59bf9ceba995472e9d68842fd4071a30d21c79950a737d8cbca956be60e755bf7f09620842046336742bbbb5ca72f5cb7de9a26bb9b2ff30184108468e64ce828d4b5e86d351d3d5cc7871667d4308eb408d6a1ca65b3d42d1414590813d1d5543cbaf1e385d7291456d5c2b762772e970d2dd2efe294cb6a7ebbef6cb6b41e71918530c2f968d4e12974083dd50d16bb8bab6465e196cc0ef8677530c6b219cd8750ec4c2830335b25c8fae67d345af81032a62baf6fe32a08f96725fe7abd41e42d6e319c0985be47f40683f44e0a433b21f416fa9e9031e6e3dcbb42ee52886221cc6a3f8462df237aa1dd60d58030841c97a346b395f7ca500a4f4d13d7f1aa08a1f6c70c88fd09381372e33a1316fed1e81aa7b78a2b09a9448ceb69d3fac44298d6feb237022bf7e8747adc13f249256289e8eac68fa70aa14eaf77f9f8d69ee11af9bd3eb11026e3da0e612e9b159892a237124f45c8074d085797786f080bff54e6cfbf9af381503c1292f5ab4bf34c28b6809dd8ff4a258842a88147a39fb3bb7d5cc727a2d236b8379a2d02554979d7c324c44228f6bf5209aa1072be24a47834bac656c637d13e25ef6ad062770a5449bc292521d63fc9733b597026fc1a661b5f12245e0d1acd56de19558cb16c269d8c4564f55078f1d5a04095d817964a10859067b88cc55126b697a014669b83eb78b9eb5c98853e5bb17050620f05160b0505aacc3813724927e35c8f10a91e8daee1cdbfdc77e5625759b17040620f0526d63c2e47f9c4427cdbbef3de95c9c57b412877d498600839ffc3aa12156a1e21e4c43b2e99746a8e4ecf370e43ee4c228b43e4b3155dd1f299502c8442ff28952008a19ef3634d3bb185f7ccc6fbd7ad4fec89547849e638f242ca66d291a0c8d03fda7b963c518490f3bd6a2e4339c593775a8ddcb7c6cef22a81aab07f56a32bf38797e604e631e9f4068490f357720eb4cd642837c4e51d4c2c7718b1c0866d8cb17432a1d12bd2d0e28c4095c3e3e3bd6b50150d9c0925befe16c0bb27b6dc33a1d5e9369aad02856a98e32f202c3421d3e915f9aa520f8210f28e304a25288780f00ee0903e8851ec8a3430332eb78dc208f02c067d9bd8bf483d0842a8d31b4c16dbc68fa71d87c53b94d164e5f8d33642ec8a7449831b45256391b07f4ea0d0e9ab96de4c21d18c98e11a86928a4709d74d49c6f98680f10e73fb5a5ece89c56b5603f30979f3390a6369eaa6d8f324b17f917a508590e3939acbe5c4c6134a11e71c02263d84e5757cebdcdce69fba29b713a5896df36877fbac4eb7f4660a8928849c4322098780f00ee0903e92d8ee2eb73a3d028573c3d7e476a2a85c36bb3036205058ceb90e900ad18490f7ab2bbab2a450275f2b1ee60ba1d890ebf595d7b508542d4edcd0d0748ac549c16e114241bcaf56c55e1fe52f97cbadf2acdd64345bb99e396d90d8e72c97cdccdeec97de8c4266062f8a15faea114221dc21f4d384301af473ad6cafd0321c954d9d8c892c047c6be082f46694908a47e74745ae451dde4ab16b7555a10a21df8735ec9f2559d396f795b7d3abc80b2babd3e3ad6914280c2d4e6be2f1ccf8e58fc59639acedec91dd0b01a27b429787eba576269d0ace4d29d7cfddf0be3b566e198e9a8e6eb1c291f37f94db8974e9647ce2ca59b15ae17f8baad08450a7d39555d672952cdd2278fbccfbca5ba1332163acbaa35b6c5dcdc0f458607a547a3f124df49f155bdca9acb28e70193e89c8d64be57dc1ba303ea8502777130b0723413f5709ef8add1b67b13bc59e9132c6ae9f3aa6da5d6262a1e591be9362b5b59dc5701a64a4216ce63a7e657eaac02f2ae6381f2ddadd3e45e777d76dd92d56b81a981f15fda02beddac937c53675d4e9f535457143c808432870d29819baac402377357de312d7f1bc5f2bbc6a3a7b8487868c5cf890ea35cf3aa6aef7fa2787c46a6b3abab53e50e636b2105aec2ede0bfaa96b9f16ec19e9cac22dde6935deda66657af99cde6068ee3e28569bcd64fade794555a3499767c6074e1f132e6fdd75585e2fc428f7d0d8d4b28debf8f8ea4ac14e86a37da7382b74954d9b95e8e48b1abaf6894d2f648cc557572ebcfd8a1a36f4668c455796fa7effaaf09d6a65d36657458ddc96089186b0ad8bb764e4fc87053819ae0616e647f8065e7aaa1b0a707564345b1bbbf609978716a77b8fbd4c3e962dbc34f7e99bff9dcf0cb596223a0d32da107aaa1b2c8e32ae9248d03f76f96385fab96de0a3b778174dab6edbae50337768d975389f9171c1b9c973bff90fc2c52f02d3a3e77ef39ff9ec5de5ab6ff371eea0ac72b45bbae9aadbb93fbbc3bd1f28fa987466e8f212ff281381b3ba18b3cdd1b1ffe17c7e4224e83ffbc6cf66381f3be52f97cd0e9fff63efb19fa79371e11fa2d31bb61d7e465e53aa40bcaf6263d77ede924c2a79e90faf29b41f6d24e8bf7ef24dde2a5f7d9bdd5dae443f5fa971fb7edea10e7748c5a3fd275eef7be75589bb29ae2fb43873f68d7fbf79ee449e7713cd3df76b7d318b2f230ea1b3bccad7d0c15b155a9ce93ff1eb5c4ef25288c958e4e2ef7f29b0994473cf21b99dac4fa7d36f3bfc8cd890ee2f5a181b38fdcb7fbb7eea98a27b5784fdb3978ebf76e6f59fe6bff694d5e9eed87b444a57aa42bfb562d38e0302977f73c357aebc6fd871e4399d5ecef7483216e93df632ef76518c31bbdb57d9bc454a0f1be7ad696ae8da3b75edd33c7f4e36939ebcfac9d4f5deeaf6aedace9d954d9db2d60e4c27130b6303d38317fd93828b567cd9b6c3cf106e0da41cfa1056b56c75966f12f8f4cfdcb8145f5de979e4f9fc27b38716a72f1e7f2d1612795cd1dc7348c7bbb0bf0cdb1e786a657e4aca2bf85c36333bd43f3bd46fb2daab5ab695d7367b6b9a1dde0ade936d2e970dfb6797672702b74617270679578b5c5fcbce439b5af9de696985eed1977e42dd035b1c1fbcf0f6ff88d55aeccecd071fabdbb24becf22c9b498f5d3c3d7cfe43b19b4c87a7e2d0f3ff4ab5f26c2c1438f3fa4fc5463f7f2d93d5ee2cdf642ff3da5c5e5b99d764b1e98d2683d16c3099588e65d2c94c3a95492753b168341488859763a1e5f0d29c42ef21bdb5cdfb9efd4759573d6aa38a1032c67a8fbd9ccf2a7deeaafae69d87aadbb66f7c01ec74323efd59dfd8a58ff2b923dafdc40fab5ab60a97e76f61fcb3beb75fd5e8a2f71b64b13b0f7eef5f78df6669885a4218f6cf9ef9f5cff27c7466b6392a9b36573476baabeaed6edf97bf38b399746479717976c23f75d33f7123cfeb255f43fbde67fe219f9f20c5e8c5d337ce1ca7ee42290693f9dea77facf5450dd7477f4fb8c65551d3b1efe8d027efe6f34392b1c8f4e0c5e9c18b8c319dde6073b90d268bd164c9e572995422958827222bb2b62e33596cdb1ffab6941f95a7d65d87b399f4cd7327a81b91cf6034ed79f2c5e24e20534f081963adbb1ff44f0ec99a819acb66141d17d2f5d0b76c2ecadd4bbfa8fdde8772d9ec70ef07d48dc864309a763ff962112ca6f6b55474a7abd3e9ba1ffe9ef4c57395d0b87d7fc1c6a96d50c7bea3ed45f40ecd6032ef7ee285221b9e76372a0a2163ccea74dffbf48f78778c29b0aa966ddb1e789aba8bafd0b1ef68cf37bf5f046fd21c9e8a03cffdb3c0280e8d5257081963659575bb1e7f41fade46b2f81ada773efabc6a9f95d77476dff79d7fb2bb7dd48d88ab6ade7ae0bb2f896d83a3516afc30f9eadb763dfe03159e0f7d0d1dbb55fc05b1c6e5ab3ef0dd970a36a05c229dded0b9ffe1dd4fbe203c6752a3d4f28ae2cbc24b737d6fbf12e35c855e394d3b0e6c3df4a46acf815fb630f6d9c0476f890d032a3c5f7ddb3d0f3e5b1caba7f1526f08196389e86aff7bbf5aba3542db86c168dafac0530df7eca56d4340269d1ab97072ece26985269d486171b8b6dcff44712ce32b46d521648c31969bbad63b78e6783e93d0f251d1d8d9f537cfdaca0a375349ba58283076e9a35b0317e40ee6cc9fd5e96eea3ed8d8b55f85b71e85a4fe1032c6587c75e5c6d93fcc0ef54b9fbeb40e5b99b773ff376b37ef2cd86f54542a1e9dbcfac9c495b389e82a752fcce5ab6ed9f940ede61eaa61b7aaa28d10ae89ae2c8d5c38393d7851e965665cbeead6dd0fd674746be80e7083b299f4c2d8c0dcf0d585f1c1c22ffa6471b836b576d574ec288557f01ba7a510ae4944c2b3372fcf0cf5afcc4bde9dc26c736c6aebaae9e8f6d5b7e63f6556e5b299f4e2c48db9e1ab4b53c3896858d1dfe5f05454366da96edfeea9692299f6a572da0be16dd195a5c5f1c1e5d9f1e5d909e1651a0c26b3bbaade53dd58d1d05e5edf26b6df83d6c5c2c1e0dce4cafc64706e2ae49fc9ff0c69b639ca2aeb3cd58d9eea46cfa60693d52ea5cf62a5e1107e512c1c5c5d9a8b8602b150201a5a4e44c2997432934a66d2a96c26add7ebf546b3c16832984c66ab636d829cadccebf054ba7cd5c577cd99a7543cba363f30160ec6c2c154229a49a5b2e9d49fe710a6743a9dc168d21bcd06a3d160341b8c26b3dd6973796c2eafd5e5b1b9bc25fea08597aadf3b6f9ccde5b1b93cd45d140993d56eb2dacb2aeba81b29153809001043080188218400c41042006208210031841080184208400c2104208610021043080188218400c41042006208210031841080184208400c2104208610021043080188218400c41042006208210031841080184208400c2104208610021043080188218400c41042006208210031841080184208400c2104208610021043080188218400c41042006208210031841080184208400c2104208610021043080188218400c41042006208210031841080184208400c2104208610021043080188218400c41042006208210031841080184208400c2104208610021043080188218400c41042006208210031841080184208400c2104208610021043080188218400c41042006208210031841080184208400c2104208610021043080188218400c41042006208210031841080184208400c210420f6ffe52d93f3415c7a2f0000000049454e44ae426082');

INSERT INTO issuers(issuer_id, did, name)
  VALUES('b8be4c4d-71b0-4fbf-ae1d-f47b1ff9e267', 'did:atala:dd20721db0bf19fe5077ee522ca72d9930aeb68d4ab74f17003414172376a030', 'University of ხობი');
INSERT INTO participants(id, tpe, did, name, logo)
  VALUES('b8be4c4d-71b0-4fbf-ae1d-f47b1ff9e267', 'issuer', 'did:atala:dd20721db0bf19fe5077ee522ca72d9930aeb68d4ab74f17003414172376a030', 'University of ხობი', E'\\x89504e470d0a1a0a0000000d494844520000012c0000012c0802000000f61f1922000014f749444154789cedddf9731be77dc7f15d2cee8320408224489104259e122551966cc99665f98895da951dc769e224d3c6d3fcd21f5a4ffe8e74a69d69d269a7d34c2776e2a9eb7a1c39b19d54b62acbb64e4a964451947888f70d120001120071ecf607b6aa23cbd43e0f76f1c5829fd7cfbbc423086fec628f67c5e75efba90000744cd40300d8ea102100314408400c110210438400c4102100314408400c110210438400c4102100314408400c110210438400c4102100314408400c110210438400c4102100314408400c110210438400c4102100314408400c110210438400c4102100314408400c110210438400c4102100314408400c110210438400c4102100314408400c110210438400c4102100314408400c110210438400c4102100314408400c110210438400c4102100314408400c110210438400c4cc84af1d99198d8767552e5cddd4e6f6d7ea3a1e00129411ce8ff44df49d57b9f09e6f7c17114259c2ee2800314408400c110210438400c4102100314408400c110210438400c4102100314408400c110210438400c4102100314408400c110210438400c4102100314408408c727a0b506971fcd6c8c58f58d76adc75b0b1fba01ee3299afed3efc617a759d73af0e28fad0eb71ee3d1092234806c6a6d65718675ad4028aec7608a692d1ae6f887cbf9bc1e83d10f764701882142006288108018220420860801882142006288108018220420860801882142006288108018220420860801882142006288108018220420860801882142006288108018220420860801882142006288108018220420860801882142006288108018220420860801882142006288108018220420860801882142006265feb8ec7c36935e8bafaf2572d9b49ccbe67339c962315b6c66ab4db2d8ec6eafc5e6a01e236c75e516617265393a3bbeb238bd1a59482c2f6452ab9b2f6f7379dcbe1ab7bfa632180a34b55beccee28c13e0ae72883097492f4d0e2d8edd5e9a1c5c4f3ea0ba7bacaf25d6d712cbd37726face8ba2e8ad6daa69e9dcd675c0e6aad069b400f7307084723eb738363073fb6a78625091f385ff41455162f313b1f989e18b1f075b77877a8e786bb715fe67013667c808d7624b937de7a76f5dce65d27afc7d45cecf0e5d9b1dba1668eed879f45b4e6f951eaf02b0c160114666c646af9c0e4f0c09825284970b4f0c7ef6e6df6fdfffe48e034f992483bd57601486f96045e726a6062e4767c78afcba723e3772e9e3853bfdfb8fbfeaa8f017f9d5612b30cc79c2a99b978a5fe05d89e5f9b3fff1f3e5e93b54038032669808c965d3c9def77e317deb32f540a0dc2042068a2cf79f7a676eb88f7a20505610211b4551ae9f7c2b3c31483d10281f88909922e7af7ef8abc4d21cf540a04c20421ef95cf6ea1fdecce7b2d4038172800839ad45c30367dea31e059403c39c27646575b83dd5754e6f95c35369737a248bcd24997399546e3dbdb6b2bcb230150fcfcaf95c212f313dd05b13eaacddd1add598616b2aa708c58a40d0dfb0dd571ff2054336a767f3a5f3d9ccfc485f811700dcfaecfd40a81317d340210cffe991cc96eae68e9a96ae4073c703c3fba3152dd686ae030d5d07c21383b73fff6035b2c0f1eaa94474ecea673b0e3cc5b12ec006a346289aa49a5067b07d6f4da84bb2580bf95381e68eaa6dad039fbe37d57f9163f5d12ba7b7ed7cd8e674173206d8ca8c17a1b7a6a1a1eb407d7b8f8637e09a24a9fba997bd8186fed3bf61bd343c97591fbd7cbaeb8917b41a0c6c35868950b258836d7b9b761ff2d6e8758f5f63f741599607ce9c605d71fa566fdba167cd56bb0e8382f2679853143b8f7e6bf7337fa65f811b9af73cba7dff93ac6be532ebd303bd3a0c07b604c3442816eb85da0f7db3b2ae8975adf1eb671545d6633c50f60c1361d18826d3de633f603deb908a47714129f04184f7e1f4fa5bf61d615d6b6ee8ba1e8381b28708ef6fc781a759cf3a2c8edd2af0121cd89a10e1fd49166bf39ec34cabe432e9f0c4904ee381328608bf56d3ee4392d9c2b4cafc30f648811922fc5a16bbb3be631fd32ae1c9224d0307e504116e8635c26c3a99589ad7693050ae10e1667cf52dacf3e1476646751a0c942b44b819511483ad7b9856c1b488c00a113e4075733bd3f291d931fc2c042688f001fcf52da24952bf7c369d4cae44f41b0f941f44f80092c55a59d7c8b40a2662032688f0c1fcf52d4ccb27967180141820c207ab08d4332d1fc796105820c207ab08b0ddc488dd516082081fcce9f55b6c0ef5cba7e2115cc90dea2142555cbe80fa85154549afaee837182833885015d62766a712317d0602650811aac21e6154a79140f94184aab82aab99964f634b08aa214255ec6e2fd3f2a938b684a01622548569827d4110d693099d4602e50711aa6273b145985d4fe93412283f885015b3d5ce340962369dd46f30506610a15a5607c3e46bd812827a88502db3d5a67e614408ea2142b598225464399fcde83718282788502db3852142011b43500d11aac5fae43345ceeb3412283388502d9399ed1131721e11822a88502da69966044190b125047510a15a2613db7ba5c8c48f2b5414c34ffa46fe1e160722544b14d9de2bf2fb7acbe047a92c6f897ba311a15a22e19650e4794e7119fc28e57b0f59bf2ec9196cb894984bd06c6f90f5b1c1fffbf265b025e4fa1e31496cbfdec92142b5583fd3ac077236c11761191c19e2fb1e31313ed08e1c6d843c7b595458778d34fc3ee68c90fa4769e1f8fe09d81232d0705b5104ac11926f0973c6bf6487e3aa235134e13721cb6b1bea1b4b5118b784d41166d2c68e5091e55c669d752dd66b2a4a01b6846ab1fec4c296b0407c17dff2bd57b4b025548bf55bd92469f6de32ddc07157c6e03716f345c8f75ed1228d90655b417efd473ecb16a1c478d7c5266c4e86fb89ef32faddfd7ce3679d0da81418664b487ec03d9761ba3f5064bdeb621366ab5d623fec2ee77399d49a566328bef46a8c632dbe2f2c5a94114a66abfa8515eaeb3f98b684169b5de4bacce5eb58b93e5b869e083c158f71ac65c5969089c5e154bfb04c7d2d2fd34f1433cb0364d4e0dbcb4a250cfccc60bec16377948dc5c612618e72b6084591997ea2586c9aed8b6ee08cd0c8731027b9068f08d958ed0c1166d7d3fa8de48132a924d39121a647a9a9c13af1e986e48a91b7847c1172bd51b448b78476864f2aed942d19c619b52d7697b6037055323c9bedaec4b2511f572ae7736bb130c78aac4f0d290586d91da58d703db5cab4bcc353a9ed00dcfe1a8eb5124b731adecc514c89e5798efb9844938408d94816ab64517b80349ba63cdaceba6ba44384b51c6be532eb06dd238d876739d672555619eb32ac0dc497ba3a2bfc2a97a47df66d7265996979bbc7a7ed00ec6e2fdf89c7787846db91144762896747daede3f9aa22471ca143f58735bdba42b867c5ba3dd17c4b28f0ee914666c7b51e48314466c738d6e27b8bc85147e855bb2594f379c2eb3f52f1528890e76b7e796a44f391e82d935a4b2ccd73ace8aeaad37c3045401d21cb6edb5a8c6d9f503bca6a7451fdd266abddc272f645255fb09963add5c8c2fa5a5cf3c1e86a796a986faf87ef2d2247fe9b9021c2d5659e6fc7c2adc596991e2ce1a9d2e59789bf6107df8a4b53c3da8e446f4b5c5b6fa7b78af581ca25823842a65dac446441bf916c82f5489da72aa8c7309c5ebfdd5dc9b1e2fc48bfd663d19122cb8b63031c2bfa1bb66b3e98e2a0de125656ab3f4b41b5254c2c314658ad4b848220f81b5a38d60a4f0c1ae8768af024e76811212751142baaeb552e1c5b98229992393a37ceb4bca75aafc3037c9f3345cecf0d5fd77c303a99bdfd05df8a55db1021af8a80da08f3d94c9c71a35438399f8bcd4f31ade2d1ed185da0b99d6f8abae981cb9a0f460fd974726194675fd4e50bf0edab9702234528084294ebf45121a273134c13efb9fd351adece7b0fbbbbd2176ce258311e9e31c4e199f16b9ff34d7358dfdea3f5588a873ec2ca3a864f55787c50bf91dcd7f234db913aee63982a05dbf6f2ad78a7f794b623d15c2e939ee83bc7b72ef7db520ae82374fb6bd5df7eb23c73a7c857722fdc613bb4a8f72f93bab6bd7cf36a4666c62233a39a8f474313d7cff1fde756041a5c3e9ebb4c4a047d848220546d6b55b924f7f16b3eab9185d508c3697a41ff637436a79bef18a92008373f3951b24f8949c5a377ae9ce65bb7beddc09b41a14422ac6e6a53bff0ccad2bfa8de41e73c37d4ccbbbfdb55687ee130d3574eee75b7135b230cafb41d75bffe97799ae88b84b34998246fe4128944a848d0c112e4fdf592dca597b4596a7077a995609843a741acc9705db7bb82f0db973f9bff9ee12d2d5d4cd4b4b93437ceb06dbf61af44299bb4a22429babc25bd3a07e79ee9fef4c1646fb59ef9f0ab61663bfc82449a1bd87f9d695f3f92befffb2a4ae268dce8e0f9c39c1bdfaf6878e6a37161a2511a12008f51dfbd42f3c3dd05b84298cc6af7dceb4bca3c2efaddda6d360eed1d87d90fb44487a75e5f2ef7ec9b7efa7b9e4caf2950f5ee7fea51a68eed0effaa4a229950883ed3dea0ffac9f9fcd085ffd2753c8b6303d1b909a65582adbb751acc5799adf6a6ee83dcabc7c333974efc2bf9b56c89e5f98beffe4b213385b7187f3328944e8436a7a7aa51ed315241106607afe977c05d51e4c173bf675dabaeb8a7aa5a1e3a5ac89c6eb1f9c90beffc13e1e4179199d10beffc73211326546ddb51b54ddfb3b2c5512a110a82d0d0c574d04fe9fbe86d8e4767a9317ae50ceb99096f6d23d3cfdac2591daeb643c70af90b6bb1a5736fff7c76f0aa5643524991e591de53974efc2297e19fc65234493b8fbea4dda028955084c1d6dd4c97ffa512d11ba7fe53f3392fe2e199e18b1fb1aed5d2f3b8b6c350a369f721a68bfebe2a9b4e5e3ff9d695f75f2fda143ef1f0ecb9b7ff71f8c249be4761df15ea79dca093597c550945289aa4967d479856991fb971ebd3f7351c4326b57af5f76fb27e3eec6e6f5deb1e0d87a192289a761e7da9f0a78e2f8e0d9c79e36f6f7e7242d767572496e6ae7ef8ebb36ffdacf0b9a7ec6e6fdb23dfd06454a5a0b49ea8d8b8eb9191de534cbfd4c7af7f2e8862e7e37f5af803587299f5def7fe8d75623541109a763f2a9a68bece7cc1e6c6ee47a6fa2f16f877e47c6ef2c6f9a99b97ea5abbebdbf7059adbb59a3b3097595f1c1b98b9fdc5d224e7a4155fb5f3e84bea6f432d7da515a164b186f61e66dd1b1cbff6592a1ed9f3ecf70ab97d21bd1abbf2fe1b1c5fd25687bb79cf63dcaf5bb89d4fbcb8b230a5c9297845cecf0d5d9f1bba6eb13b6b5a76faeb43be60c8e5ab66ddd82a8a9c589a8bce4d44a647c313b7f3b96ce163bbab65df91daed3b35fc83e4c4e75efb29f518fe483e97fdecd77f974a309f06b4b93cbb8ebe54bba39be345c313837d1fbd9d619c667b43f7532f371670b64013a978e4ec5b3fd3e9d2768bdde9f6d73a2b7c0e8fcf51e1b3d81c26b345325b258b4550847c2e93cf65f3b94c36954cc623a94434158f2696e7753a0fe9ab0f1dfcf65f51ed77e8a4e42214046161f4e6171fbcc1b76e655dd3f6878ed66cdfa572ef7435b23074fe0f7c37920a82e0a9aa3bfc839ff0ddd6a0adc5f15b577ef7ba4127bd57c9e6741ffefe4f6cae0aea8168acb4764737d46edf15087586c76f73ac1b9b9ffce2c35f591dee9a506720d4e1a9ae777afdf744a228f2eaf242746e7ce6f6d5d83cdb19f97b741d395e0a050a825013eaea38fcdce0d90fa907a217c962ddf7fc8fcaaf40a134b7848220a412d1b3fffe0f9aec5f9924b3dd5d21596c66ab4dce65b3eba9f5b58426bf529a763fbaebc9970aff3b1a1ae93d357ce124f528b427992d075efcb171a772da5c296e09054170787c7b8ebda2c9fe959ccfe9715d88a7aaaeebc871cdff6c815a1f7e4691e5914b1f530f444b92d9b2ff85bf2cd70285923a4f788f9a50d78e879fa21ec5fd49664bcf9ffcd02495e25758dbc1675bcbe81c9a64b1ee3ffe6a795c9ef6754a37424110da0e1eab0975518fe25ea268da7becfb7c4f86288eb683cff67cf387657026cd5559fdd8f7fea68ae57653232ae9084551dcf7fc9f07429dd403f93271f733dfe13b11524cc1f6bd8f7ef7af9dde2aea81f0ab09753df6ca6ba5fc65a795928e50100493647ee8f9bf289d0ebb9e38ded075807a14aa78aaea1e7be5b5d2ffbef82ad124b51f3ab6ff8557f59b3cb2a494e8d1d17bc8f95cffe9dfccdca29cc1d62499bb9f7e997b7e17428b63b7063efd2debd3dda8546ddbb1ebc96f1b7af63456c68870c3f440efcd4f4ef04d0e5b209bcbf3d0f33f629a22b5a4e473d93b974f8f7d7186e4dd53c9e6f2743e7edcd0d3f8f231528482202496e6ae9f7c2b51dc27c3049a3bba9ffe8ed16713120421158f8c5dfd747ae0b2b6177316ceeef636ef3ddcd47dc86cb5518f8580c12214044151e4a9fe4bc3174f16617606bbdbdb75e485ba22ce5b5104d97472f2c6f989be73eb499e6b65b5e5a9aa6bd9f7447d478f56376d1891f122dc90cba447af7c32d97fb190194a366175b89bf73cdab2ef893238d07f5f723eb73836303f726371fc76f1277db2b93cb5dbbb836d7bcaf814bc7a468d70839ccfcd0df74ddeb850e025a05fe6a90e867a1eaf6fef29cd73f19a93f3b9f0c4e0fcc88de5a991f56442d7d7725556079a3beb5a7757069b0bbfffb36c183bc2bb52f1e8d2e4d0d2d4f0f2f41d8e6da34932fbeb5b02a1ce40a8d35559adc7080d219588c5e62757162663f353f1a5d9c2b7905687ab22d05059d75459d75459db68b13b35196799299308ef521425195b5a8b85d7a2e1b5d852321ecd65d2f96c269f5dcf6533269369e34a6eb3d566b5bb5dfe80db5febf6d5b8fd355b64bbc7249b4e6edc1f984ac4528958763d99cf66e55cf6ffee21cc8aa228992d26b355329b25b355325bac4eb7c353e9f0f8ec9e4a87c7b7350fb4b02ab74f9e288a2e5fc0e50b089c0f4d81ff67b13b2d766745a0a8b3c86d41a57ec50c40d9438400c4102100314408400c110210438400c4102100314408400c110210438400c4102100314408400c110210438400c4102100314408400c110210438400c4102100314408400c110210438400c4102100314408400c110210438400c4102100314408400c110210438400c4102100314408400c110210438400c4102100314408400c110210438400c4102100314408400c110210438400c4102100314408400c110210438400c4102100314408400c110210438400c4102100314408400c110210438400c4102100314408400c110210438400c4102100314408400c110210438400c4102100314408400c110210438400c4102100314408400c110210438400c4102100314408400c110210438400c4102100314408400c110210438400c410210031440840ec7f00ecff7a37e714a5f80000000049454e44ae426082');

INSERT INTO issuers(issuer_id, did, name)
  VALUES('53bac948-21a8-42c5-a7cc-67cac7ed5a04', 'did:atala:c9eb88e4701dc2661a992255357db5fd773bbae9478e226717cb9aedfcd44543', 'University of ხონი');
INSERT INTO participants(id, tpe, did, name, logo)
  VALUES('53bac948-21a8-42c5-a7cc-67cac7ed5a04', 'issuer', 'did:atala:c9eb88e4701dc2661a992255357db5fd773bbae9478e226717cb9aedfcd44543', 'University of ხონი', E'\\x89504e470d0a1a0a0000000d494844520000012c0000012c0802000000f61f1922000014f749444154789cedddf9731be77dc7f15d2cee8320408224489104259e122551966cc99665f98895da951dc769e224d3c6d3fcd21f5a4ffe8e74a69d69d269a7d34c2776e2a9eb7a1c39b19d54b62acbb64e4a964451947888f70d120001120071ecf607b6aa23cbd43e0f76f1c5829fd7cfbbc423086fec628f67c5e75efba90000744cd40300d8ea102100314408400c110210438400c4102100314408400c110210438400c4102100314408400c110210438400c4102100314408400c110210438400c4102100314408400c110210438400c4102100314408400c110210438400c4102100314408400c110210438400c4102100314408400c110210438400c4102100314408400c110210438400c4102100314408400c110210438400c4102100314408400c110210438400c4102100314408400c110210438400c4cc84af1d99198d8767552e5cddd4e6f6d7ea3a1e00129411ce8ff44df49d57b9f09e6f7c17114259c2ee2800314408400c110210438400c4102100314408400c110210438400c4102100314408400c110210438400c4102100314408400c110210438400c4102100314408408c727a0b506971fcd6c8c58f58d76adc75b0b1fba01ee3299afed3efc617a759d73af0e28fad0eb71ee3d1092234806c6a6d65718675ad4028aec7608a692d1ae6f887cbf9bc1e83d10f764701882142006288108018220420860801882142006288108018220420860801882142006288108018220420860801882142006288108018220420860801882142006288108018220420860801882142006288108018220420860801882142006288108018220420860801882142006288108018220420860801882142006265feb8ec7c36935e8bafaf2572d9b49ccbe67339c962315b6c66ab4db2d8ec6eafc5e6a01e236c75e516617265393a3bbeb238bd1a59482c2f6452ab9b2f6f7379dcbe1ab7bfa632180a34b55beccee28c13e0ae72883097492f4d0e2d8edd5e9a1c5c4f3ea0ba7bacaf25d6d712cbd37726face8ba2e8ad6daa69e9dcd675c0e6aad069b400f7307084723eb738363073fb6a78625091f385ff41455162f313b1f989e18b1f075b77877a8e786bb715fe67013667c808d7624b937de7a76f5dce65d27afc7d45cecf0e5d9b1dba1668eed879f45b4e6f951eaf02b0c160114666c646af9c0e4f0c09825284970b4f0c7ef6e6df6fdfffe48e034f992483bd57601486f96045e726a6062e4767c78afcba723e3772e9e3853bfdfb8fbfeaa8f017f9d5612b30cc79c2a99b978a5fe05d89e5f9b3fff1f3e5e93b54038032669808c965d3c9def77e317deb32f540a0dc2042068a2cf79f7a676eb88f7a20505610211b4551ae9f7c2b3c31483d10281f88909922e7af7ef8abc4d21cf540a04c20421ef95cf6ea1fdecce7b2d4038172800839ad45c30367dea31e059403c39c27646575b83dd5754e6f95c35369737a248bcd24997399546e3dbdb6b2bcb230150fcfcaf95c212f313dd05b13eaacddd1add598616b2aa708c58a40d0dfb0dd571ff2054336a767f3a5f3d9ccfc485f811700dcfaecfd40a81317d340210cffe991cc96eae68e9a96ae4073c703c3fba3152dd686ae030d5d07c21383b73fff6035b2c0f1eaa94474ecea673b0e3cc5b12ec006a346289aa49a5067b07d6f4da84bb2580bf95381e68eaa6dad039fbe37d57f9163f5d12ba7b7ed7cd8e674173206d8ca8c17a1b7a6a1a1eb407d7b8f8637e09a24a9fba997bd8186fed3bf61bd343c97591fbd7cbaeb8917b41a0c6c35868950b258836d7b9b761ff2d6e8758f5f63f741599607ce9c605d71fa566fdba167cd56bb0e8382f2679853143b8f7e6bf7337fa65f811b9af73cba7dff93ac6be532ebd303bd3a0c07b604c3442816eb85da0f7db3b2ae8975adf1eb671545d6633c50f60c1361d18826d3de633f603deb908a47714129f04184f7e1f4fa5bf61d615d6b6ee8ba1e8381b28708ef6fc781a759cf3a2c8edd2af0121cd89a10e1fd49166bf39ec34cabe432e9f0c4904ee381328608bf56d3ee4392d9c2b4cafc30f648811922fc5a16bbb3be631fd32ae1c9224d0307e504116e8635c26c3a99589ad7693050ae10e1667cf52dacf3e1476646751a0c942b44b819511483ad7b9856c1b488c00a113e4075733bd3f291d931fc2c042688f001fcf52da24952bf7c369d4cae44f41b0f941f44f80092c55a59d7c8b40a2662032688f0c1fcf52d4ccb27967180141820c207ab08d4332d1fc796105820c207ab08b0ddc488dd516082081fcce9f55b6c0ef5cba7e2115cc90dea2142555cbe80fa85154549afaee837182833885015d62766a712317d0602650811aac21e6154a79140f94184aab82aab99964f634b08aa214255ec6e2fd3f2a938b684a01622548569827d4110d693099d4602e50711aa6273b145985d4fe93412283f885015b3d5ce340962369dd46f30506610a15a5607c3e46bd812827a88502db3d5a67e614408ea2142b598225464399fcde83718282788502db3852142011b43500d11aac5fae43345ceeb3412283388502d9399ed1131721e11822a88502da69966044190b125047510a15a2613db7ba5c8c48f2b5414c34ffa46fe1e160722544b14d9de2bf2fb7acbe047a92c6f897ba311a15a22e19650e4794e7119fc28e57b0f59bf2ec9196cb894984bd06c6f90f5b1c1fffbf265b025e4fa1e31496cbfdec92142b5583fd3ac077236c11761191c19e2fb1e31313ed08e1c6d843c7b595458778d34fc3ee68c90fa4769e1f8fe09d81232d0705b5104ac11926f0973c6bf6487e3aa235134e13721cb6b1bea1b4b5118b784d41166d2c68e5091e55c669d752dd66b2a4a01b6846ab1fec4c296b0407c17dff2bd57b4b025548bf55bd92469f6de32ddc07157c6e03716f345c8f75ed1228d90655b417efd473ecb16a1c478d7c5266c4e86fb89ef32faddfd7ce3679d0da81418664b487ec03d9761ba3f5064bdeb621366ab5d623fec2ee77399d49a566328bef46a8c632dbe2f2c5a94114a66abfa8515eaeb3f98b684169b5de4bacce5eb58b93e5b869e083c158f71ac65c5969089c5e154bfb04c7d2d2fd34f1433cb0364d4e0dbcb4a250cfccc60bec16377948dc5c612618e72b6084591997ea2586c9aed8b6ee08cd0c8731027b9068f08d958ed0c1166d7d3fa8de48132a924d39121a647a9a9c13af1e986e48a91b7847c1172bd51b448b78476864f2aed942d19c619b52d7697b6037055323c9bedaec4b2511f572ae7736bb130c78aac4f0d290586d91da58d703db5cab4bcc353a9ed00dcfe1a8eb5124b731adecc514c89e5798efb9844938408d94816ab64517b80349ba63cdaceba6ba44384b51c6be532eb06dd238d876739d672555619eb32ac0dc497ba3a2bfc2a97a47df66d7265996979bbc7a7ed00ec6e2fdf89c7787846db91144762896747daede3f9aa22471ca143f58735bdba42b867c5ba3dd17c4b28f0ee914666c7b51e48314466c738d6e27b8bc85147e855bb2594f379c2eb3f52f1528890e76b7e796a44f391e82d935a4b2ccd73ace8aeaad37c3045401d21cb6edb5a8c6d9f503bca6a7451fdd266abddc272f645255fb09963add5c8c2fa5a5cf3c1e86a796a986faf87ef2d2247fe9b9021c2d5659e6fc7c2adc596991e2ce1a9d2e59789bf6107df8a4b53c3da8e446f4b5c5b6fa7b78af581ca25823842a65dac446441bf916c82f5489da72aa8c7309c5ebfdd5dc9b1e2fc48bfd663d19122cb8b63031c2bfa1bb66b3e98e2a0de125656ab3f4b41b5254c2c314658ad4b848220f81b5a38d60a4f0c1ae8768af024e76811212751142baaeb552e1c5b98229992393a37ceb4bca75aafc3037c9f3345cecf0d5fd77c303a99bdfd05df8a55db1021af8a80da08f3d94c9c71a35438399f8bcd4f31ade2d1ed185da0b99d6f8abae981cb9a0f460fd974726194675fd4e50bf0edab9702234528084294ebf45121a273134c13efb9fd351adece7b0fbbbbd2176ce258311e9e31c4e199f16b9ff34d7358dfdea3f5588a873ec2ca3a864f55787c50bf91dcd7f234db913aee63982a05dbf6f2ad78a7f794b623d15c2e939ee83bc7b72ef7db520ae82374fb6bd5df7eb23c73a7c857722fdc613bb4a8f72f93bab6bd7cf36a4666c62233a39a8f474313d7cff1fde756041a5c3e9ebb4c4a047d848220546d6b55b924f7f16b3eab9185d508c3697a41ff637436a79bef18a92008373f3951b24f8949c5a377ae9ce65bb7beddc09b41a14422ac6e6a53bff0ccad2bfa8de41e73c37d4ccbbbfdb55687ee130d3574eee75b7135b230cafb41d75bffe97799ae88b84b34998246fe4128944a848d0c112e4fdf592dca597b4596a7077a995609843a741acc9705db7bb82f0db973f9bff9ee12d2d5d4cd4b4b93437ceb06dbf61af44299bb4a22429babc25bd3a07e79ee9fef4c1646fb59ef9f0ab61663bfc82449a1bd87f9d695f3f92befffb2a4ae268dce8e0f9c39c1bdfaf6878e6a37161a2511a12008f51dfbd42f3c3dd05b84298cc6af7dceb4bca3c2efaddda6d360eed1d87d90fb44487a75e5f2ef7ec9b7efa7b9e4caf2950f5ee7fea51a68eed0effaa4a229950883ed3dea0ffac9f9fcd085ffd2753c8b6303d1b909a65582adbb751acc5799adf6a6ee83dcabc7c333974efc2bf9b56c89e5f98beffe4b213385b7187f3328944e8436a7a7aa51ed315241106607afe977c05d51e4c173bf675dabaeb8a7aa5a1e3a5ac89c6eb1f9c90beffc13e1e4179199d10beffc73211326546ddb51b54ddfb3b2c5512a110a82d0d0c574d04fe9fbe86d8e4767a9317ae50ceb99096f6d23d3cfdac2591daeb643c70af90b6bb1a5736fff7c76f0aa5643524991e591de53974efc2297e19fc65234493b8fbea4dda028955084c1d6dd4c97ffa512d11ba7fe53f3392fe2e199e18b1fb1aed5d2f3b8b6c350a369f721a68bfebe2a9b4e5e3ff9d695f75f2fda143ef1f0ecb9b7ff71f8c249be4761df15ea79dca093597c550945289aa4967d479856991fb971ebd3f7351c4326b57af5f76fb27e3eec6e6f5deb1e0d87a192289a761e7da9f0a78e2f8e0d9c79e36f6f7e7242d767572496e6ae7ef8ebb36ffdacf0b9a7ec6e6fdb23dfd06454a5a0b49ea8d8b8eb9191de534cbfd4c7af7f2e8862e7e37f5af803587299f5def7fe8d75623541109a763f2a9a68bece7cc1e6c6ee47a6fa2f16f877e47c6ef2c6f9a99b97ea5abbebdbf7059adbb59a3b3097595f1c1b98b9fdc5d224e7a4155fb5f3e84bea6f432d7da515a164b186f61e66dd1b1cbff6592a1ed9f3ecf70ab97d21bd1abbf2fe1b1c5fd25687bb79cf63dcaf5bb89d4fbcb8b230a5c9297845cecf0d5d9f1bba6eb13b6b5a76faeb43be60c8e5ab66ddd82a8a9c589a8bce4d44a647c313b7f3b96ce163bbab65df91daed3b35fc83e4c4e75efb29f518fe483e97fdecd77f974a309f06b4b93cbb8ebe54bba39be345c313837d1fbd9d619c667b43f7532f371670b64013a978e4ec5b3fd3e9d2768bdde9f6d73a2b7c0e8fcf51e1b3d81c26b345325b258b4550847c2e93cf65f3b94c36954cc623a94434158f2696e7753a0fe9ab0f1dfcf65f51ed77e8a4e42214046161f4e6171fbcc1b76e655dd3f6878ed66cdfa572ef7435b23074fe0f7c37920a82e0a9aa3bfc839ff0ddd6a0adc5f15b577ef7ba4127bd57c9e6741ffefe4f6cae0aea8168acb4764737d46edf15087586c76f73ac1b9b9ffce2c35f591dee9a506720d4e1a9ae777afdf744a228f2eaf242746e7ce6f6d5d83cdb19f97b741d395e0a050a825013eaea38fcdce0d90fa907a217c962ddf7fc8fcaaf40a134b7848220a412d1b3fffe0f9aec5f9924b3dd5d21596c66ab4dce65b3eba9f5b58426bf529a763fbaebc9970aff3b1a1ae93d357ce124f528b427992d075efcb171a772da5c296e09054170787c7b8ebda2c9fe959ccfe9715d88a7aaaeebc871cdff6c815a1f7e4691e5914b1f530f444b92d9b2ff85bf2cd70285923a4f788f9a50d78e879fa21ec5fd49664bcf9ffcd02495e25758dbc1675bcbe81c9a64b1ee3ffe6a795c9ef6754a37424110da0e1eab0975518fe25ea268da7becfb7c4f86288eb683cff67cf387657026cd5559fdd8f7fea68ae57653232ae9084551dcf7fc9f07429dd403f93271f733dfe13b11524cc1f6bd8f7ef7af9dde2aea81f0ab09753df6ca6ba5fc65a795928e50100493647ee8f9bf289d0ebb9e38ded075807a14aa78aaea1e7be5b5d2ffbef82ad124b51f3ab6ff8557f59b3cb2a494e8d1d17bc8f95cffe9dfccdca29cc1d62499bb9f7e997b7e17428b63b7063efd2debd3dda8546ddbb1ebc96f1b7af63456c68870c3f440efcd4f4ef04d0e5b209bcbf3d0f33f629a22b5a4e473d93b974f8f7d7186e4dd53c9e6f2743e7edcd0d3f8f231528482202496e6ae9f7c2b51dc27c3049a3bba9ffe8ed16713120421158f8c5dfd747ae0b2b6177316ceeef636ef3ddcd47dc86cb5518f8580c12214044151e4a9fe4bc3174f16617606bbdbdb75e485ba22ce5b5104d97472f2c6f989be73eb499e6b65b5e5a9aa6bd9f7447d478f56376d1891f122dc90cba447af7c32d97fb190194a366175b89bf73cdab2ef893238d07f5f723eb73836303f726371fc76f1277db2b93cb5dbbb836d7bcaf814bc7a468d70839ccfcd0df74ddeb850e025a05fe6a90e867a1eaf6fef29cd73f19a93f3b9f0c4e0fcc88de5a991f56442d7d7725556079a3beb5a7757069b0bbfffb36c183bc2bb52f1e8d2e4d0d2d4f0f2f41d8e6da34932fbeb5b02a1ce40a8d35559adc7080d219588c5e62757162663f353f1a5d9c2b7905687ab22d05059d75459d75459db68b13b35196799299308ef521425195b5a8b85d7a2e1b5d852321ecd65d2f96c269f5dcf6533269369e34a6eb3d566b5bb5dfe80db5febf6d5b8fd355b64bbc7249b4e6edc1f984ac4528958763d99cf66e55cf6ffee21cc8aa228992d26b355329b25b355325bac4eb7c353e9f0f8ec9e4a87c7b7350fb4b02ab74f9e288a2e5fc0e50b089c0f4d81ff67b13b2d766745a0a8b3c86d41a57ec50c40d9438400c4102100314408400c110210438400c4102100314408400c110210438400c4102100314408400c110210438400c4102100314408400c110210438400c4102100314408400c110210438400c4102100314408400c110210438400c4102100314408400c110210438400c4102100314408400c110210438400c4102100314408400c110210438400c4102100314408400c110210438400c4102100314408400c110210438400c4102100314408400c110210438400c4102100314408400c110210438400c4102100314408400c110210438400c4102100314408400c110210438400c4102100314408400c110210438400c4102100314408400c110210438400c4102100314408400c110210438400c4102100314408400c110210438400c410210031440840ec7f00ecff7a37e714a5f80000000049454e44ae426082');

INSERT INTO issuers(issuer_id, did, name)
  VALUES('ffa499e3-47f8-496c-b621-3cc99695945c', 'did:atala:4ccb847a256c21269e1eecd61ea7c5122404c3e1492146e9ab5a40b480f93289', 'University of საჩხერე');
INSERT INTO participants(id, tpe, did, name, logo)
  VALUES('ffa499e3-47f8-496c-b621-3cc99695945c', 'issuer', 'did:atala:4ccb847a256c21269e1eecd61ea7c5122404c3e1492146e9ab5a40b480f93289', 'University of საჩხერე', E'\\x89504e470d0a1a0a0000000d494844520000012c0000012c0802000000f61f19220000141b49444154789cedddf9731be77dc7f167719f24c0fb3e24919228ca147558b6645bb11c5faded3899baf1c49d499de94c7e683d9de97f91fed6f4483b6ddab8d3e9783c89a2d8495a5f95e5a96e4ab62ecae27ddf00098004886bd11fe42a72648bfb3cd807df5dece7f5f3b3e4430cdf58608f6795e7dff81103003a36ea0900581d22042086080188214200628810801822042086080188214200628810801822042086080188214200628810801822042086080188214200628810801822042086080188214200628810801822042086080188214200628810801822042086080188214200628810801822042086080188214200628810801822042086080188214200628810801822042086080188214200628810801822042086080188214200628810801822042086080188214200628810809883f0774767c7e2cb731a07d7b47505aaeaa5ce07800465840b23d726af9dd338f8a16fbe8208a12ce1e32800314408400c110210438400c4102100314408400c110210438400c4102100314408400c110210438400c4102100314408400c110210438400c4102100314408408c72790bd06869e2d6c8850f78b76add73b8b5f7b08cf994cc8d5327e24b33bc5b1d7ce9072e6f40c67c24418426904d6dc4966679b7aaed88cb984c296dac2e0bfce16a3e2f6332f2e0e32800314408400c110210438400c4102100314408400c110210438400c4102100314408400c110210438400c4102100314408400c110210438400c4102100314408400c110210438400c4102100314408400c110210438400c42cbaf86f2a1edd5ce7581bd75759e5f657c89b0f589945231cbb727aeafa79ede3f73dfbbdc6ee3e79f3012bb3e8c751de95d2fde11a493301b06a84b92cd7785f25220459ac1a21cf9ed0ed0b3a5c6e7993018bb36884f93cc79ed017c26e1024b268845c7b423f2204992c1b21c79e10118254968d30a77d302204a9ac1a618e23427c2704a9ac1a21c79e50f155564b9c0a589e6523d47a60c61bacb43b9c5227031667d908b51e98c1675190cdb2116add13e2a80cc866d108f39a2f5b4384209b4523e4d913d64a9d0980152354f379c60a1a07e3d028c866c5080b05957a0a00bf63c508ed0e07638ac6c1d9744aea6400ac1821638adda9f5d45f7a8363150c0001d68c90395c1e8d23139105a93301b06884de6048e3c8f8cabccc89005836c28a2a8d2357e7c6b51f4a051060d108fd9a4f3c64521bf1e539a993018bb3688415752dda072f4f7c2e6f2600168d30d4d0aa7df0dcd055793301b068846e5fd01b0c6b1cbc1e5dc4275290c7a21132c66adabab40f9eb935206f266071d68db0aeb347fbe0d95b977399b4bcc980955937c2ead61dda6f99cf653667b1330439ac1ba1dde1e4da194e5c3d832bbf4106eb46c8186be939a87d70321699c7615290c0d21156b776790221ede3472e7d849d21e8ced2112a8ad2d6fbb0f6f11babcbd81982ee2c1d2163ac6defa376a74bfbf8a1f3ef71adde0db025ab47e8f4f85af71cd63e3e155f9dbc7a46de7cc082ac1e2163acb3ff719b9de3b1e1a303a7b29b4979f301ab4184cc13a86cef3ba27d7c369d1a3aff9ebcf980d52042c618db7ef0b8d3edd53e7efac685d8e28cbcf980a52042c61873babddb0f1ed73ebe5028dcfcf844a1809b7d410788f00b1dfb8e06aaeab58f8f2dcd4e5d3f276f3e601d88f00b8acddefbe477b42f85c8181b3eff7e26b5216f4a601188f077c24d1dad7b0e691f9f4da76e9ffd2f79f3018b40845fb2f3c8f32eaf5ffbf899c181d8e2b4bcf9801520c22f717a7c3b8ffe01cf16859ba77f85e5d8a01888f0f7b5ec3e106eead03e3eb638bd387a53da74a0fc21c2fb297b8ebdac283c47682e7c809d210843845f2158d3d8d0f590f6f189c8c2c2c87579f381f28608bf5ad7c34f2b0ac78b3372f123799381f28608bf9a3f5cdbb4ab5ffbf8446421323d226f3e50c610e1d7eaec7f826bfce4b5b3926602e50d117ead60754355f336ede397c66fa5126bd2a603650b113e48fb431cb738150aeaf4cd8bf22603e50a113e48fdb63d6e5f50fbf8f9a1cfa4cd05ca16227c10c5666bd8d1ab7d7c3216892de13e43e08308b7d0b0a38f6bfcfc309663033e88700be1a60eb7bf42fb789cb5075e88700b8aa2d475eed63e3e155f4dc622f2e603e507116e8deb4405630c67ed810b22dc5a356f8433a39266026509116ecdedaff0876ab48f8fce8ec99b0c941f44a849655d8bf6c1e964229d4cc89b0c941944a849a0ba816b7c62655ed24ca0fc20424d82357c11c60d1061192c8b5a502df1203a44a849b0ca7c7bc2829aa79e42b154d5120fc042849a7882955c0b5e6caeafe9f9eb797ef55d6adef4118aed09b9eec63602934d978aa2d8b89642dc5c8fe9f8dbb91e1a755739ec0985de476c76bbee33910a116ac575f1dae67a5cc75f2d16a16afe08c5de476c0ea7ee33910a116ac515a19acfe9f80c43c108cdff4461b13f017bc2b2e5e079aa36632c9749ebf5abc522cca5537a4d804a96ff4f50141bbe13962d9b9def434e3e97d5ef578b4498d93477840555157823b339445e2b5ab4118a1cf4a3c2fb21873c42b3ef090576834cf4b5a24519a162e3f8b756a9cfdbf27edd57f58bd0e1720b6c95d1ef4b2909b108c55e2b5a941172ed5be82f9ee0bd0045bfddbcdb1710d84ac7234324c4e6cfb52690419046c8b327243febc57bc4df66d3ed7391c3e5b1f31f7657f339533fc354ec8207b1372c5aa6d913929ff5e2dd15eb7ba0dc25f4bf65ea755053f13581ad5cd813725178be43e7b3197933d1827757ccf58d774b629fb25289a88e732831b1c9e3e3281f3b4f84d9f4a6bc9968c17be258df3da16084f1551de7506249a1c923423e0eb747fb60f203eebcef023a47e817f9df4ac6ccbc27148b50e885a24519a1cbc37149b4d8016b1df19e3876b838de62b6e40fd50a6c9588d0df512546cde736d6960536e45a88c4202823747a7cda07939ff5ca6538f6848acda66f8481aa3a81ad122bf3267d847022b22070524ab1d911211fc29b830470ed8a9d6e8ef7172d0255f5025be53269937e228d2fcf096ce50f55eb7b3cac344cb3274c6fc408dfd40b854226b9ae7d3cd7fb8b169e40a5d8ae35be3cabef4c4a436c69824058e4ad8a1c69846eaff62bfdd47c9ef0d47326992814383e1d71bdbf6824f689343a37a1f7444a213a372eb095d84b448ef82e0a6f30a47d30e127abcd0dbe9b7475df1332d14fa4665c0e3c93da48ac2c086cc8bb289e411047e8abacd63e783dba286f260f964af01d2ee77a73d128dcd82eb0d57a7431cdf90e422e323d2cf6d543ec2522471e6195f6c1890859841bab7c87cb7d151c7f974655cddbc5365c991ed67726b2ad08edbd7d95d59e40a5ee932901f208cdb127e48e90e7efd2fc33ab3c8190c0860b2337f49e8b4405555d1a1f14d890f7b93dc661a608634b33540748d75797b8c67b25ec09196355cd9d025b2d4fde36d1ed14cb5382b3458482823cdfa4b39bc9f5285f0cba28a879cee3040ad7c76cedc4fecf0a6ade44cf0f9efbfc8ad886d52d885088b7a28aeb40e22ac501f7f8f23cd7d5dbfe50b5a445166adbbbc56e169e191cd07d32326437938b63229f45fde15ab1cfea4640bfd053456db3f6c191598247ffad2d4c728dafe0798413174f20146e6c13d830be3c6b8ac333139ffdafd832874dddfbf49e4be9d0475859dfaa7df0f2c4edd2afee1ee17cde20d773d4783576f5896d387ae9237d67a2bb5c6673f2da59b16d855f1623a08f3054cff12f9bcb6c46664a7af6b9a0e6239cfb90ca3a8e7d3baf86ae3eb17535a3b3e3067f7ae9e4d5b362f7ca54d436fbc322779918047d84e1a64eaeffaa8591ebf22673bfe8dc04d74d4c8aa2707dc0e6e5f605c48e9132c66e7e7cd2b04f8949c557472f9f12dbb6a9dbc4bb416684089d6e6fa881e313e9fcf055aebb8a8ab4307c8d6b7c455d8bec55f79a771d10db703dba3826fa8f2edb8d5327c45630516cb646337f21644688903156dbbe4bfbe07c36337bebb2bcc9dc4bcde7780feed7b6ef943499bb1abbf7095f1a323af03f62770949357df3e2cad490d8b68d5d7d26bd50e62e6344d8c1f78f3b71f54c6996215d18bdc1fb2da50411daecf68ebea362dbaaf9fce55fffcc505793aece4d0c9e3e29bcf9b6fdc7f49b0b0d43445851dbc4f5cca3642c32337849de7cee1abf729a6bbcd3e3e33ad82bacb5f7b0f09dfb9bebb181777f46be7add1dc958e4f26fde14fea65adbbe3358d3a8ef944acf101132a634efdacfb5c1f0c50f757cd8c3575a1abfc5fbc9adae6337d7037d85395c9eb6dec3c29bc797672f9efc67f26bd91291850b27fea99895c23bcdbf1b64868990b5f41ce21a9fde88df3ef35b4993618c15d4fcd0b9ffe6ddaa79b7e02113019dfb8f39dd5ee1cdd716a6cefffc1f086fd18cce8e9dfff94f8a59b5a4ba657b758be09d2586629408fda19a705307d72693d7ce4566645d403376e5934484efbe526f305ccacb175d5e7fd723cf14f31336d656cebefdb773b73fd56b4a1a155475e4d247174ffe4b3147b9159bbde7d8cbfa4d8a925122648cb572ee0c192b5c7def3f65ac6f9b589917b8bea479f781123fecad6def2315b54dc5fc84ec66f2eafb6f5dfef59b255b472bbe3c77f6edbf1b3eff7e910f17e9d8f7984917b3b89f81226ceceee7bd06379d5cbff4ce4ff57dfc5026b571f9376ff27ee1546cb6969e833a4e43d32f556c3dc75e2ebefca5f1c1d3fffed7373f3e29f5d9158995f94f7ffb1f67defa71f16b4f7902955d0f7f5397591981819ea868b3dbb71f7cf2e6c7bfe4da6a6375f9fc2ffef1e04baf7b83e1e2e7904da706defd3781bd6bd3cefdba4c8057b8b1bdb5f7e1e91b178afc396a3e3775fddcf4cd8b0d3b7a9bbafb6bdbbbf55a3b3097492f8d0fce7e7e65654a70d18afbf51c7bd9cef9f472233350848cb1969e43a303a7789f89b51e5d3cf7f6dff73fff5ab849f07aae3b36d76303effc2bef5741c698a2d8761c3a5eccaf2e46cf132fc516a77539055f50f3f34357e787ae3a3dbebace9eaaa68e7063873f5cc3bbb32d14d4c4cafceafc6474666c79f2737d8f6377f63f5ebfad47c71f484e79fe8d1f51cfe14ba66f5cb871ea84d0a64adbde47761e794eec04dac2c8f51ba74e887db26ddad9dff7ccab021bea25158f9e79ebc7929e14e0f4f80255f5be8ab03718f656849d6eafcde1b43b5c76a79315583e97c9e7b2f95c269b4a26e3d1546235155f4d4416249d870c37751cfef60f159b81be4615cf7011160a850bbff8c9ea3cdf2d7c7739dddeb6bd8fb6f71dd5feb0c8d5b989e18b1f082f0d6877381f7fedaf24ad67a1ddd2c4adcbefbe69d245ef3572fb02475ffd4baeeb3a4cc1701132c6d6a34b67defa1bb19b3bef50145bb8a9bdaeb327d4d01eacaebf7fdf98cba41391f9c8f4c8fcf0b522d78fda75f40f3bf73f51cc4fd0cbd895d352cf9dd2b23b5d87bef567265dd4f0c18cf59df08e4055dd8e43c787cebf2ffc130a05353a3b1e9dfd621567b72fe8f478ed4eb7cd66cf6536b3e9d4e67a5c979d46456d5347ff63c5ff1c5d6cdb7f4ccde7868b78dd0ccbee701e7cf1f5b22c90193342c6d8b6034f4666c7f45a3d3a9d4ca493095d7ed4bdec0ee7dea75e11bbc556921d879e2aa8eac8c50fa927a227bbc379e0c5d7cdbb98da960cf40f742fc566eb7ffe4f0cfe98abdea7fea8c873e532741d7e7a47199d43b33b5d075ef87e795c9ef6750c1a2163cce9f61e78e14ff57dca9f8eb61df886611717ea3afcf4be67bf570667d2fca19a237ffc17d5ad5dd41391cbb81132c6fce1da43dffa413197294bd2d8d5d7fde873d4b37890c6eebe475ff973190b81974c5dc7ee23df7d43ec3138e662e8081963a186f6c3dff9a1f6f30d25d0bcfb60dfb3af96e696a56204ab1b8e7cf78dfaedbdd413e1a6d8ecdd8f3c73e0c5ef1bf67390be8c788ae27ec958e4d2af7e9a8c45a827c2da1f3ad273eca5125fa85da4a5f15b839fbc938a9be391bdd52ddbf77ce3dba65e3d8d973922648ce532e9c1d3276745d7482f9edde9ea79e225defb1e0d229fcb8e0e9c1abf72ba98b3afb2b9fdc15d8fbd60d86fdaf29826c23be6873ebbf9f14949d7673d40b0a6b1ffb9d7ccfef69c8a47c73ffd64667040f6a204bc3c81caf6bea36dbd8fc85ea8ce984c1621632c93da181d383575fd5c69ded49d1edf8e43c7dbf61eb1d9f5b9ab805c76333975fddce4b5b3e9e43af55c58b0baa1b3ff89a69dfbf4ba69c38ccc17e11da9c4dac8c50fe76e7f2a2f4587cbddb6f7d1ed079f2ccbc3036a3eb7343eb830727d69e2f3d22ffae4f607ebb7f536763d54c6a7e0b5336b847764d3a9f9a1cf66062fc5968abd4ff45ea186f6d63d871abbfacae054db96d47c6e79f2f6c2c8f5c8f4888ceb8aeee50fd5d4b6ef6ad8b137d4d86efcc3cb2563ee08efda585d8ecc8c446646a3b363628b8839dddeaae66dd52ddb6bda771afc4a1d795289b5b585a9d8e2d4dac2747c65aef83da4cbebafa86d0e35b4851ada42f5ad4e8f4f977996993289f01e858db5c8c6da72722d928cad2463d16c3a95cf66f2b94c3e9b5155d5ee70395c2ebbc3e5707bbcc1b03f54e30b55fb43b581aa7abc37ff9eec66f2cefd81a9c45a2ab1964d27f3d9ac9acbfeff3d84594551ec0ea7cde1b23b1c7687cbee70ba7c016f30e40d863dc1903718b6e681165e06bd80bb088a3f5463d95d99be9c1e9fd3e393fa7c1b60c6bf6206a0ec2142006288108018220420860801882142006288108018220420860801882142006288108018220420860801882142006288108018220420860801882142006288108018220420860801882142006288108018220420860801882142006288108018220420860801882142006288108018220420860801882142006288108018220420860801882142006288108018220420860801882142006288108018220420860801882142006288108018220420860801882142006288108018220420860801882142006288108018220420860801882142006288108018220420860801882142006288108018220420860801882142006288108018220420860801882142006288108018220420860801882142006288108018220420860801882142006288108018220420f67fe774080150683ca30000000049454e44ae426082');

INSERT INTO issuers(issuer_id, did, name)
  VALUES('d4bf93e9-d99c-4740-bb57-7b9541b00e55', 'did:atala:b4b5157c5d0404ca60352d2ce060ee26f975c3a1178276b3dbc92270d69e2879', 'University of სიღნაღი');
INSERT INTO participants(id, tpe, did, name, logo)
  VALUES('d4bf93e9-d99c-4740-bb57-7b9541b00e55', 'issuer', 'did:atala:b4b5157c5d0404ca60352d2ce060ee26f975c3a1178276b3dbc92270d69e2879', 'University of სიღნაღი', E'\\x89504e470d0a1a0a0000000d494844520000012c0000012c0802000000f61f19220000141b49444154789cedddf9731be77dc7f167719f24c0fb3e24919228ca147558b6645bb11c5faded3899baf1c49d499de94c7e683d9de97f91fed6f4483b6ddab8d3e9783c89a2d8495a5f95e5a96e4ab62ecae27ddf00098004886bd11fe42a72648bfb3cd807df5dece7f5f3b3e4430cdf58608f6795e7dff81103003a36ea0900581d22042086080188214200628810801822042086080188214200628810801822042086080188214200628810801822042086080188214200628810801822042086080188214200628810801822042086080188214200628810801822042086080188214200628810801822042086080188214200628810801822042086080188214200628810801822042086080188214200628810801822042086080188214200628810801822042086080188214200628810809883f0774767c7e2cb731a07d7b47505aaeaa5ce07800465840b23d726af9dd338f8a16fbe8208a12ce1e32800314408400c110210438400c4102100314408400c110210438400c4102100314408400c110210438400c4102100314408400c110210438400c4102100314408408c72790bd06869e2d6c8850f78b76add73b8b5f7b08cf994cc8d5327e24b33bc5b1d7ce9072e6f40c67c24418426904d6dc4966679b7aaed88cb984c296dac2e0bfce16a3e2f6332f2e0e32800314408400c110210438400c4102100314408400c110210438400c4102100314408400c110210438400c4102100314408400c110210438400c4102100314408400c110210438400c4102100314408400c110210438400c42cbaf86f2a1edd5ce7581bd75759e5f657c89b0f589945231cbb727aeafa79ede3f73dfbbdc6ee3e79f3012bb3e8c751de95d2fde11a493301b06a84b92cd7785f25220459ac1a21cf9ed0ed0b3a5c6e7993018bb36884f93cc79ed017c26e1024b268845c7b423f2204992c1b21c79e10118254968d30a77d302204a9ac1a618e23427c2704a9ac1a21c79e50f155564b9c0a589e6523d47a60c61bacb43b9c5227031667d908b51e98c1675190cdb2116add13e2a80cc866d108f39a2f5b4384209b4523e4d913d64a9d0980152354f379c60a1a07e3d028c866c5080b05957a0a00bf63c508ed0e07638ac6c1d9744aea6400ac1821638adda9f5d45f7a8363150c0001d68c90395c1e8d23139105a93301b06884de6048e3c8f8cabccc89005836c28a2a8d2357e7c6b51f4a051060d108fd9a4f3c64521bf1e539a993018bb3688415752dda072f4f7c2e6f2600168d30d4d0aa7df0dcd055793301b068846e5fd01b0c6b1cbc1e5dc4275290c7a21132c66adabab40f9eb935206f266071d68db0aeb347fbe0d95b977399b4bcc980955937c2ead61dda6f99cf653667b1330439ac1ba1dde1e4da194e5c3d832bbf4106eb46c8186be939a87d70321699c7615290c0d21156b776790221ede3472e7d849d21e8ced2112a8ad2d6fbb0f6f11babcbd81982ee2c1d2163ac6defa376a74bfbf8a1f3ef71adde0db025ab47e8f4f85af71cd63e3e155f9dbc7a46de7cc082ac1e2163acb3ff719b9de3b1e1a303a7b29b4979f301ab4184cc13a86cef3ba27d7c369d1a3aff9ebcf980d52042c618db7ef0b8d3edd53e7efac685d8e28cbcf980a52042c61873babddb0f1ed73ebe5028dcfcf844a1809b7d410788f00b1dfb8e06aaeab58f8f2dcd4e5d3f276f3e601d88f00b8acddefbe477b42f85c8181b3eff7e26b5216f4a601188f077c24d1dad7b0e691f9f4da76e9ffd2f79f3018b40845fb2f3c8f32eaf5ffbf899c181d8e2b4bcf9801520c22f717a7c3b8ffe01cf16859ba77f85e5d8a01888f0f7b5ec3e106eead03e3eb638bd387a53da74a0fc21c2fb297b8ebdac283c47682e7c809d210843845f2158d3d8d0f590f6f189c8c2c2c87579f381f28608bf5ad7c34f2b0ac78b3372f123799381f28608bf9a3f5cdbb4ab5ffbf8446421323d226f3e50c610e1d7eaec7f826bfce4b5b3926602e50d117ead60754355f336ede397c66fa5126bd2a603650b113e48fb431cb738150aeaf4cd8bf22603e50a113e48fdb63d6e5f50fbf8f9a1cfa4cd05ca16227c10c5666bd8d1ab7d7c3216892de13e43e08308b7d0b0a38f6bfcfc309663033e88700be1a60eb7bf42fb789cb5075e88700b8aa2d475eed63e3e155f4dc622f2e603e507116e8deb4405630c67ed810b22dc5a356f8433a39266026509116ecdedaff0876ab48f8fce8ec99b0c941f44a849655d8bf6c1e964229d4cc89b0c941944a849a0ba816b7c62655ed24ca0fc20424d82357c11c60d1061192c8b5a502df1203a44a849b0ca7c7bc2829aa79e42b154d5120fc042849a7882955c0b5e6caeafe9f9eb797ef55d6adef4118aed09b9eec63602934d978aa2d8b89642dc5c8fe9f8dbb91e1a755739ec0985de476c76bbee33910a116ac575f1dae67a5cc75f2d16a16afe08c5de476c0ea7ee33910a116ac515a19acfe9f80c43c108cdff4461b13f017bc2b2e5e079aa36632c9749ebf5abc522cca5537a4d804a96ff4f50141bbe13962d9b9def434e3e97d5ef578b4498d93477840555157823b339445e2b5ab4118a1cf4a3c2fb21873c42b3ef090576834cf4b5a24519a162e3f8b756a9cfdbf27edd57f58bd0e1720b6c95d1ef4b2909b108c55e2b5a941172ed5be82f9ee0bd0045bfddbcdb1710d84ac7234324c4e6cfb52690419046c8b327243febc57bc4df66d3ed7391c3e5b1f31f7657f339533fc354ec8207b1372c5aa6d913929ff5e2dd15eb7ba0dc25f4bf65ea755053f13581ad5cd813725178be43e7b3197933d1827757ccf58d774b629fb25289a88e732831b1c9e3e3281f3b4f84d9f4a6bc9968c17be258df3da16084f1551de7506249a1c923423e0eb747fb60f203eebcef023a47e817f9df4ac6ccbc27148b50e885a24519a1cbc37149b4d8016b1df19e3876b838de62b6e40fd50a6c9588d0df512546cde736d6960536e45a88c4202823747a7cda07939ff5ca6538f6848acda66f8481aa3a81ad122bf3267d847022b22070524ab1d911211fc29b830470ed8a9d6e8ef7172d0255f5025be53269937e228d2fcf096ce50f55eb7b3cac344cb3274c6fc408dfd40b854226b9ae7d3cd7fb8b169e40a5d8ae35be3cabef4c4a436c69824058e4ad8a1c69846eaff62bfdd47c9ef0d47326992814383e1d71bdbf6824f689343a37a1f7444a213a372eb095d84b448ef82e0a6f30a47d30e127abcd0dbe9b7475df1332d14fa4665c0e3c93da48ac2c086cc8bb289e411047e8abacd63e783dba286f260f964af01d2ee77a73d128dcd82eb0d57a7431cdf90e422e323d2cf6d543ec2522471e6195f6c1890859841bab7c87cb7d151c7f974655cddbc5365c991ed67726b2ad08edbd7d95d59e40a5ee932901f208cdb127e48e90e7efd2fc33ab3c8190c0860b2337f49e8b4405555d1a1f14d890f7b93dc661a608634b33540748d75797b8c67b25ec09196355cd9d025b2d4fde36d1ed14cb5382b3458482823cdfa4b39bc9f5285f0cba28a879cee3040ad7c76cedc4fecf0a6ade44cf0f9efbfc8ad886d52d885088b7a28aeb40e22ac501f7f8f23cd7d5dbfe50b5a445166adbbbc56e169e191cd07d32326437938b63229f45fde15ab1cfea4640bfd053456db3f6c191598247ffad2d4c728dafe0798413174f20146e6c13d830be3c6b8ac333139ffdafd832874dddfbf49e4be9d0475859dfaa7df0f2c4edd2afee1ee17cde20d773d4783576f5896d387ae9237d67a2bb5c6673f2da59b16d855f1623a08f3054cff12f9bcb6c46664a7af6b9a0e6239cfb90ca3a8e7d3baf86ae3eb17535a3b3e3067f7ae9e4d5b362f7ca54d436fbc322779918047d84e1a64eaeffaa8591ebf22673bfe8dc04d74d4c8aa2707dc0e6e5f605c48e9132c66e7e7cd2b04f8949c557472f9f12dbb6a9dbc4bb416684089d6e6fa881e313e9fcf055aebb8a8ab4307c8d6b7c455d8bec55f79a771d10db703dba3826fa8f2edb8d5327c45630516cb646337f21644688903156dbbe4bfbe07c36337bebb2bcc9dc4bcde7780feed7b6ef943499bb1abbf7095f1a323af03f62770949357df3e2cad490d8b68d5d7d26bd50e62e6344d8c1f78f3b71f54c6996215d18bdc1fb2da50411daecf68ebea362dbaaf9fce55fffcc505793aece4d0c9e3e29bcf9b6fdc7f49b0b0d43445851dbc4f5cca3642c32337849de7cee1abf729a6bbcd3e3e33ad82bacb5f7b0f09dfb9bebb181777f46be7add1dc958e4f26fde14fea65adbbe3358d3a8ef944acf101132a634efdacfb5c1f0c50f757cd8c3575a1abfc5fbc9adae6337d7037d85395c9eb6dec3c29bc797672f9efc67f26bd91291850b27fea99895c23bcdbf1b64868990b5f41ce21a9fde88df3ef35b4993618c15d4fcd0b9ffe6ddaa79b7e02113019dfb8f39dd5ee1cdd716a6cefffc1f086fd18cce8e9dfff94f8a59b5a4ba657b758be09d2586629408fda19a705307d72693d7ce4566645d403376e5934484efbe526f305ccacb175d5e7fd723cf14f31336d656cebefdb773b73fd56b4a1a155475e4d247174ffe4b3147b9159bbde7d8cbfa4d8a925122648cb572ee0c192b5c7def3f65ac6f9b589917b8bea479f781123fecad6def2315b54dc5fc84ec66f2eafb6f5dfef59b255b472bbe3c77f6edbf1b3eff7e910f17e9d8f7984917b3b89f81226ceceee7bd06379d5cbff4ce4ff57dfc5026b571f9376ff27ee1546cb6969e833a4e43d32f556c3dc75e2ebefca5f1c1d3fffed7373f3e29f5d9158995f94f7ffb1f67defa71f16b4f7902955d0f7f5397591981819ea868b3dbb71f7cf2e6c7bfe4da6a6375f9fc2ffef1e04baf7b83e1e2e7904da706defd3781bd6bd3cefdba4c8057b8b1bdb5f7e1e91b178afc396a3e3775fddcf4cd8b0d3b7a9bbafb6bdbbbf55a3b3097492f8d0fce7e7e65654a70d18afbf51c7bd9cef9f472233350848cb1969e43a303a7789f89b51e5d3cf7f6dff73fff5ab849f07aae3b36d76303effc2bef5741c698a2d8761c3a5eccaf2e46cf132fc516a77539055f50f3f34357e787ae3a3dbebace9eaaa68e7063873f5cc3bbb32d14d4c4cafceafc6474666c79f2737d8f6377f63f5ebfad47c71f484e79fe8d1f51cfe14ba66f5cb871ea84d0a64adbde47761e794eec04dac2c8f51ba74e887db26ddad9dff7ccab021bea25158f9e79ebc7929e14e0f4f80255f5be8ab03718f656849d6eafcde1b43b5c76a79315583e97c9e7b2f95c269b4a26e3d1546235155f4d4416249d870c37751cfef60f159b81be4615cf7011160a850bbff8c9ea3cdf2d7c7739dddeb6bd8fb6f71dd5feb0c8d5b989e18b1f082f0d6877381f7fedaf24ad67a1ddd2c4adcbefbe69d245ef3572fb02475ffd4baeeb3a4cc1701132c6d6a34b67defa1bb19b3bef50145bb8a9bdaeb327d4d01eacaebf7fdf98cba41391f9c8f4c8fcf0b522d78fda75f40f3bf73f51cc4fd0cbd895d352cf9dd2b23b5d87bef567265dd4f0c18cf59df08e4055dd8e43c787cebf2ffc130a05353a3b1e9dfd621567b72fe8f478ed4eb7cd66cf6536b3e9d4e67a5c979d46456d5347ff63c5ff1c5d6cdb7f4ccde7868b78dd0ccbee701e7cf1f5b22c90193342c6d8b6034f4666c7f45a3d3a9d4ca493095d7ed4bdec0ee7dea75e11bbc556921d879e2aa8eac8c50fa927a227bbc379e0c5d7cdbb98da960cf40f742fc566eb7ffe4f0cfe98abdea7fea8c873e532741d7e7a47199d43b33b5d075ef87e795c9ef6750c1a2163cce9f61e78e14ff57dca9f8eb61df886611717ea3afcf4be67bf570667d2fca19a237ffc17d5ad5dd41391cbb81132c6fce1da43dffa413197294bd2d8d5d7fde873d4b37890c6eebe475ff973190b81974c5dc7ee23df7d43ec3138e662e8081963a186f6c3dff9a1f6f30d25d0bcfb60dfb3af96e696a56204ab1b8e7cf78dfaedbdd413e1a6d8ecdd8f3c73e0c5ef1bf67390be8c788ae27ec958e4d2af7e9a8c45a827c2da1f3ad273eca5125fa85da4a5f15b839fbc938a9be391bdd52ddbf77ce3dba65e3d8d973922648ce532e9c1d3276745d7482f9edde9ea79e225defb1e0d229fcb8e0e9c1abf72ba98b3afb2b9fdc15d8fbd60d86fdaf29826c23be6873ebbf9f14949d7673d40b0a6b1ffb9d7ccfef69c8a47c73ffd64667040f6a204bc3c81caf6bea36dbd8fc85ea8ce984c1621632c93da181d383575fd5c69ded49d1edf8e43c7dbf61eb1d9f5b9ab805c76333975fddce4b5b3e9e43af55c58b0baa1b3ff89a69dfbf4ba69c38ccc17e11da9c4dac8c50fe76e7f2a2f4587cbddb6f7d1ed079f2ccbc3036a3eb7343eb830727d69e2f3d22ffae4f607ebb7f536763d54c6a7e0b5336b847764d3a9f9a1cf66062fc5968abd4ff45ea186f6d63d871abbfacae054db96d47c6e79f2f6c2c8f5c8f4888ceb8aeee50fd5d4b6ef6ad8b137d4d86efcc3cb2563ee08efda585d8ecc8c446646a3b363628b8839dddeaae66dd52ddb6bda771afc4a1d795289b5b585a9d8e2d4dac2747c65aef83da4cbebafa86d0e35b4851ada42f5ad4e8f4f977996993289f01e858db5c8c6da72722d928cad2463d16c3a95cf66f2b94c3e9b5155d5ee70395c2ebbc3e5707bbcc1b03f54e30b55fb43b581aa7abc37ff9eec66f2cefd81a9c45a2ab1964d27f3d9ac9acbfeff3d84594551ec0ea7cde1b23b1c7687cbee70ba7c016f30e40d863dc1903718b6e681165e06bd80bb088a3f5463d95d99be9c1e9fd3e393fa7c1b60c6bf6206a0ec2142006288108018220420860801882142006288108018220420860801882142006288108018220420860801882142006288108018220420860801882142006288108018220420860801882142006288108018220420860801882142006288108018220420860801882142006288108018220420860801882142006288108018220420860801882142006288108018220420860801882142006288108018220420860801882142006288108018220420860801882142006288108018220420860801882142006288108018220420860801882142006288108018220420860801882142006288108018220420860801882142006288108018220420860801882142006288108018220420860801882142006288108018220420860801882142006288108018220420f67fe774080150683ca30000000049454e44ae426082');

INSERT INTO issuers(issuer_id, did, name)
  VALUES('a8e4f9b0-97a8-43ec-8a73-2efe67243cd5', 'did:atala:f6f54c700282d6c958388a58c275321f5ebca14a5efc4ede6ca0451d3e18b05b', 'University of სიღნაღი');
INSERT INTO participants(id, tpe, did, name, logo)
  VALUES('a8e4f9b0-97a8-43ec-8a73-2efe67243cd5', 'issuer', 'did:atala:f6f54c700282d6c958388a58c275321f5ebca14a5efc4ede6ca0451d3e18b05b', 'University of სიღნაღი', E'\\x89504e470d0a1a0a0000000d494844520000012c0000012c0802000000f61f19220000141b49444154789cedddf9731be77dc7f167719f24c0fb3e24919228ca147558b6645bb11c5faded3899baf1c49d499de94c7e683d9de97f91fed6f4483b6ddab8d3e9783c89a2d8495a5f95e5a96e4ab62ecae27ddf00098004886bd11fe42a72648bfb3cd807df5dece7f5f3b3e4430cdf58608f6795e7dff81103003a36ea0900581d22042086080188214200628810801822042086080188214200628810801822042086080188214200628810801822042086080188214200628810801822042086080188214200628810801822042086080188214200628810801822042086080188214200628810801822042086080188214200628810801822042086080188214200628810801822042086080188214200628810801822042086080188214200628810801822042086080188214200628810809883f0774767c7e2cb731a07d7b47505aaeaa5ce07800465840b23d726af9dd338f8a16fbe8208a12ce1e32800314408400c110210438400c4102100314408400c110210438400c4102100314408400c110210438400c4102100314408400c110210438400c4102100314408408c72790bd06869e2d6c8850f78b76add73b8b5f7b08cf994cc8d5327e24b33bc5b1d7ce9072e6f40c67c24418426904d6dc4966679b7aaed88cb984c296dac2e0bfce16a3e2f6332f2e0e32800314408400c110210438400c4102100314408400c110210438400c4102100314408400c110210438400c4102100314408400c110210438400c4102100314408400c110210438400c4102100314408400c110210438400c42cbaf86f2a1edd5ce7581bd75759e5f657c89b0f589945231cbb727aeafa79ede3f73dfbbdc6ee3e79f3012bb3e8c751de95d2fde11a493301b06a84b92cd7785f25220459ac1a21cf9ed0ed0b3a5c6e7993018bb36884f93cc79ed017c26e1024b268845c7b423f2204992c1b21c79e10118254968d30a77d302204a9ac1a618e23427c2704a9ac1a21c79e50f155564b9c0a589e6523d47a60c61bacb43b9c5227031667d908b51e98c1675190cdb2116add13e2a80cc866d108f39a2f5b4384209b4523e4d913d64a9d0980152354f379c60a1a07e3d028c866c5080b05957a0a00bf63c508ed0e07638ac6c1d9744aea6400ac1821638adda9f5d45f7a8363150c0001d68c90395c1e8d23139105a93301b06884de6048e3c8f8cabccc89005836c28a2a8d2357e7c6b51f4a051060d108fd9a4f3c64521bf1e539a993018bb3688415752dda072f4f7c2e6f2600168d30d4d0aa7df0dcd055793301b068846e5fd01b0c6b1cbc1e5dc4275290c7a21132c66adabab40f9eb935206f266071d68db0aeb347fbe0d95b977399b4bcc980955937c2ead61dda6f99cf653667b1330439ac1ba1dde1e4da194e5c3d832bbf4106eb46c8186be939a87d70321699c7615290c0d21156b776790221ede3472e7d849d21e8ced2112a8ad2d6fbb0f6f11babcbd81982ee2c1d2163ac6defa376a74bfbf8a1f3ef71adde0db025ab47e8f4f85af71cd63e3e155f9dbc7a46de7cc082ac1e2163acb3ff719b9de3b1e1a303a7b29b4979f301ab4184cc13a86cef3ba27d7c369d1a3aff9ebcf980d52042c618db7ef0b8d3edd53e7efac685d8e28cbcf980a52042c61873babddb0f1ed73ebe5028dcfcf844a1809b7d410788f00b1dfb8e06aaeab58f8f2dcd4e5d3f276f3e601d88f00b8acddefbe477b42f85c8181b3eff7e26b5216f4a601188f077c24d1dad7b0e691f9f4da76e9ffd2f79f3018b40845fb2f3c8f32eaf5ffbf899c181d8e2b4bcf9801520c22f717a7c3b8ffe01cf16859ba77f85e5d8a01888f0f7b5ec3e106eead03e3eb638bd387a53da74a0fc21c2fb297b8ebdac283c47682e7c809d210843845f2158d3d8d0f590f6f189c8c2c2c87579f381f28608bf5ad7c34f2b0ac78b3372f123799381f28608bf9a3f5cdbb4ab5ffbf8446421323d226f3e50c610e1d7eaec7f826bfce4b5b3926602e50d117ead60754355f336ede397c66fa5126bd2a603650b113e48fb431cb738150aeaf4cd8bf22603e50a113e48fdb63d6e5f50fbf8f9a1cfa4cd05ca16227c10c5666bd8d1ab7d7c3216892de13e43e08308b7d0b0a38f6bfcfc309663033e88700be1a60eb7bf42fb789cb5075e88700b8aa2d475eed63e3e155f4dc622f2e603e507116e8deb4405630c67ed810b22dc5a356f8433a39266026509116ecdedaff0876ab48f8fce8ec99b0c941f44a849655d8bf6c1e964229d4cc89b0c941944a849a0ba816b7c62655ed24ca0fc20424d82357c11c60d1061192c8b5a502df1203a44a849b0ca7c7bc2829aa79e42b154d5120fc042849a7882955c0b5e6caeafe9f9eb797ef55d6adef4118aed09b9eec63602934d978aa2d8b89642dc5c8fe9f8dbb91e1a755739ec0985de476c76bbee33910a116ac575f1dae67a5cc75f2d16a16afe08c5de476c0ea7ee33910a116ac515a19acfe9f80c43c108cdff4461b13f017bc2b2e5e079aa36632c9749ebf5abc522cca5537a4d804a96ff4f50141bbe13962d9b9def434e3e97d5ef578b4498d93477840555157823b339445e2b5ab4118a1cf4a3c2fb21873c42b3ef090576834cf4b5a24519a162e3f8b756a9cfdbf27edd57f58bd0e1720b6c95d1ef4b2909b108c55e2b5a941172ed5be82f9ee0bd0045bfddbcdb1710d84ac7234324c4e6cfb52690419046c8b327243febc57bc4df66d3ed7391c3e5b1f31f7657f339533fc354ec8207b1372c5aa6d913929ff5e2dd15eb7ba0dc25f4bf65ea755053f13581ad5cd813725178be43e7b3197933d1827757ccf58d774b629fb25289a88e732831b1c9e3e3281f3b4f84d9f4a6bc9968c17be258df3da16084f1551de7506249a1c923423e0eb747fb60f203eebcef023a47e817f9df4ac6ccbc27148b50e885a24519a1cbc37149b4d8016b1df19e3876b838de62b6e40fd50a6c9588d0df512546cde736d6960536e45a88c4202823747a7cda07939ff5ca6538f6848acda66f8481aa3a81ad122bf3267d847022b22070524ab1d911211fc29b830470ed8a9d6e8ef7172d0255f5025be53269937e228d2fcf096ce50f55eb7b3cac344cb3274c6fc408dfd40b854226b9ae7d3cd7fb8b169e40a5d8ae35be3cabef4c4a436c69824058e4ad8a1c69846eaff62bfdd47c9ef0d47326992814383e1d71bdbf6824f689343a37a1f7444a213a372eb095d84b448ef82e0a6f30a47d30e127abcd0dbe9b7475df1332d14fa4665c0e3c93da48ac2c086cc8bb289e411047e8abacd63e783dba286f260f964af01d2ee77a73d128dcd82eb0d57a7431cdf90e422e323d2cf6d543ec2522471e6195f6c1890859841bab7c87cb7d151c7f974655cddbc5365c991ed67726b2ad08edbd7d95d59e40a5ee932901f208cdb127e48e90e7efd2fc33ab3c8190c0860b2337f49e8b4405555d1a1f14d890f7b93dc661a608634b33540748d75797b8c67b25ec09196355cd9d025b2d4fde36d1ed14cb5382b3458482823cdfa4b39bc9f5285f0cba28a879cee3040ad7c76cedc4fecf0a6ade44cf0f9efbfc8ad886d52d885088b7a28aeb40e22ac501f7f8f23cd7d5dbfe50b5a445166adbbbc56e169e191cd07d32326437938b63229f45fde15ab1cfea4640bfd053456db3f6c191598247ffad2d4c728dafe0798413174f20146e6c13d830be3c6b8ac333139ffdafd832874dddfbf49e4be9d0475859dfaa7df0f2c4edd2afee1ee17cde20d773d4783576f5896d387ae9237d67a2bb5c6673f2da59b16d855f1623a08f3054cff12f9bcb6c46664a7af6b9a0e6239cfb90ca3a8e7d3baf86ae3eb17535a3b3e3067f7ae9e4d5b362f7ca54d436fbc322779918047d84e1a64eaeffaa8591ebf22673bfe8dc04d74d4c8aa2707dc0e6e5f605c48e9132c66e7e7cd2b04f8949c557472f9f12dbb6a9dbc4bb416684089d6e6fa881e313e9fcf055aebb8a8ab4307c8d6b7c455d8bec55f79a771d10db703dba3826fa8f2edb8d5327c45630516cb646337f21644688903156dbbe4bfbe07c36337bebb2bcc9dc4bcde7780feed7b6ef943499bb1abbf7095f1a323af03f62770949357df3e2cad490d8b68d5d7d26bd50e62e6344d8c1f78f3b71f54c6996215d18bdc1fb2da50411daecf68ebea362dbaaf9fce55fffcc505793aece4d0c9e3e29bcf9b6fdc7f49b0b0d43445851dbc4f5cca3642c32337849de7cee1abf729a6bbcd3e3e33ad82bacb5f7b0f09dfb9bebb181777f46be7add1dc958e4f26fde14fea65adbbe3358d3a8ef944acf101132a634efdacfb5c1f0c50f757cd8c3575a1abfc5fbc9adae6337d7037d85395c9eb6dec3c29bc797672f9efc67f26bd91291850b27fea99895c23bcdbf1b64868990b5f41ce21a9fde88df3ef35b4993618c15d4fcd0b9ffe6ddaa79b7e02113019dfb8f39dd5ee1cdd716a6cefffc1f086fd18cce8e9dfff94f8a59b5a4ba657b758be09d2586629408fda19a705307d72693d7ce4566645d403376e5934484efbe526f305ccacb175d5e7fd723cf14f31336d656cebefdb773b73fd56b4a1a155475e4d247174ffe4b3147b9159bbde7d8cbfa4d8a925122648cb572ee0c192b5c7def3f65ac6f9b589917b8bea479f781123fecad6def2315b54dc5fc84ec66f2eafb6f5dfef59b255b472bbe3c77f6edbf1b3eff7e910f17e9d8f7984917b3b89f81226ceceee7bd06379d5cbff4ce4ff57dfc5026b571f9376ff27ee1546cb6969e833a4e43d32f556c3dc75e2ebefca5f1c1d3fffed7373f3e29f5d9158995f94f7ffb1f67defa71f16b4f7902955d0f7f5397591981819ea868b3dbb71f7cf2e6c7bfe4da6a6375f9fc2ffef1e04baf7b83e1e2e7904da706defd3781bd6bd3cefdba4c8057b8b1bdb5f7e1e91b178afc396a3e3775fddcf4cd8b0d3b7a9bbafb6bdbbbf55a3b3097492f8d0fce7e7e65654a70d18afbf51c7bd9cef9f472233350848cb1969e43a303a7789f89b51e5d3cf7f6dff73fff5ab849f07aae3b36d76303effc2bef5741c698a2d8761c3a5eccaf2e46cf132fc516a77539055f50f3f34357e787ae3a3dbebace9eaaa68e7063873f5cc3bbb32d14d4c4cafceafc6474666c79f2737d8f6377f63f5ebfad47c71f484e79fe8d1f51cfe14ba66f5cb871ea84d0a64adbde47761e794eec04dac2c8f51ba74e887db26ddad9dff7ccab021bea25158f9e79ebc7929e14e0f4f80255f5be8ab03718f656849d6eafcde1b43b5c76a79315583e97c9e7b2f95c269b4a26e3d1546235155f4d4416249d870c37751cfef60f159b81be4615cf7011160a850bbff8c9ea3cdf2d7c7739dddeb6bd8fb6f71dd5feb0c8d5b989e18b1f082f0d6877381f7fedaf24ad67a1ddd2c4adcbefbe69d245ef3572fb02475ffd4baeeb3a4cc1701132c6d6a34b67defa1bb19b3bef50145bb8a9bdaeb327d4d01eacaebf7fdf98cba41391f9c8f4c8fcf0b522d78fda75f40f3bf73f51cc4fd0cbd895d352cf9dd2b23b5d87bef567265dd4f0c18cf59df08e4055dd8e43c787cebf2ffc130a05353a3b1e9dfd621567b72fe8f478ed4eb7cd66cf6536b3e9d4e67a5c979d46456d5347ff63c5ff1c5d6cdb7f4ccde7868b78dd0ccbee701e7cf1f5b22c90193342c6d8b6034f4666c7f45a3d3a9d4ca493095d7ed4bdec0ee7dea75e11bbc556921d879e2aa8eac8c50fa927a227bbc379e0c5d7cdbb98da960cf40f742fc566eb7ffe4f0cfe98abdea7fea8c873e532741d7e7a47199d43b33b5d075ef87e795c9ef6750c1a2163cce9f61e78e14ff57dca9f8eb61df886611717ea3afcf4be67bf570667d2fca19a237ffc17d5ad5dd41391cbb81132c6fce1da43dffa413197294bd2d8d5d7fde873d4b37890c6eebe475ff973190b81974c5dc7ee23df7d43ec3138e662e8081963a186f6c3dff9a1f6f30d25d0bcfb60dfb3af96e696a56204ab1b8e7cf78dfaedbdd413e1a6d8ecdd8f3c73e0c5ef1bf67390be8c788ae27ec958e4d2af7e9a8c45a827c2da1f3ad273eca5125fa85da4a5f15b839fbc938a9be391bdd52ddbf77ce3dba65e3d8d973922648ce532e9c1d3276745d7482f9edde9ea79e225defb1e0d229fcb8e0e9c1abf72ba98b3afb2b9fdc15d8fbd60d86fdaf29826c23be6873ebbf9f14949d7673d40b0a6b1ffb9d7ccfef69c8a47c73ffd64667040f6a204bc3c81caf6bea36dbd8fc85ea8ce984c1621632c93da181d383575fd5c69ded49d1edf8e43c7dbf61eb1d9f5b9ab805c76333975fddce4b5b3e9e43af55c58b0baa1b3ff89a69dfbf4ba69c38ccc17e11da9c4dac8c50fe76e7f2a2f4587cbddb6f7d1ed079f2ccbc3036a3eb7343eb830727d69e2f3d22ffae4f607ebb7f536763d54c6a7e0b5336b847764d3a9f9a1cf66062fc5968abd4ff45ea186f6d63d871abbfacae054db96d47c6e79f2f6c2c8f5c8f4888ceb8aeee50fd5d4b6ef6ad8b137d4d86efcc3cb2563ee08efda585d8ecc8c446646a3b363628b8839dddeaae66dd52ddb6bda771afc4a1d795289b5b585a9d8e2d4dac2747c65aef83da4cbebafa86d0e35b4851ada42f5ad4e8f4f977996993289f01e858db5c8c6da72722d928cad2463d16c3a95cf66f2b94c3e9b5155d5ee70395c2ebbc3e5707bbcc1b03f54e30b55fb43b581aa7abc37ff9eec66f2cefd81a9c45a2ab1964d27f3d9ac9acbfeff3d84594551ec0ea7cde1b23b1c7687cbee70ba7c016f30e40d863dc1903718b6e681165e06bd80bb088a3f5463d95d99be9c1e9fd3e393fa7c1b60c6bf6206a0ec2142006288108018220420860801882142006288108018220420860801882142006288108018220420860801882142006288108018220420860801882142006288108018220420860801882142006288108018220420860801882142006288108018220420860801882142006288108018220420860801882142006288108018220420860801882142006288108018220420860801882142006288108018220420860801882142006288108018220420860801882142006288108018220420860801882142006288108018220420860801882142006288108018220420860801882142006288108018220420860801882142006288108018220420860801882142006288108018220420860801882142006288108018220420860801882142006288108018220420f67fe774080150683ca30000000049454e44ae426082');

INSERT INTO issuers(issuer_id, did, name)
  VALUES('d99eec32-eb64-45de-9875-194da6eb2e86', 'did:atala:3cbae62aefa5e82147733b7f7383d3ba0fdc90bde48906c9a81c7689bff0ac69', 'University of წნორი');
INSERT INTO participants(id, tpe, did, name, logo)
  VALUES('d99eec32-eb64-45de-9875-194da6eb2e86', 'issuer', 'did:atala:3cbae62aefa5e82147733b7f7383d3ba0fdc90bde48906c9a81c7689bff0ac69', 'University of წნორი', E'\\x89504e470d0a1a0a0000000d494844520000012c0000012c0802000000f61f1922000019da49444154789cedddeb771ce57d07f099bd5fb5da5dad2e5edd6fc8b26c190b636103867009944b20250927ed2909a739cd494bf307f42fc89b9cd3a64ddaa60d90d286500a0483690c8e015fb125cbf245f7fb5dda5ded6a57abbdce4c5fe8d4756d4b9a6776669f99ddefe7f006f33c3b3f8bfd6a669e799e67d8a75ffb090300f4e868170050ec104200ca104200ca104200ca104200ca104200ca104200ca104200ca104200ca104200ca104200ca104200ca104200ca104200ca104200ca104200ca104200ca104200ca104200ca104200ca104200ca104200ca104200ca104200ca104200ca104200ca104200ca104200ca104200ca104200ca104200ca104200ca104200ca104200ca104200ca104200ca104200ca104200ca104200ca104200ca104200ca104200ca104200ca104200ca104200ca104200ca104200ca0cb40b902e9b4e25d7d752f1686a23c665d25c36c373598665f50693c5eeb4b9bc0e4f05ab53e4b70ccf71e185c9f5d5e56c3ac530c2362d0d264b5de711256a8082a1a5100a3c1f599a09ce8e4657e663a1c5442cb27d7bbdc1e8aeaaaf68da53d5badf68b6ca5203cf65272e7f3175e54c26b921a6bdc5e14208617b9a08a1109a1d9b1be859991acca653e2bb71d94c707634383b3a74e663ffeeaea6fbbe6671b872a923165aea3bfe6ff14830970f01b88daa4328f0fcfcf0e5f14b2737d65673f91c2e9b99b976617eb0b7f9d0130dfb1f92768d1a9a1debfdf84d2e93cea512803ba93784a1b9f11ba7de93f1b4c36533c3678faf4c0eecfffa77494f89abf3133dc75ee7b9ac5cc500dca4c6d1519ecbdef8fc838befff52890bbff0c2d4b9777e160b2e8aef120f077a3f7a13090485a82e8499e4c6c50f7e3973edfcf6a38eb948c56317feeb1fa38179318db96ce6f2f15f67d349858a01505708d389f8f9777f1e5e9852fa40d974f2d2effe55cc9976f0cb0fd7575794ae078a998a42c865d23dc75e8f8703f9395c3a11effde88ded4f71c19991d91b17f3530f142d1585f0c6e7efaf2dcfe6f388f170e0ea67ffb9d57fe5b299eba7decf673d509cd412c2a5b16bf34397f37fdce5f1eb5b9deb267a3f4f44737a340220862a42c86533035ffc8ed6d187cf1e4f6dc46efbc3e4fadae4e52fa8d403c54615219cea3b7d670cf226934a0c9df9f8b63f1cfdea532e9ba1520f141bfa0febb96c66b2efcb5c3ec1e6f27afc8d256555468bcd68b1198ca6747223bdb11e0d2e06a606779c62ca30ccc2f095fafd0fbacaab37ff75632d343fd49b4b4900e2d10fe1d2e8d54c2a21a1a3c164a9dddb5db7eff0b6d35f5e589d9f18f8f2c39d9ece0bc3e73eb9ff851f6cfecbd8c59302cf4b28094002fa219c1db824a1977f77d7ee879e13b336c2e36f3cf2f25f8f9cfffd44efe7db340bcd8e4596664a2b6b13b1f0c248df16add812df2e6f4d93cb576db4da8c666b706674f6fa0531275b80ad500e6126b911599c22eac2b26cdb83cfd4ef7f88a48bee9ec34fb32c3bde736a9b6613bda70e3cf3ca64dfe9bb9e062b9a3a5a0e3de1f456defa87aef2eac6aea32b9383d357cf8766c7949be503058c72088333238240f6c56dbeff71a204ded4fac0d743731391a5e9ad1aac4c0e4603f373779c99599daee3d16f56b71fbc6b2f96d55534eea968dc130f07a6af9d9f1fecc51c372042797434343f41d4dee36f6c3af898d4a3b17b1ef906cbb25bfd6741107a8ebd71e762a5ce275fde2a81b7b2bb7ded0f3fffb557ff66cf232f3a3c15528b84a243f94c180d2c10b5dffdd073dba46847253ebfa7ba39343bba5583543c7adb9ff8db0e54b5748a3f84de68aadddb5dbbb77b757e62faeab9b5953989b542d1a019424110d6434be2db7bfc8d25be5d391e74576be73621bc0dabd3dd73e48fa41dc8e36ff4f81b45ee8201c58ce6e568727d8de881784dc7a1dc0f5ad1d4c13062cfa5e50ded669b3397c3192db65cba4331a079264cc5d788da7b7635e47e50a3d96a73b945ee9751d5bc2ff723e668656a70ecab4f497bd5ec3924cbef2c8aae9f7a2f4a7e317fdff3af9aac0e25ea510ecd1026efb801db86c5e1ca719ba69b9cde2a9121745554cb72c45c6412f1b51551eb8f6fe5ab27f8d9aa533c1c90f017e7394e89621445f372349324982853e2f3cb755cbbdb27a699c164b6b93c721d14602b344348f44bcb64b5cb755c917b909aac0ef1778f0092d10d21c1a88cd16c91ebb8069359c6660039a21942a249d20699b6d06618466f14952e91cd0072a48af58462e874fa3c7f542eb30200c4d34c08010a15420840194208401942084019420840194208401942084059318650a717f59c50a7a7bf0b161483620ca1d1226a1aaa8cb35501b6518c21b4384ac4359367e514c0f68a31843697d7ea2cddb159596dabf2b5001465081986a96cdebb7d038bc3e5f1cbb0901f6047451ac2a6838f6dbf0942c7a3df64d922fde1409e15e9f7cc68b6763dfb67771d7a6175faf6879ff7d5b7e5bf2a284ec53b0a5f5a5977f8dbaf8d7e756261e4cae6ca4696657df56dcd071f7355d4d0ae0e8a48f1869061186b897bdf13df693ffa8d7838200882dded13b9f305808c8a3a849b0c260b4e7d405191de1302a807420840194208401942084019420840194208401942084019420840194208401942084019420840194208401942084019420840194208405921af27cca412c95824b11ec92437b86c86cf66757a83c164d61b4d06a3c96473da4bcbb0c32f5057505f4181e7c28bd3a1b9f1b595b968603e158f6ddf9e65598bd3ed70fb9c655565b5adeeaa7a919b7303c8a81042c865332b93038b23fdc1d9512e9316df511084447435115d0d4c0f4ff47eae37183dfec6ca967d552d9d7a8351b982016ea5ed10c6828b53fd671747fb89b2b7152e9b094c0f07a687874e7fe4dfdd55bbf7017b6959ee1f0bb03dad8630303d3cd17b6a757e52890fcfa4125357ce4cf79fad6e3fd8fac053782905284a7b210ccd8e8e5cf834b234adf481044198bd717171f46acba1c7eb3a8f602f6050889642188f04074f1f0b4c0de5f3a0d97472f0f447cb1303fb9ffaaed9e6cce7a1a14868e6b7fbc270df99fff8699e1378d3eafcc4d9b7ff36bca0c8d52f1439cd8430165ae2398e6201a978ecabf7ff7971e40ac51aa0206926846a20f07cff89df2e8e5ea55d08141484908c20f0fd277eb334768d7621503810426202cff79f787b6d658e76215020104229782edb77fcad4c72837621500810428912b170ffa7bf6518817621a0795a7a4e2892d1627378ca1d9e0aabc365b69798ac0ebdc1a0d31b1886cda413d954723d1c88aecc45966632a9442e070a4c0dcd5cbb50bbf701b92a87e2542021b4385cbeba7bdcbb1a3cbb1aac256e315d049e0b4c0fcf0df62e8fdf907c421b39fffbcae67d98d706b9d076082d0e97bfadaba2698fabbc9ab42fabd39737b49737b44703f343673e0ecd8d4b2820934a0c9ffb64ef632f49e80bb049a321642b1a77d7747497d5b6b22c9be36795f8fcf7bff883c9cb5f0e9fffefcdf76613991be8a9ede8765510ff1600d8a4b110eaf47a7f5b57c3bd0fdbdd3e593f986d3870b4a4bcbaf7d8eb5c3643d85718bbf459d7b3df93b51e28229a0921cbb255adfb5bbb9fb49678143a84b7bae9bee75fedf9f057a4395c991c5a5f5d76782a142a0c0a9b661e51341d7cacf3c997954be0268fbf71ef63df22ef274c5cfe52fe6aa03868268479db6fa2aab5b36edf61d25e0bc37dc9f53525ea8182a79910e653db83cfd85c64a75c81e71686fb14aa070a1b4278173abd61f7c3cf93f65ac02a27900421bcbbf2fadd65352d445d62c1c5586849a17aa08021845b6aec7a84b40bae48410284704bde9a6657b99fa8cbf2f875858a810286106e877472763c124cc4c20a1503850a21dc4e65f35ed297558466c7142a060a1542b81d83c952deb09ba84b707654a162a05021843ba86cde4bd43e343b8e95be400421dc41594d0bd1428d74623d1e0929570f141e847007468badc44736461a0d2c28540c1424847067de9a66a2f6d1c0bc42954041420877565a5143d43e165c54a812284808e1ce4857cde34c084410c29d591ca5669b437cfbd4c67a3a1157ae1e283008a1280e6f1551fb447455a14aa0f02084a2d84bbd44ed37a298bc06622184a290bebc1e3348413c8450147b29d9e66eb81c05f11042512cce52a2f6095c8e826808a128167b0951fb643caa502550781042518c169b4eaf17df3e93cce9553350541042b1cc36a7f8c699145e5d086221846299ac04cfebb94c9ae738e58a814282108a65309989dae3640822218462194c16a2f67899368884108a451ac26c3aa5502550601042b1482f47714f0822218462e90c64dbae093ccd100a82e6f7b991f0c2568d4208c56259b29f154f3784548f2e0b9ecfd22e214f1042b1743a8287f58c8c97a392de075e0017c3d2ce84a4bf2bd5407b15d3c2eac87e56729d8b48771f96f7e81449fb3d4234b149251042b158c23321dd10d2bd189685b41fa02e5f2f93951142289a40787524e932f24e1243c869fe864ada5f0167c242c613dea2480b8f5c9f934d697e067986fcafc0b23adc131632d27102d2819c2d3f475208d31a5fc621f0bc84d90ea48f91540221148bf42e4baeeba2e23c134a380d32f25d7de419422816e93801ab93e70b413a5367535ae33357a58550dacf8a3a84502c2e93266a2fd7999068cbd39bb43e7d5c5afd446b3ed5836608499fbcd1954d2789daeb651a2b37982c123e8ae7b29ade8038b91e91d04bda2f2cea68c640aea18bfcc8a4c84268b4d8e43ab449d2772b118bc85540fe25a21109bd4c381392227dfc4d17e99950c6104abbca4ac434bceda2b4e271394a7e6c92bb26eacb0288860af406a35c97a38ce4106a79db45695b982384c488ee09a94f864cc563e21b9bac76190f6db64bf96e6dac69f94c282d84927e50d4d13d13120ce2934e5891179749135d8eca782dca90efffbd2916d2ea6b12792e1b8f042474247d5b814ad00c21d1861174cf84a49bf9126dcdb62387a75c42af5870916134b9b437165a92b08e89d5e911426246b3557c632e9b51ae921d25d7d788da5b4bdc321edde1a990d02b9b4e69f48a341a5890d0cb5eead5d650df4d54434872cd46f7e9f3c65a88a8bdcd45f62ab5ed591c2ed26da63669f49dc1d2de37ee704bf955a5069a391366091fd3c92b1e26bb45b1cb1a4246ea15e9eac294bc65e4c7eac2a4845ed27e446a40f74c686518b18beea44d2694cb7a7885a8bdbc674246ea156968764cde32f2209d88c7824b123a3abc95b217931f541f51b03a9355ec1529ddf71c919e09650fa1bbaa4e42aff5d5e594d6de0f159a1d95369e24ed47a40694676f5a1ca5225b26d7d7688df565d349a2110eb3bd446f34c95b83c7df24ad63707654de4a94169474f6b6b9bc16874bf662f2837208c58f220a3c97da5857b498ad44966688f2ef2af7cb5e83cde511ff0beb564b63d7e5ae454102cfaf4c0e48e8e8f137ca5e4cded00ea19360287f234236442997c8d20c517b57458d126578fc0d127a05a68735b49c223023b15a84503a6b49a9f8c6b19094fbf5dc9186b054a9104af99e093cb738da2f7b310a5918ba2cada3b71a2194ca5642308041651e16cf6557e72788bab8caab95a8c457d72a7e30f95673033db217a3844c72637942cab5a8dded9376adae129443e82c2318569636912247a1d931a2c93a369757de89a337591ca5eeaa5a091da381794d0ccf4c5d39236d9bc35dadfbe5ae25af685f8e3adde21fd9afadcc91ee3191bb95a921a2f6de6a89c3986254b5744aeb387ee9a4bc95c82e9b4e4e5f3d27adafe41f8b4ad0df60c2595625b2a5c0f3a4b7673912047e79826c74d157bf5ba1621886a96ce994b6afe6eafc24e945759e4df79f93361fa3c4e7b7bba5ac32510ffa212c29db25be71606644b94aee72b8a961a265843abda1aca659b97acc3687b4315286616e7cfe816adf12938886c77b4f49ebbbab55dba741460d217455128c252e8fe7f5a9d7dcc025a2f61e7fa3ec8fe96fe36feb92d6717d757942ea175d69d74fbd27ed4683d5e9aa347e43c8a821845e92b9201b6ba1bc0dcf24a2e195a941a22ee5f56d0a15735355eb7ec95343c67bfe4065706b7bb3372e06a55ee054b5746a77a2cc4df44368b63b89aee967af7fa55c31b71aeff903d1d25256a7ab547e8440a7d7d7771e91d697e7b8de8fde50d56cd2f0c2d4c0171f48eede78e0a87cb550433f840cc378ab09eea3e6872f936e7c26412216991fea25ea525ebf3b3ffb5ed6741c92b6bc906198e4fa5acfb137f23fc87c571b6ba1de8fdf947ca7eaabbb47fca89e9aa9228465b52de21b7399f474ff59e58ad93478fa18e997a366cffd0a15731b83c952db714872f76860fee207bfa43e972d165afaeabd7fca65ad7643419c0619d584b095683c63e2f2178a7e879627064847802c0e57595dab42f5dca9e1c051a225d1b7892ccd5c78f7e71437bf589d9fb8f0ee2f48370db995b7ba49d147b2f9a48a10ea0dc68ac63de2db67d3a9a1b3c7152a26b5b17ee3f3f7497bd5741ccae79bf14c567b4bf793b97c423c123cf7cecf1686fbe42a492481e7c72e9dbcf8c1bfe4724fc1eaf4ed475f90af28ca541142867ce6d1fc608f128f2b788eeb3bfe6bd2a10ba3c52679b044b2dabddd253e8247ac77ca2437fa4fbcddfbd19bb99c918844030be7def9fbd10b2772dc3baf7eff83daddcce24e6a799f5b596d8bc96a27bac8bc76f25dbbdb276ddf87bb1204feda67ef8417a7493b36dcfbb0e49112c95856d77ef4850beffe22c7b5ce2b9303c19991eaf6838d5d8f589da5325577bb587071ece2c9a5f1ebb9afccb6385c2df73f2e4b552aa19610b23a7d4d4737d114c74c2a71e977bfea7ee987448b12b7c273d92bbfff8d84b3abc96acfff697093bbaaaea6e3fedc9fd9f05c76e6daf9d91b172b9b3b76b5deebab6b956befc06c3ab53239303f7439382371d38a3bb51f7d41e9191179a69610320c53b7eff0e4e52f88e6d127d723e7dff987aee7be97e3eaa14434dc7fe2edf0e29484be4d07bf46f13bd1fef0f36bcbb3b23c8217786e71a47f71a4df68b19537b47b76d5bbabeaedee32d2f55382c0c7828be1c5e9d5b989c0f490bc1bc636dcfb504563bb8c1fa806ecd3affd84760dffe7dac97749678a310ca337189b0f3dd1b0ff21092f3c14047e6ea067e8ccc7d2c6094a2b6bbb5ffa11cb4a59e627974474f5ecdb7fa7d06e74468bcde1a9b095b8ad4eb7b5c46d345b7506a3de60d21b8d8cc070d93497cd70d97426b1b1115d4dc4c2896838165a52e839a47b57fda117ff425bafb514435d218c4782a7fffda7d2eeda9ddecac6fb1ead6ade27f27f12cf651747af8e5f3a198f04251c8e61189dde70e4e51fab618460656ab0f7d89b1addf45e24b3cd71e4e51f9bed25b40b919fba42c830ccd0998f26fb4e4bee6eb6975434b4fbeadb4a7cbbee9c5528087c3c1c88061656a686025383d9742a97525b1f78aae9be4773f904194d5cfe6258b1c736d4e98da683dff873ed6e6ab83d15dd136e6abefff185e13ec91baba5e2d199eb1766ae5f6018c660b298ed4e83c9acd31bb2e954369d4cc563d2d66edfc95bd3a2aa898b8d078ef25c76f4c209da85c84f6f30def7dcf70b35818c0a43683059ee39f2ccd54f7f9bfb4765d3498566993a3ce5f73efd276abb39693ef898c0f363173fa35d889cf40663d773dfd7f4666a3b52d7d76893bfed809a178999acf6ae67bf9fcbac31e5b41c7aa2b9809ea1e98da6ae675f2998e9695b5163081986e978f49bea7cd79cc164e97af6159bcb43bb902db51c7a62ffd7bf5b004fd2eca56587bffd57de1a82c9fd1aa5d2101a4ce67b9ffe5383c94cbb90ffc76c7376fff10f4b2bd57e7352d5daf9c0b7fe52f6f761e45379fdeec3df794dc6e9506aa6d210320ce32cabbaefb957d5f31bdde6f276bff423ad2c60737a2b0f7fe7b58aa60eda85106375fad6ee27bb9e7b25ff33016951dd238adb84e6c67b8fbd4ef735bd0cc3f8eadbf63dfe2d795f829d1f2b9383035f7e98886ae395bddeeaa63d8fbca8f5ddd348a93d840cc3449666fa3e792b6f33fd6fa33718db1e7cb6766f3795a3cb82cb66c67b4e914e09cc33b3ddd9f6e0b35adfc6571a0d84906198d4c67adf276f8525bdc03517deeaa63d6a1d22229588ae4ef67d3937d043fdb2e2361687abaef3486d47b7da8600f2461b21641846e0f9a92ba7c72e9dcc719a8b48ae8aead6079e2a2bb8a1b94c7263e6daf9e9abe768bd67ee564e6f65c3bd0fefba67bf5c8b36344a3321dc948ac786cf1d5f18ee130485e649b2deeac6bace23442bfd3587e7b22b93034b63d756a686f2bfe993d9eeac68eca86ad957d88fe0c5d358083725a2abd357cfcf0d5c9271e980cde5f5b71df0efee926575a256f05c36303dbc34762d343b96da20d86b5c027b6999afaeadb2796f69551ddd75276aa3c9106ee2b299c0d460607a243833226dd8c66c737afc8d9bffa86131045d895824b234b3b63c13599a8d0617723f439aacf6129fbfb4b2b6b4b2b6b4a246a1975515000d87f056f17020165a8a8757d6c381442c924d27b94c9acba4789e37184d7aa3496f30e98d2693c56e73796ca5653697d7e6f22ab79b4301c8243736d707266291442c92496d70990c9fcdfcef1ac20ccbb27a83516730e90d06bdc1a437184d3687d5596a75ba2dce52abd35db4032da45437815b1abbdb576c0f979466b4d88c165b89cf4fbb90c2a7de19330045022104a00c2104a00c2104a00c2104a00c2104a00c2104a00c2104a00c2104a00c2104a00c2104a00c2104a00c2104a00c2104a00c2104a00c2104a00c2104a00c2104a00c2104a00c2104a00c2104a00c2104a00c2104a00c2104a00c2104a00c2104a00c2104a00c2104a00c2104a00c2104a00c2104a00c2104a00c2104a00c2104a00c2104a00c2104a00c2104a00c2104a00c2104a00c2104a00c2104a00c2104a00c2104a00c2104a00c2104a00c2104a00c2104a00c2104a00c2104a00c2104a00c2104a00c2104a00c2104a00c2104a00c2104a00c2104a00c2104a00c2104a00c2104a00c2104a00c2104a00c2104a00c2104a00c2104a00c2104a00c2104a00c2104a00c2104a00c2104a00c2104a00c2104a00c2104a00c2104a00c2104a00c2104a00c2104a00c2104a00c2104a00c2104a00c2104a0ec7f00fb8297063e70cb7d0000000049454e44ae426082');

INSERT INTO issuers(issuer_id, did, name)
  VALUES('8cbe9764-39f1-40ce-9d05-e9fd90a5fe43', 'did:atala:8894522a56c00d91b93aec3091ff35135c04b7aba2197352db7aaea62b72dc7d', 'University of ოზურგეთი');
INSERT INTO participants(id, tpe, did, name, logo)
  VALUES('8cbe9764-39f1-40ce-9d05-e9fd90a5fe43', 'issuer', 'did:atala:8894522a56c00d91b93aec3091ff35135c04b7aba2197352db7aaea62b72dc7d', 'University of ოზურგეთი', E'\\x89504e470d0a1a0a0000000d494844520000012c0000012c0802000000f61f192200001b4449444154789cedddf9731be77907f01737011024781314ef5bd44189922c59b22c27b6e52396e35cb613e768da99369dd4edb4fd2bd25f3a93b6e9246da771c74dec449195f8b6654bd62d4a9444f1be0f10bcc01b2401e2ec0f9cb00c2593fb2c76f12ce8efe7276bbc2ff008c27777f1ee7be89e79f5270200f8e8b90b00f8a243080198218400cc1042006608210033841080194208c00c2104608610023043080198218400cc1042006608210033841080194208c00c2104608610023043080198218400cc1042006608210033841080194208c00c2104608610023043080198218400cc1042006608210033841080194208c00c2104608610023043080198218400cc1042006608210033841080194208c00c2104608610023043080198218400cc1042006608210033841080194208c00c2104608610023043080198218400cc1042006608210033841080194208c00c2104608610023043080198218400cc1042006608210033841080194208c00c2104608610023043080198218400cc1042006608210033237701906426073b7a6f7c4c6d55b4eb70d1eec36ad49330ade7cf2c4c8e505b1d7cfecfcdd6d4cd8f41088126e45f9a9ff4505be5942ea8514c222dcd7a65fcc5a391c896c7e0761480194208c00c2104608610023043080198218400cc1042006608210033841080194208c00c2104608610023043080198218400cc1042006608210033841080194208c00c2104608610023043080198218400cc1042006608210033841080194208c00c2104608610023043080198218400cc1042006608210033841080194208c06c5b6d971df42f0516e7c3c1954868251c0ac6a211bdc16830992d36474a6abad96ae72e70556c657931e09b5ff1fba2e150241c36984c4693c560321bcd29b6b44c83c9cc5d2124547287d0ef9b9b1aee9e1d1b5a9a9d5c9af58656fc9b1c6c4ab1a5e5ecc8c82fce2ea976e617eb7489bb0b884622b3638353435d7313c30bded170706593835352d3ed1939a9997959859559851546b3256175028ba40ce1d2dc94bbedc6e440c7d2ac577aab506079dadd33edeee9bdf989d96a2fa86928daf5506a66ae7a750a2116bca3eeb61b63ddcd9b9f20d60b2cce0716e7a7ddbd43cd57747a4386ab38bf62cf8e9d078ce614554b052ec915c2d8447ffbd0bd6bd3ee5e2162f1bc50d0bf3478f7d2e0ddcbf915bb2b0f3fe1c8ca57aac435f313ee9e1b1f7b87bae27991583432e31998f10c745dfba0a0667f69fdb1d4cc3ca52a048d489a10ce8d0fb75ffcc3fc845bd1578d8df7b54cf4b795ec3d5a75e4a452377e41ff52d795f7463a9ae23c53ac170905ddad3746da1a8b761dae7ef829538a4da95706764910c2d08abfe3e2db9ecedb0a7ea7d78bc5a283cd972707dbf73df54a7a5e619caf36e5eeb9f7d19b2bcb3e456adb20168b0db75e1febbd57f3f0d345bb0fabf11690785a7f44b1e0f55c79e3a79e4e25af2a0fb43c3f73edf4cf3c1db7e27991be5be76f9efd2f9512b82614586e3d7fa6f9c35f47c22155df081243d357c291f69b6d17ce4623e1c4bc5d2c1ab977eeb781a5858a835f26b78dc5dace9f71b735aa51d8038d76dff54d8f377ce5fbb6f4ac84bd29a841bb57c2c1bb975b3e399db004aee9bef6617fd30562a358eb27a71399c055bee9f11b677ebe3c3f9de0f7056569348443cd573a2ebdcdf5ee5d57df2725aafde2db23f1ddc7ca16589cbf71e617fe8559967707456831849e8ea6f68b7fe0ada1fdb3b3b36383528e1cba776da8f98acae56c26b03877e3ad5f8402cb8c35403c3417c205ef68ebf933dc5588682472e7fdd7b7fc66cf8e0d755c623e5f0821fc0b33cd1fbda176df15a8445b210c070377de7f3df1bf031f6865c9d7fae966a7837030d0fce1af63d168c24ada8477a8abefe6a7dc55801cda0a61ebf9339aea6618ef6b19ef6df9bcffdb7ef16dbf4f433fc67a6e7c3c373ec45d059069e811c5b4bb77acbb399e5730184dcefce2f4dc426b7aa6c962d5eb0de1e04a3818589cf52ece4ccc4fb8653c58ebb8f44e4e69adc168da58ed489fbc878aa999b98e6c972333df6c4b359a2d7abd21140c04971717bc9eb9f161bf6f4ec66bae8ac5626d177e7ff4a557753a9dec1781c4d34a0863d148fbc5dfcb6e9e9653505a7f2cbf72ef26f38022e1d0d4708fa7b369b2bf2d1693faf329b0383770fbb3ca879ef8d36aa36d17de2255684bcf2adef3707ec52e6b5ae62687cd8e0dba5b1b47bbeec46272ee7217bc9e91b6460ca6492e5a09e1e0dd2b8b3393321a9a2cd69dc79f2ba83db0e5e9df6034e595d7e595d72dcd7abbaebe37d1df2ef12d06ee5c2ad97b74fd704d777ba3f4091c16bba3f691e75c557ba54c9eca709566b84acb1a1e6dbbf0d6ece8a0c4b758affbfa87f9557b4d16ab8cb6c04213bf0923e150ffed0b321a3ab25dc75efedb1d3b0f926ec0ec19390d5ff9c1bea7be2371c476381818b87371ed8f9170a8f7c63989ef5550b3fff82bff5850bd8f347dd191957ff86b7f55baef11e94dd604fd4bc32dd76434042e9a08e148fbada07f89da2a3db7f0c8377eb4f9dddd265cd5f547bef1d729a9e9520e1e6eb91e090557ff7ba4ad51e2e8d0aa2327eb4fbe2cefa2a4d3eb771e3f5575e4a48cb643cd5734d2c30c52f08730168b0edebdb8f5717fcaeecc3ef4d5bf88739eab23db75f8eb3f325b53b73c32b4e2f77436092162d1c8faabe2266a8e3d5b79e8f178ca1342541e7abcb49e7c3d5c595ef474de8ef3ad2161f84338d1d7b63c3f436aa23718f63dfd8a2273ea6ce999074ffdf0fececffb0dddbb268418eb6d91d28159bce74879c389f8cb1342d43ef295f4bc226aabc1bb971479774800fe107a3a9aa84daa8e3c959653a05401e9798535479fd9f2b0c59989f98991e17b5bffdc7264e5ef3cfebc12a50921844eafdff7d4b7f5065a17dae2cce4fce488523580aa9843180a2c7b87bb494d6ce95932eed03657527f34abb062cbc33aafbcbbe580529d5e5f7ff265bdc1a04c654208216ce95965fb8f535b8d75df55b006500f7308c77aefc5a21152939a63cf28fb15174208a1db79fc94105b74b1ce78fab77ca1c2ba438e6c974255fdbff2035fa22ed938d6734ffae35060c41cc2d1aebba4e3edceecbcf2dd6a54e2c876b9aaebe37c1183d154f5a78ff59562345b8af73c4c6a12589c9f1d1d50a31850166708c3c1c0dc186dac6349fd31f5c664551c782cce5728a86db0d8d394a8e5018af71ca1de02c4b9d61b24066708a747fa4883b3f406e38eda06f5ea7164bb325c25f1bc4209f1624562b13972cbea484da6ddbd2a15030a620da1bb87747c4e69adda0be016ed923fea323daf508d5f83ebb9aa6837cc0b5e8ff44587810b6708a788e76957d55e952a59935b5ea7d3cbfc4cf22b552f2fa7b496b453452c169b19e953af1e50045b0883fe45d222f63a9d2ebbb85abd7a56992cd6cc1d5b3fab78a0bcf25dca16733f83d124e551ca7a33e89bd13cb610ce4f7a48c7a7e5ee48cccc80dcd25a19adecce6cbb335bf162ee975554493a7ec13baa5225a014b610faa6c648c76715d2be7cb2651494c969e52a55ba9007a37e0ed4cf19128f2d840b5eda9530ce7e4be9d2725c3236a5c8d82127ba3238b2f248bd53a1157f3cb3f52101184348bb4d4acbd9a152251be874faf45cf28e144efa186bb974d471b3b8186a1c4f08a39130694127b3d52e71e29f22a8db8fe90d06bb3347a562ee473d1ff9a6c755aa0414c11342ffc22c6958a31afb076e821a42bb3347f6830d19d2884f2335b5241cdc8f2984c4af852d211d8f6ba8dbf72678e34e9b93b6030c16c9d738b62b21e9787b62371eb23a9ca4e35388c7c7c9964e3b25e14aa8713c215c5ea04da54ff0ee5f29a9e95b4e6b5acf9ac0dfab42088b2d95d47f1b40efa8b6f18490fab548f0a546a737586c5b2f3cb326919d467f7c47a7f48323e150d0bfa85a2d102f9e10ae10d756b3d81c2a55f2b9ef6827bca339f1e551ce114208198bd941c2f08430bc42dbc74bca8268ca223d103759d49ddb713fea59097329b48c2784c100e13b61b2585558cf62cb37258530d1cb5d53a70e87281f3824184f08493b5a9a52185674375a08eb291a131e42eab53744bcf580446208612c160d0757a41faff644de073218094b0c920e5604f533c1eda8963184301c5c21ed296b30918753c74fa7977a03acd3eb49cf3314411d621e5e09a85409c48f2184d46d1264cc69889f5e7208a51fa920ea95301aa1ad2b0989c41242da17c260d87a8d7ac549ef0a927ecd54905ec2bafdeb45898bbb422271fc26247e211239367addbb6a7ab35beae597fa99432225c195902784da46bdfc22845a862b6152d21b689f49342a67f36d480c9e4714a4e3497bdc7e41e874c42b213a66348ce1fb4d0d550c67f1fb503b5a7037a1650cff36d4adf6b0f3f3fda89f49e2c7fd6db00df68752ef62c0712524762aa07bfd7ed410eaf4891ed3b3c136e8198a46d5ba183084d060a23de38a84822a5592bca2e110e97829fb814b25ebe1cd36182d20ef4a28e5c7174308cdc4bde64301cc85db284819012f8430113ff34d507f4dacda0e574259e711293f04786e4749a3ae569611c28da89374cdcacd449117c26df09b42de7944cad8269e4e33b3957062c6d20cf7a386d09442db6a7b13324398fcbd6bf2fe0a1abd120ae29cd468248cd51936082efb48c72bb87fb0bc1086937f2e958ce9603a9d5ea3bf098510b6b44cd2f1a4e5babf08c8cbd5a56528f5d6f242485a4b41836251da24d8557a69134d7942684508e343fa408c660b7bc74cb25f09e5cd8a96f85925c79570696e4aa54a925138b842ba3fa79ef236276f7a27b53b576be48550e267c51342eabaf1d857683dd20ec742e955faa9ab2dae22ad2aa441f2ea97b8281e5308b3f2482348a9dbfa6e6fd4ad1d95dd4ec7684e91f1e83fd97bd7028b73325a493c61f184d06034917635092ccee141c51aead68e8e6c85f7b432cbba1826f55ea5fe853919ad24ae0acd36b89ebac9defcc4884a95249d8529e2feaad9b44d45b7246f4174bf8fd6a3ab29f28ad7f4eda8a06f7f3d3dd2a75225c9251a0993ae84568753f1ad326486309977685b9655bcc40f8a6d707d86ab9474fcf448af3a853c585661a5c45fad4a8e8d9660766c883474c349fc9ca5206dd4b166793e99af84f24228ed83620ba123db6534a7848352d7c3f44d8d8502cb0a3eefda5c56614556614562de8b64c6d34f3a9e7ab29342dedee0bee964ede28e46c24b73b41ee95576699bdbb2dd8eea74bacc1d65d28f8fc56253c33dead5932c663cb4dbf2acc272c56ba0ee64bcca3735465af4593b7cd3e332e631e9f406ad8750089153524b3a7ea2bf55a54a924568c53f3b3624fdf89454a71a5b79cb7bcd70702549ef48a9ddd1abecce2c89f3d75943584a0be1e460e736188c1f0fef5017e9949c5352ad461929a9e9f23608a13ee1d4087963455233a49eaa38436875d0ced39150f00b7e473ad9df463a3ea7a446a54ae4dd91ce8c0e2a5d4822cc8c0ec86825fd23625e842bbf6237e9f8d1ae3b2a55a27dd148d83bd42dfd7883c99cad6208e5dc914ebb13dac5ad88a07fc937352ea361aae4814acc217455d7938e9fe86ffbc2eef235d1df2ebd335908915b5aabdee313ea63de558b33132b4b0b8a17a3aa69778fbcfe24e91f1173085333f348231ba391f05877b37af56899a7b389747c7ee55e952a114264ee90f9fc66ca9d643f28a6645dbd6de959d2c748f0af09ebaade473a7ea4bd519d42342de85f9c1a26dc8b1acd166abf17892d3d3325d529a3e1786f327571c7a2d1c98176190d3377109e0cf187b070e741d2fad0f3931e5237fdf6e0e9b84dea177555d5ab3d9487f498778d77a82b89a653788765569b6421b4d81db9c473f6e0ddcb2a15a34db1586ca8e51aa94961dd21958a5943fa9ead894523633d49f38362b4f3b6bc86a43112fc21144214ed3a4c3a7ea2af35a9e7c55079073bfc9445655233f39cf9c5ead5b32aa7a45ade3ee123edb7142f460da1c0f244bf9c7b517b460ee95e5d1321cc2ea9b1a513966088c5a283772ea9578fd60c365f251d5fbce761952a592f25d599e19213f505af2729ba6706ef5e963738a480d8cda18910ea74bad2fa47484ddc6d375688cbfe25a9f949cf34e52b6bb2580b771e50af9ef55c55b4274c6bfa6e7ea26c258a0b070343f768e7be35d48f451321144214d61d325908ab4447c2a1fea6cfd4ab473bfa6e9e231d5fb8eb90c16456a9980df2abeae5ed1e39e319a04e0749b0a1e6abf29e48a7e5ecb067d066996825840693b978cf11521377ebf595e56dbee6856f7a7ca2bf43faf13abdbe64ef31f5ead9c0624b95d7472a8468bb7056b3bbc4f81766fb9acecb6b5b401c7f22b413422144e9bee3a45378241ceabdf1b17af568416fe339d2708d1d350d568753b5721ef48eb5326f7d176726fae57ed1d5d67afe8cbcbdc0747a3df5b9b7d05408cd567bc9dea3a426eeb6c6c5994995ea6137373e3cdedb22fd789d4e5f71e8cbead5f340aeea7db297cfe8bbf5a9bc5942aa72b73592c645ace7aaaa97f1696828844288f28613a48b612c16edbcf2ae7af5f0eabcf21ee9785775bd2d9db0869d22f4064369bdcc1be06824d2f4ce2f35359a747674b0fdb3b3b29b97379c90d14a5b2134a5d84af7d1ba49bd839db2cf5b5a36d1df364b9941a3d3eb2b1f7a42bd7a3651b4fbb0bce9854288c0e2fcadb77fa9917d6097e7a79bde7d4df62fd59c921a47b64b46436d85500851def098d94a5bd6b2fdb3df6fb3c9bed148b8f332ed0a5f54f790c4c514146734a714efa60db7586fc1eb693cfb1fec63d97cd3e337cefc3c9e95c2cb645d0685064368345baa8f9c2435599a9beabba5d19ff8f2f4dd3a4fdaf2c56032571ee6b90cae2a6b38417ac2b4c1dcf8f0f5d33f635cfc62c6d37ffdf4bf0716e765bf423c2b83692e844288c25d87a87346fb9b2e6c9b4d6396e7a7fb9b2e909a94ed7f54de5aa04a315bed55c453e7064b7353577ff32f899fb41d8b467b6f7ed278f63f49733537d0e90d75275e90dd5c8b21d4e9f4758f3e4f6a128d845b3e391d8b25e5625e1bb49d7f8b74779d929a2eaf3f4059c57b8ea4e5c4b5d47728b0dcfcd11b4defbc16cf158964c13b7af537ffda73fd23795b61af29ddf788bcf53e566931844288aca24aea00bcd9d1816d30bbc2ddd6481d5759fbc873091b22b3099d4e5f77e2057943bad79b1c68ffec7ffea9edc25955c7e8fba6c6eebcf7fa95377e1affda5329a9e955f17589b12dfebba5dae3a7bc435da4a143ddd73ec829a989e79cc4cbef9bedbcfc0ea949566185ab4ac519f42419ae92a2dd0fb95b6fc4f93ad14878b8e59abbad31bf727741f5fe9c926a896b076e291c5c991c68f774de9e1a96b968c5fdea4ebc10e74950bb21b4d852ab8f3edd76fe2de94da291f0bd736f3efccd1f9366096b46ace5dc6f497b32eb0d86ba135f55af2019ea1e7d7e7ec2adc823f8583432d6dd3cd6dd6c4ab1e596d565169466b84aed19d9d48b6d2c16f54d8dcd8e0dcd8cf47b873a23e150fcb5ad29db7f3cafbc2ece17d16e088510c5bb0f8f75379346face4f8c745ffba0e6d8b3ea55a592813b97a99bde541cfcb21a6bfbc6436f30363cfbbd2b6ffc54c1f5b84281654fc72d4fc72d218429c5969a99674bcbb03a32ac6919268b556f34198c6683c9246222120e46c2a1483818f22f2f2fccf87db3fe8559dff4b84acf21330a4a6b8e2af04dd3740885d0ed7de25b977ef5cfa40fb1fff6c5ccc20af596dc54c3fc84bbebeafba4268eacfcf2035f52a99e7858d332f79e7ca9e9edd7d458f43e14589e1d1d200d635089c596baffe95714b9e7d2fa6d9b352db3967c598bddfbf8cd95a5a4996d180e06ee7cf02b52079d4ea7dbf3f837f506657e29292eb77467cdb167b8ab5091c164deffecf72df634455e4deb21144214ef39925d4c5bce3de85fbafbe1ffcad8c48345cbb9d3a4d52b8410650d27d2f38a54aa4711e50d27e27c72a85906a3e9e0a91fca5b79f58192208442e8f63ef922752cdb8c67a083d8d3c8a2efd6f9f13ec2540921445a4e41d5e124f87e571e7a9c6b38ab7a0c46d381533f94b7c8d5e7498a100a8bcdb1f7c917a9dd6243cd57567fcd6b9677b0b3e7fa87a4267a83b1fee4cb9abd11dda0eaf093db29870693f9c0733f507ce3cae408a11022a7a4a66cff716aabd6f36f6976b3fba5b9a9bb1ffe9a3acaa7f6d8b35aeb11dd5cd5e127f73df51d2d0c278893dd997df4c5bfc92aaa52fc9593268442889aa34f53f79d8d46c24deffe32b038a74a41710805969bdefe6fea78c5bcf2ba12b993f718b9aaeb1ffed68f133fd75141b9a53b8fbef4aa4aa7bf640aa14e6fd8ffcc77a9239557967cb7fe40febaab2a1a0937bdf31a75c4b9352d63cf132faa5492da1c59f9475f7a358fb8099716e8f486ea23270f9cfa81ec39935b4aa6100a212c76c7fe67c80f677cd3e377de7b5d339da5b1e68fde9c1d1b24b5d11b0cfb9ffe6e3cd385d8992cd68667bf77e0b93fb3a611d698e595555871fc3b7f5f71e8f1f8c7c46e22c9422884c82828dbf9c873d45653ee9ed64f7fa7463d541d97de1defbd476db5f3f8a9f4bc4235ea49b0dcb29dc75ff9878a438feb0d9a1e2862b13bea9ffaf6435ffb4beafa853268fa83f83c25f5c77c3313d481c2231db74c563bfdd1bf927a1bcf0dde25af1d5e587728318b6a2786c168aa3e72b2a8eee0c09d8b23edb7941dcc19bf94d4f492fa63c5bb8f18cd96c4bc6352865008b1ebc40bcbf3d3d49d5f076e7f664eb1951f784c9da2b63078f7720f7d8d46677ef1aec7bea6463dbcac699975275ea83a7c72b8e5dad0bdab5a5842d691955fb6ffd1829a7d4a4dda9048f7ccab3f49e4fb2928b4e2bff6db7f5b9af5521beefed2d78be25813459e91f69b2d9ffc8e3a9cd262771c7be9ef2c76ce59f309108d842707dac77b5b26073b13bfe893c5eec82bdfedaadaabec2378e99238844288483824a3db53a7d39bad7635ea8138452361ef50d7786fcbb4bb57edbd46ecceec9c92dafcca3d4e57894ea762bfcb9692f5767495c168527b2b4c4824bdc19857be2baf7c9710c2ef9b9b1b1f9e9f189e1b772f4c8dc67f85345bed69393b9cf9c5cefc62675e9129c5a644c90a48ee10c236667538ad0ee7daba01a1c0f2eafc40bf6fceef9b0bad2c4742a16838f4c73984219d4e67309af446b3c1683418cd06a3c96c4bb53a9c5647468ac369756424aca3850a2184e4604ab199526c69393bb80b515ef23d2704d8661042006608210033841080194208c00c2104608610023043080198218400cc1042006608210033841080194208c00c2104608610023043080198218400cc1042006608210033841080194208c00c2104608610023043080198218400cc1042006608210033841080194208c00c2104608610023043080198218400cc1042006608210033841080194208c00c2104608610023043080198218400cc1042006608210033841080194208c00c2104608610023043080198218400cc1042006608210033841080194208c00c2104608610023043080198218400cc1042006608210033841080194208c00c2104608610023043080198218400cc1042006608210033841080194208c00c2104608610023043080198218400cc1042006608210033841080194208c00c2104608610023043080198fd1f7760c29e6cc0f2ae0000000049454e44ae426082');

INSERT INTO issuers(issuer_id, did, name)
  VALUES('e0e16680-d0ef-4c1d-a8d3-21a3402bd221', 'did:atala:4d607c35391ffbed33da40e2b09850db4114b04ce3807d822a623a1d35a7df0d', 'University of წალენჯიხა');
INSERT INTO participants(id, tpe, did, name, logo)
  VALUES('e0e16680-d0ef-4c1d-a8d3-21a3402bd221', 'issuer', 'did:atala:4d607c35391ffbed33da40e2b09850db4114b04ce3807d822a623a1d35a7df0d', 'University of წალენჯიხა', E'\\x89504e470d0a1a0a0000000d494844520000012c0000012c0802000000f61f1922000019da49444154789cedddeb771ce57d07f099bd5fb5da5dad2e5edd6fc8b26c190b636103867009944b20250927ed2909a739cd494bf307f42fc89b9cd3a64ddaa60d90d286500a0483690c8e015fb125cbf245f7fb5dda5ded6a57abbdce4c5fe8d4756d4b9a6776669f99ddefe7f006f33c3b3f8bfd6a669e799e67d8a75ffb090300f4e868170050ec104200ca104200ca104200ca104200ca104200ca104200ca104200ca104200ca104200ca104200ca104200ca104200ca104200ca104200ca104200ca104200ca104200ca104200ca104200ca104200ca104200ca104200ca104200ca104200ca104200ca104200ca104200ca104200ca104200ca104200ca104200ca104200ca104200ca104200ca104200ca104200ca104200ca104200ca104200ca104200ca104200ca104200ca104200ca104200ca104200ca104200ca0cb40b902e9b4e25d7d752f1686a23c665d25c36c373598665f50693c5eeb4b9bc0e4f05ab53e4b70ccf71e185c9f5d5e56c3ac530c2362d0d264b5de711256a8082a1a5100a3c1f599a09ce8e4657e663a1c5442cb27d7bbdc1e8aeaaaf68da53d5badf68b6ca5203cf65272e7f3175e54c26b921a6bdc5e14208617b9a08a1109a1d9b1be859991acca653e2bb71d94c707634383b3a74e663ffeeaea6fbbe6671b872a923165aea3bfe6ff14830970f01b88daa4328f0fcfcf0e5f14b2737d65673f91c2e9b99b976617eb0b7f9d0130dfb1f92768d1a9a1debfdf84d2e93cea512803ba93784a1b9f11ba7de93f1b4c36533c3678faf4c0eecfffa77494f89abf3133dc75ee7b9ac5cc500dca4c6d1519ecbdef8fc838befff52890bbff0c2d4b9777e160b2e8aef120f077a3f7a13090485a82e8499e4c6c50f7e3973edfcf6a38eb948c56317feeb1fa38179318db96ce6f2f15f67d349858a01505708d389f8f9777f1e5e9852fa40d974f2d2effe55cc9976f0cb0fd7575794ae078a998a42c865d23dc75e8f8703f9395c3a11effde88ded4f71c19991d91b17f3530f142d1585f0c6e7efaf2dcfe6f388f170e0ea67ffb9d57fe5b299eba7decf673d509cd412c2a5b16bf34397f37fdce5f1eb5b9deb267a3f4f44737a340220862a42c86533035ffc8ed6d187cf1e4f6dc46efbc3e4fadae4e52fa8d403c54615219cea3b7d670cf226934a0c9df9f8b63f1cfdea532e9ba1520f141bfa0febb96c66b2efcb5c3ec1e6f27afc8d256555468bcd68b1198ca6747223bdb11e0d2e06a606779c62ca30ccc2f095fafd0fbacaab37ff75632d343fd49b4b4900e2d10fe1d2e8d54c2a21a1a3c164a9dddb5db7eff0b6d35f5e589d9f18f8f2c39d9ece0bc3e73eb9ff851f6cfecbd8c59302cf4b28094002fa219c1db824a1977f77d7ee879e13b336c2e36f3cf2f25f8f9cfffd44efe7db340bcd8e4596664a2b6b13b1f0c248df16add812df2e6f4d93cb576db4da8c666b706674f6fa0531275b80ad500e6126b911599c22eac2b26cdb83cfd4ef7f88a48bee9ec34fb32c3bde736a9b6613bda70e3cf3ca64dfe9bb9e062b9a3a5a0e3de1f456defa87aef2eac6aea32b9383d357cf8766c7949be503058c72088333238240f6c56dbeff71a204ded4fac0d743731391a5e9ad1aac4c0e4603f373779c99599daee3d16f56b71fbc6b2f96d55534eea968dc130f07a6af9d9f1fecc51c372042797434343f41d4dee36f6c3af898d4a3b17b1ef906cbb25bfd6741107a8ebd71e762a5ce275fde2a81b7b2bb7ded0f3fffb557ff66cf232f3a3c15528b84a243f94c180d2c10b5dffdd073dba46847253ebfa7ba39343bba5583543c7adb9ff8db0e54b5748a3f84de68aadddb5dbbb77b757e62faeab9b5953989b542d1a019424110d6434be2db7bfc8d25be5d391e74576be73621bc0dabd3dd73e48fa41dc8e36ff4f81b45ee8201c58ce6e568727d8de881784dc7a1dc0f5ad1d4c13062cfa5e50ded669b3397c3192db65cba4331a079264cc5d788da7b7635e47e50a3d96a73b945ee9751d5bc2ff723e668656a70ecab4f497bd5ec3924cbef2c8aae9f7a2f4a7e317fdff3af9aac0e25ea510ecd1026efb801db86c5e1ca719ba69b9cde2a9121745554cb72c45c6412f1b51551eb8f6fe5ab27f8d9aa533c1c90f017e7394e89621445f372349324982853e2f3cb755cbbdb27a699c164b6b93c721d14602b344348f44bcb64b5cb755c917b909aac0ef1778f0092d10d21c1a88cd16c91ebb8069359c6660039a21942a249d20699b6d06618466f14952e91cd0072a48af58462e874fa3c7f542eb30200c4d34c08010a15420840194208401942084019420840194208401942084059318650a717f59c50a7a7bf0b161483620ca1d1226a1aaa8cb35501b6518c21b4384ac4359367e514c0f68a31843697d7ea2cddb159596dabf2b5001465081986a96cdebb7d038bc3e5f1cbb0901f6047451ac2a6838f6dbf0942c7a3df64d922fde1409e15e9f7cc68b6763dfb67771d7a6175faf6879ff7d5b7e5bf2a284ec53b0a5f5a5977f8dbaf8d7e756261e4cae6ca4696657df56dcd071f7355d4d0ae0e8a48f1869061186b897bdf13df693ffa8d7838200882dded13b9f305808c8a3a849b0c260b4e7d405191de1302a807420840194208401942084019420840194208401942084019420840194208401942084019420840194208401942084019420840194208405921af27cca412c95824b11ec92437b86c86cf66757a83c164d61b4d06a3c96473da4bcbb0c32f5057505f4181e7c28bd3a1b9f1b595b968603e158f6ddf9e65598bd3ed70fb9c655565b5adeeaa7a919b7303c8a81042c865332b93038b23fdc1d9512e9316df511084447435115d0d4c0f4ff47eae37183dfec6ca967d552d9d7a8351b982016ea5ed10c6828b53fd671747fb89b2b7152e9b094c0f07a687874e7fe4dfdd55bbf7017b6959ee1f0bb03dad8630303d3cd17b6a757e52890fcfa4125357ce4cf79fad6e3fd8fac053782905284a7b210ccd8e8e5cf834b234adf481044198bd717171f46acba1c7eb3a8f602f6050889642188f04074f1f0b4c0de5f3a0d97472f0f447cb1303fb9ffaaed9e6cce7a1a14868e6b7fbc270df99fff8699e1378d3eafcc4d9b7ff36bca0c8d52f1439cd8430165ae2398e6201a978ecabf7ff7971e40ac51aa0206926846a20f07cff89df2e8e5ea55d08141484908c20f0fd277eb334768d7621503810426202cff79f787b6d658e76215020104229782edb77fcad4c72837621500810428912b170ffa7bf6518817621a0795a7a4e2892d1627378ca1d9e0aabc365b69798ac0ebdc1a0d31b1886cda413d954723d1c88aecc45966632a9442e070a4c0dcd5cbb50bbf701b92a87e2542021b4385cbeba7bdcbb1a3cbb1aac256e315d049e0b4c0fcf0df62e8fdf907c421b39fffbcae67d98d706b9d076082d0e97bfadaba2698fabbc9ab42fabd39737b49737b44703f343673e0ecd8d4b2820934a0c9ffb64ef632f49e80bb049a321642b1a77d7747497d5b6b22c9be36795f8fcf7bff883c9cb5f0e9fffefcdf76613991be8a9ede8765510ff1600d8a4b110eaf47a7f5b57c3bd0fdbdd3e593f986d3870b4a4bcbaf7d8eb5c3643d85718bbf459d7b3df93b51e28229a0921cbb255adfb5bbb9fb49678143a84b7bae9bee75fedf9f057a4395c991c5a5f5d76782a142a0c0a9b661e51341d7cacf3c997954be0268fbf71ef63df22ef274c5cfe52fe6aa03868268479db6fa2aab5b36edf61d25e0bc37dc9f53525ea8182a79910e653db83cfd85c64a75c81e71686fb14aa070a1b4278173abd61f7c3cf93f65ac02a27900421bcbbf2fadd65352d445d62c1c5586849a17aa08021845b6aec7a84b40bae48410284704bde9a6657b99fa8cbf2f875858a810286106e877472763c124cc4c20a1503850a21dc4e65f35ed297558466c7142a060a1542b81d83c952deb09ba84b707654a162a05021843ba86cde4bd43e343b8e95be400421dc41594d0bd1428d74623d1e0929570f141e847007468badc44736461a0d2c28540c1424847067de9a66a2f6d1c0bc42954041420877565a5143d43e165c54a812284808e1ce4857cde34c084410c29d591ca5669b437cfbd4c67a3a1157ae1e283008a1280e6f1551fb447455a14aa0f02084a2d84bbd44ed37a298bc06622184a290bebc1e3348413c8450147b29d9e66eb81c05f11042512cce52a2f6095c8e826808a128167b0951fb643caa502550781042518c169b4eaf17df3e93cce9553350541042b1cc36a7f8c699145e5d086221846299ac04cfebb94c9ae738e58a814282108a65309989dae3640822218462194c16a2f67899368884108a451ac26c3aa5502550601042b1482f47714f0822218462e90c64dbae093ccd100a82e6f7b991f0c2568d4208c56259b29f154f3784548f2e0b9ecfd22e214f1042b1743a8287f58c8c97a392de075e0017c3d2ce84a4bf2bd5407b15d3c2eac87e56729d8b48771f96f7e81449fb3d4234b149251042b158c23321dd10d2bd189685b41fa02e5f2f93951142289a40787524e932f24e1243c869fe864ada5f0167c242c613dea2480b8f5c9f934d697e067986fcafc0b23adc131632d27102d2819c2d3f475208d31a5fc621f0bc84d90ea48f91540221148bf42e4baeeba2e23c134a380d32f25d7de419422816e93801ab93e70b413a5367535ae33357a58550dacf8a3a84502c2e93266a2fd7999068cbd39bb43e7d5c5afd446b3ed5836608499fbcd1954d2789daeb651a2b37982c123e8ae7b29ade8038b91e91d04bda2f2cea68c640aea18bfcc8a4c84268b4d8e43ab449d2772b118bc85540fe25a21109bd4c381392227dfc4d17e99950c6104abbca4ac434bceda2b4e271394a7e6c92bb26eacb0288860af406a35c97a38ce4106a79db45695b982384c488ee09a94f864cc563e21b9bac76190f6db64bf96e6dac69f94c282d84927e50d4d13d13120ce2934e5891179749135d8eca782dca90efffbd2916d2ea6b12792e1b8f042474247d5b814ad00c21d1861174cf84a49bf9126dcdb62387a75c42af5870916134b9b437165a92b08e89d5e911426246b3557c632e9b51ae921d25d7d788da5b4bdc321edde1a990d02b9b4e69f48a341a5890d0cb5eead5d650df4d54434872cd46f7e9f3c65a88a8bdcd45f62ab5ed591c2ed26da63669f49dc1d2de37ee704bf955a5069a391366091fd3c92b1e26bb45b1cb1a4246ea15e9eac294bc65e4c7eac2a4845ed27e446a40f74c686518b18beea44d2694cb7a7885a8bdbc674246ea156968764cde32f2209d88c7824b123a3abc95b217931f541f51b03a9355ec1529ddf71c919e09650fa1bbaa4e42aff5d5e594d6de0f159a1d95369e24ed47a40694676f5a1ca5225b26d7d7688df565d349a2110eb3bd446f34c95b83c7df24ad63707654de4a94169474f6b6b9bc16874bf662f2837208c58f220a3c97da5857b498ad44966688f2ef2af7cb5e83cde511ff0beb564b63d7e5ae454102cfaf4c0e48e8e8f137ca5e4cded00ea19360287f234236442997c8d20c517b57458d126578fc0d127a05a68735b49c223023b15a84503a6b49a9f8c6b19094fbf5dc9186b054a9104af99e093cb738da2f7b310a5918ba2cada3b71a2194ca5642308041651e16cf6557e72788bab8caab95a8c457d72a7e30f95673033db217a3844c72637942cab5a8dded9376adae129443e82c2318569636912247a1d931a2c93a369757de89a337591ca5eeaa5a091da381794d0ccf4c5d39236d9bc35dadfbe5ae25af685f8e3adde21fd9afadcc91ee3191bb95a921a2f6de6a89c3986254b5744aeb387ee9a4bc95c82e9b4e4e5f3d27adafe41f8b4ad0df60c2595625b2a5c0f3a4b7673912047e79826c74d157bf5ba1621886a96ce994b6afe6eafc24e945759e4df79f93361fa3c4e7b7bba5ac32510ffa212c29db25be71606644b94aee72b8a961a265843abda1aca659b97acc3687b4315286616e7cfe816adf12938886c77b4f49ebbbab55dba741460d217455128c252e8fe7f5a9d7dcc025a2f61e7fa3ec8fe96fe36feb92d6717d757942ea175d69d74fbd27ed4683d5e9aa347e43c8a821845e92b9201b6ba1bc0dcf24a2e195a941a22ee5f56d0a15735355eb7ec95343c67bfe4065706b7bb3372e06a55ee054b5746a77a2cc4df44368b63b89aee967af7fa55c31b71aeff903d1d25256a7ab547e8440a7d7d7771e91d697e7b8de8fde50d56cd2f0c2d4c0171f48eede78e0a87cb550433f840cc378ab09eea3e6872f936e7c26412216991fea25ea525ebf3b3ffb5ed6741c92b6bc906198e4fa5acfb137f23fc87c571b6ba1de8fdf947ca7eaabbb47fca89e9aa9228465b52de21b7399f474ff59e58ad93478fa18e997a366cffd0a15731b83c952db714872f76860fee207bfa43e972d165afaeabd7fca65ad7643419c0619d584b095683c63e2f2178a7e879627064847802c0e57595dab42f5dca9e1c051a225d1b7892ccd5c78f7e71437bf589d9fb8f0ee2f48370db995b7ba49d147b2f9a48a10ea0dc68ac63de2db67d3a9a1b3c7152a26b5b17ee3f3f7497bd5741ccae79bf14c567b4bf793b97c423c123cf7cecf1686fbe42a492481e7c72e9dbcf8c1bfe4724fc1eaf4ed475f90af28ca541142867ce6d1fc608f128f2b788eeb3bfe6bd2a10ba3c52679b044b2dabddd253e8247ac77ca2437fa4fbcddfbd19bb99c918844030be7def9fbd10b2772dc3baf7eff83daddcce24e6a799f5b596d8bc96a27bac8bc76f25dbbdb276ddf87bb1204feda67ef8417a7493b36dcfbb0e49112c95856d77ef4850beffe22c7b5ce2b9303c19991eaf6838d5d8f589da5325577bb587071ece2c9a5f1ebb9afccb6385c2df73f2e4b552aa19610b23a7d4d4737d114c74c2a71e977bfea7ee987448b12b7c273d92bbfff8d84b3abc96acfff697093bbaaaea6e3fedc9fd9f05c76e6daf9d91b172b9b3b76b5deebab6b956befc06c3ab53239303f7439382371d38a3bb51f7d41e9191179a69610320c53b7eff0e4e52f88e6d127d723e7dff987aee7be97e3eaa14434dc7fe2edf0e29484be4d07bf46f13bd1fef0f36bcbb3b23c8217786e71a47f71a4df68b19537b47b76d5bbabeaedee32d2f55382c0c7828be1c5e9d5b989c0f490bc1bc636dcfb504563bb8c1fa806ecd3affd84760dffe7dac97749678a310ca337189b0f3dd1b0ff21092f3c14047e6ea067e8ccc7d2c6094a2b6bbb5ffa11cb4a59e627974474f5ecdb7fa7d06e74468bcde1a9b095b8ad4eb7b5c46d345b7506a3de60d21b8d8cc070d93497cd70d97426b1b1115d4dc4c2896838165a52e839a47b57fda117ff425bafb514435d218c4782a7fffda7d2eeda9ddecac6fb1ead6ade27f27f12cf651747af8e5f3a198f04251c8e61189dde70e4e51fab618460656ab0f7d89b1addf45e24b3cd71e4e51f9bed25b40b919fba42c830ccd0998f26fb4e4bee6eb6975434b4fbeadb4a7cbbee9c5528087c3c1c88061656a686025383d9742a97525b1f78aae9be4773f904194d5cfe6258b1c736d4e98da683dff873ed6e6ab83d15dd136e6abefff185e13ec91baba5e2d199eb1766ae5f6018c660b298ed4e83c9acd31bb2e954369d4cc563d2d66edfc95bd3a2aa898b8d078ef25c76f4c209da85c84f6f30def7dcf70b35818c0a43683059ee39f2ccd54f7f9bfb4765d3498566993a3ce5f73efd276abb39693ef898c0f363173fa35d889cf40663d773dfd7f4666a3b52d7d76893bfed809a178999acf6ae67bf9fcbac31e5b41c7aa2b9809ea1e98da6ae675f2998e9695b5163081986e978f49bea7cd79cc164e97af6159bcb43bb902db51c7a62ffd7bf5b004fd2eca56587bffd57de1a82c9fd1aa5d2101a4ce67b9ffe5383c94cbb90ffc76c7376fff10f4b2bd57e7352d5daf9c0b7fe52f6f761e45379fdeec3df794dc6e9506aa6d210320ce32cabbaefb957d5f31bdde6f276bff423ad2c60737a2b0f7fe7b58aa60eda85106375fad6ee27bb9e7b25ff33016951dd238adb84e6c67b8fbd4ef735bd0cc3f8eadbf63dfe2d795f829d1f2b9383035f7e98886ae395bddeeaa63d8fbca8f5ddd348a93d840cc3449666fa3e792b6f33fd6fa33718db1e7cb6766f3795a3cb82cb66c67b4e914e09cc33b3ddd9f6e0b35adfc6571a0d84906198d4c67adf276f8525bdc03517deeaa63d6a1d22229588ae4ef67d3937d043fdb2e2361687abaef3486d47b7da8600f2461b21641846e0f9a92ba7c72e9dcc719a8b48ae8aead6079e2a2bb8a1b94c7263e6daf9e9abe768bd67ee564e6f65c3bd0fefba67bf5c8b36344a3321dc948ac786cf1d5f18ee130485e649b2deeac6bace23442bfd3587e7b22b93034b63d756a686f2bfe993d9eeac68eca86ad957d88fe0c5d358083725a2abd357cfcf0d5c9271e980cde5f5b71df0efee926575a256f05c36303dbc34762d343b96da20d86b5c027b6999afaeadb2796f69551ddd75276aa3c9106ee2b299c0d460607a243833226dd8c66c737afc8d9bffa86131045d895824b234b3b63c13599a8d0617723f439aacf6129fbfb4b2b6b4b2b6b4a246a1975515000d87f056f17020165a8a8757d6c381442c924d27b94c9acba4789e37184d7aa3496f30e98d2693c56e73796ca5653697d7e6f22ab79b4301c8243736d707266291442c92496d70990c9fcdfcef1ac20ccbb27a83516730e90d06bdc1a437184d3687d5596a75ba2dce52abd35db4032da45437815b1abbdb576c0f979466b4d88c165b89cf4fbb90c2a7de19330045022104a00c2104a00c2104a00c2104a00c2104a00c2104a00c2104a00c2104a00c2104a00c2104a00c2104a00c2104a00c2104a00c2104a00c2104a00c2104a00c2104a00c2104a00c2104a00c2104a00c2104a00c2104a00c2104a00c2104a00c2104a00c2104a00c2104a00c2104a00c2104a00c2104a00c2104a00c2104a00c2104a00c2104a00c2104a00c2104a00c2104a00c2104a00c2104a00c2104a00c2104a00c2104a00c2104a00c2104a00c2104a00c2104a00c2104a00c2104a00c2104a00c2104a00c2104a00c2104a00c2104a00c2104a00c2104a00c2104a00c2104a00c2104a00c2104a00c2104a00c2104a00c2104a00c2104a00c2104a00c2104a00c2104a00c2104a00c2104a00c2104a00c2104a00c2104a00c2104a00c2104a00c2104a00c2104a00c2104a00c2104a00c2104a00c2104a0ec7f00fb8297063e70cb7d0000000049454e44ae426082');

INSERT INTO issuers(issuer_id, did, name)
  VALUES('a10de7e8-c014-49b1-999e-4bc287d96efe', 'did:atala:5e42d945cfa93830134fa9c2645e9b7ab4ac44b85fbdcbdf0119fc1ef60bd575', 'University of გაგრა');
INSERT INTO participants(id, tpe, did, name, logo)
  VALUES('a10de7e8-c014-49b1-999e-4bc287d96efe', 'issuer', 'did:atala:5e42d945cfa93830134fa9c2645e9b7ab4ac44b85fbdcbdf0119fc1ef60bd575', 'University of გაგრა', E'\\x89504e470d0a1a0a0000000d494844520000012c0000012c0802000000f61f192200001d8449444154789ceddde9731be79d27f06e34ee83004882f77d4a142592a26ec9927cc9929d38ca3d712ac9a676676a8ecad4d4d4ee9bfd0fe6d54c66b736eb4a32e53833636fe268ecd8b26359b2635d96289212258a94c41b042f102001e224ce7d418f42eb723f0fbafb6990dfcf4bbb1ff44f2c7cf1f4f11cfc899ffc030700ec68581700b0d92184008c2184008c2184008c2184008c2184008c2184008c2184008c2184008c2184008c2184008c2184008c2184008c2184008c2184008c2184008c2184008c2184008c2184008c2184008c2184008c2184008c2184008c2184008c2184008c2184008c2184008c2184008c2184008c2184008c2184008c2184008c2184008c2184008c2184008c2184008c2184008c2184008c2184008c2184008c2184008c2184008c2184008c2184008c2184008c2184008c2184008c2184008c2184008c2184008c2184008c2184008c2184008c2184008c2184008c2184008c2184008c2184008c2184008c2184008c2184008c2184008c2184008c2184008c2184008c2184008c2184008c2184008c2184008c69591700b99a19eebd79f6b7a4ad9af63cd7bcf77939ea51ccd553af2ecd8c93b67afac7ffd368b5cb510f35f484008c2184008c2184008c2184008c2184008c2184008c2184008c2184008c2184008c2184008c2184008c2184008c2184008c2184008c2184008c2184008c2184008c2184008c2184008c2184008c2184008c2184008c2184008c2184008c2184008c2184008c2184008c2184008c2184008c2184008c2184008c2184008c2184008c6de49d7ab3994c22164eaec633e954269dca66d2bc4610b43a8da0d51a8c7a9385e7f11b04ec6d9c10a612abcb739321df5cc83f1f5ef2c6c381442cca71d9c71dcff31abdc962b4daad45a5b6c2329babdc59562be8f44ad60cc06d80104683fed97b371627ef04bd9e6c2623be61369b598d8656a3a1a0d7b3f65f788de028ab76d5b494b77499ed85f2d40bf0a07c0d61369b5d181b9cb87e3e30ef96ec3333e9e5d9c9e5d9c97b57ce382bea6ab7ef2f6beee0795eaacf0778a4bc0ce1c2f8d0dd4ba723019f7ca7584ba3e5ea474d7b9eab68ed92ef44007916c2d5c8cae027a7bc13c3ca9c2e12f00d9c79d33374adfd996f9aed45ca9c14369b7c7a3cb83c3b71e9cd9f2a96c0fbfc9eb18bfffe8ff3a3b7143e2f6c127913c2f9d19b57ffe3e7abd13093b3a753c9eb1ffcdb68cf592667878d2d3f42b8307efbc6876f643369a6556447ae7e347aed1cd31a6003ca8310867c73031fbe41f4fa413e2357ce4c0f5e655d056c286a0f612ab17afd837f4da792ac0bf993a1f3bf5f599c655d056c1c6a0fe168cf59595f4550c8a453373efcf74c3ac5ba10d820541dc248c03739708975158f10595e9c526561908f54fd9e70acf763ea8731bc46632b2a7796d7581c2eadc1a43398345a6d6a359e5c8da512f148c0175c980ef9e7a96f3547af7d5cd5b65b6734d33507b84fbd214cc4c273f706281a5a9caeba8e83955bbabf7434763a95f44f8f4cddfccce71e79c250ef474a25e2ee5b571a773f435121c07aea0de1cc701fe97d974610b61c7ca9b6e300c7891af029687525f56d25f56d9180eff627a7fc9e31a2d3b907af36ec3a8af9509023f57e81e6c706898ed719cdfbbef537b51d074526703d8ba378cfd7ff7ccbc197780dc11f241e0ef8dc23a4e70278804a43b81a0d07e6a7c51fcff39acee3afd84b2a7338275fbff3f0b6232789da78278672382300c7a9368481b949a29bb4fa9d878bab9b733f6f75fbdefaaea7c41fbf387927f793c226a7d6102e107483825657df7558aa53b7ec3f6eb014883c38160ac45696a43a356c4e2a0d61c83727fee08ad62ebdc922d5a93582b6b1fba8f8e3317a0672a4d2104649ba97e21a092e44d7ab6edf2b7eb199204208b9516908e3a180f8831d65b5d29e5d23689de575220f8e0616a53d3b6c366a0c612a11173f625b67341bad76c96b28aa6a1479643cbc22f9d96153516308d3c984f8837506a31c35d84baa441e198f2084901355869064e292562f4b08c53fe949c6237214009b871a4398cd12bc21241ae3229ece68127924e634418ed4184293cd217e40e66a44965567b47af1214c930efe06584f8d21d4085a538153e4c1abd1901c194825e2e20fce661042a0a7c610721c672d2c11796436934ec4a4bf2b13ff99824e2fd325316c122afdf6589d6243c8c9f3922011137b95ab374a365807362795ce2714d3139a0a9cc5352dae9a168bd3257901e207a3e9cd0821e444a521b43ca62714b4bac2aa46574d4bb13cd9bb6f796e52e4917697d8378a008fa4d2103ed013da8acbd73a3d67459d4650a0e6ecf2dc94c8431de535b296021b9e4a43a8d51b6dc5e5d6c212574d4b714dabc16253f2ec7ecf78321e1579b0f851a6008fa4d210721c77e87b7fc7ead49ea16b228f2c705562b726c8914a9f8e32944ac417442f6f53b5b55bd662603340081f3479e3a2c8c1abbc46286fe994b91cd8f810c22f48c4c213d7cf8b3cb8ba6db78433fa61d34208bf60b4e76c2ab12ae6488da0c5cabf200984f04f820bd36ed1db9ed5eed82fc76462d88410c2cfa5938981336f8adc9ac268b537ee7e56ee92609340083f377ce15df17bb0b53ffd0d9d41ec5c2780274308398ee33cc3bdd3b77b441e5cb9b5db55b745d67a6053410839fff4c8e0c7a7441e6c71bada0ebf2c6b3db0d96cf61086fcf3fdefffabc85d10b57a63f74b3f9269551bd8b4367508c34bde6beffc52e4247a9ee73b5ff89eac5337607352efd851b9857c733d6fff42fce4dd2d4f7d05b78220874d1ac2a077e6da3bbf103f55a265dfb1ba8e43b296049bd6660ca1776278e0cc1b2247c6701cd7d07d146f05413e9b2e84e3fd9fdebbfc81f8a54debbb9e6a3d7042d6926093db4421cca453831fff6ee64ebff8262dfb8f37ee7a5abe9200b84d12c2c0bc7be64edfdcc84df137813caf697fe61b556dbb652d0c80dbd8215c8dac78867b67eef4479689772fabef7a0a0904656ccc1006bd9ec91b17e7466e8a7c0bffb0f1fe4f577c732dfb8fdb4b2aa5ad4d258836fc502791a3edd56f838530bb30767be2c685e5d9c9dc3fcbe7bee7738f9435b5b7ec3f6e7114e7fe81aa42fdf3a41e99cc06d98a67e384d03b397cefb30f8936bb17213b3f7acb3b315cbff348e3aea705ad4ed20f9708cf5334caa4f33e84743da1f8bd8614b31142b834337ef7f21f02f362570a259549a7c6ae9d9bbddbdf76f86b25f55b653a0b35ba855837424f48f53ba21104c92bc9517e8730160a0c9f7f67617c488973ad2cf7bdf75a794bc7b6a35f57d56442ba1066f23f8474bf231af55dcee46b08b399cce48d8b233d1f11edad9dbbb97b03cbb3933b9efb765175b392e77d02ca10e6ffdea674ff04f484d258599cb979f6b752dffe89150f077bdefe657dd7a1d6032faa615334ba10a656639257a2b024f93f81e735b827cc5d76f2c6a5bb97df67fd5c213b71fd42d03bd375e2fb7a9395692594214cc4f33b84d94c46fce8dffb345a357ee155f7abf0048958a4f7ddd7862fbccb3a819f5b9a19bff4e63f07bd1eb6656cce9e90a21be468ff5672cb9b10ae2cce5c7ce39f1627efb02ee40be2e1e095b77ea6cc93a1c7d1ea0d14ad12a247f0a9135d08e9fe5672cb8f107a2787affceeffae46a4df9137779974eafafbbf9e19ee635580c14c733d2c7e18ad3ad1d56f302bbabd97486aec9d1f3075f3f2f0f977b359c9c628e98c666759ada5d0155cf00417a645ee3cf104d96ce6e6d9df2657a3759d4f49522111adde286875a4ff8a4c3a958845f27719ff783840d18aee074b6e6a0fe168cfd991ab1f49f149bca3aca6bc65477175b3b5b084e33e1f6592cda4835e8f7762786e64201a5ccae1f3b3c317dee3794d6dc74129aa25a3375b632bcba4ad62a140fe8630b612a068a5474f486abcef8fb927d068b5d7ee3850ded269b2391efebfbc467094d53aca6a5bf61f0fccbb3dc3bd33c37dd4efd086cebfabd51b2ab7eecaa9627206b38d2a844bf93b3c3d16a2f9c5c4e52899c91b17ee5efe20974fb01696d4ef3c52d9dac56b44bd9f7594d538ca6a9af73e3f79e3a2fbd667144fc0392e7bebdcefb47a6369633b795b7a74df2d8adcaa4794aa78758650a50f666686fb862fbc47dd5c6730b51df9daa157febe6aeb2e9109bccf60b6b51e3871f807ffa3bca583e2d4d96c66e0cc9b2b8bb3146da9d16d279edbe5376374bf200aefbb2e921a431898770f7e227649ec8755b4761dfec17fafdd7180a79a5eb0c660b675bef0caee93ffed9117b14f964e25fb4fbf9e8845a8cf4ecae2a0590d35e46733e4287799742a12209ea8cd719c3aa7a4a92e84f170b0fffdd76987056adb9ff966c7b13f936a144b7175f381effe6d61650369c35868f9c61ffe4dc227ba4f662d2ca16815f2cd715c5e4eed0df9e729e631f11a0121fc72d94cbafffdd75723218ab6269b73ffb7ffa67adb1e694bd29b2c7b4efe79cdf6fda40dfd9eb1b1de4fa42de671ac85a514ad5289d53cbd22a5bbdab7388a48ef4d94a1ae108ef69c0b2ed08c0233db8bf67deb2f0b5c159297c4711cafd16c3b7a92e2ddc368cfb995c519394a7a80d16aa7db214399f224473776dfeaa4f9a952808a4218f47ac6fa68ba0e6b61c9be6ffe95d1ea90baa22f683bfc32697f98cda407cefc3f65260dd15d912e49b10e88f2966627285ad1fd8914a0961066d2a99b1ffd86e242df68b5ef39f917ca3cf56a3bf2b5e29a16a226e1a585b16b1fcb54cf7a7457a4fee951c92b915b221609f9e6291a5a8bca242f46126a09e178ffa7e1a505d2568256b7f3a51f29f6dc796d6326d22e77e2faf95828204b41eb38cb6b295a859716d43922f709fcd32374cf93e8fe440a50450857a3e1f1be3f5234dcfedc77141ef3a1339abb4ebc42f4f2239d4adebdf4be7c25ad29ac6ca46be89b1e91b612b9f9a87a6fb3bdc868b54b5e8c245411c291ab672856a9a8dcbaabbc79871cf53c99a3acb68af019ecdcc8807ceb50ad31db0be9ee8ae74707a5ae4546d94cc63b4133718ce23d9362d88730bce4f5dcbe46daca6029d8fad457e4a8478cd6fdc749873e8ff69c93a998fb0a2beb295a2d4edd55725c418e16dd94d522844f32def709c54bedf667bec170c9339dd1dcbcf779a2268b5377e51ecb46f73dcb66d2732303921723935992fd7cd62baa42081f633512a2f806b8eab694d4315effb3aa6d37e93dc658afbc8f495db52df7a76811f10cf54a5e8c1c92f128dd220616a74bee3758b9601cc2a99b9749178ce179cd96832fca548f781a415bbff330519385b1c15848c6890b46abc3595e43d1706571262f1ecf4cdeb848f7d2b5a2a553ea5aa4c43284e954d23d7885b455d5b6dd74efc42457bd6dafce68167f7c369b957b158cf2669a991f1cc78d5d93fd963547a9447ceae665bab6d47f1665b00ca177628874a5108d2034a966e76a41abab6a239bbfeb19ea95753ba4b2e60eba75359766269666c625af4742530397e916772a70555a9c34b34c14c3328473f788ef062bb774abea6d4f4dfb7ea2dbb05868d9ef9171908ac16ca57b46ca71dced3fbead92b5241f165b59a61bd2c8715c05d5bc5025310b612a115f9cba4bd484e7350ddd47e5298792d95e585c43b61efefcc84d998a5953b9a59bae617869619cf68b2eb7c14f4ed1ed77c06b34e5eabe21e418867061fc36e94d7649439bd95e24533dd4486ffabd93c3b2cee22b6fe9a4be5818ebfd58e13501c498bedde373dfa36b5bdedca1aa4ba747621642ef04f132be35ed7be5a82447a58ddb88d6755e8d84e8a66b89a411843ada15df32e974df7bafa96a34e9f2ece4d0a76f53376fd87944ba5ae4c22a84d9a59931a206a602a77a36425a4fab37924ead58981896a99835d5ed7be9a617721c170f077bdf7d4de1bdae1e271af4f79dfe15f59daaabb6d5565c2e6d49726013c2907f8174f051d5d65db9ac19232b575d2bd1f1723f87d4ea8db95c35ac2ccef4bcfd73e663d942fef9aba75ecd65a5f0fa7ce8063956215cf29075831cc795356d97a31249b8087bc215af47ee8d72eb771ec965585f60de7de5adffc370f18ba599f12b6ffd2c1e0e527f425155635115e5cc1285310a21e1cc688bd3a59217f48f642a28247a62944e25e57efea137599af71dcbe5132201dfe5dffcafd9bbd7a52a49a46c26337aed5ccfdbbf4825e2d41fc26b84b62327a52b4a5e8c2e4709d7082953762d5d0ace0ab2b773cb32cf6ce238ae66fbbe1c17dd49c6a30367deec7bef57b9f448445616672fffe67f8f5c3993e395425de721d52e66f130062b7067d2a968d04fd4a4a8aa49a662a4e228ad9a192618064db74003119ed7b41d3979e5ad9fe5f846c43b31e473dfab6adbddd07d946215569142beb9d19e73f36383b9bfbf315aedcd7b9e93a42a6530086178698168e89646101c6a5d98e03e7b4935d1f19165af4c95ace72cafad6edf333d7835c7cfc9a453ee5b9f4ddfee296b6aaf68e972d5b648b576602ab1ea9d189ab9d3ef73532e5af1b0b62327059d5e928f5206831086fc649d80bdb45ad0ea642a462ab6e2329ed7889f18195ea659409a42dbe197830bd392dc826633e9b97b0373f706744673497d5b61459db3bccee22c269d3f95cd6642beb9e5b9a925cff8e2d49ddcb7a65bafbeeba9d28636093f50010c4248facccd5e5225532512d2085aa3cd115b11fb4f4bc6a3ca6c0fa811b43b5ffcc1a537ff996ef4f32325e3d199e1deb5cb6f9dd16c2d2c3517384d36a7a9c0a93398345a9da0d50b3a1d97e5d2a9443a954ca712c95834bab2140b2dc7569643fe7999de433a2bea5a0fb09fe6468a4108490764d8d4ba52dd032c8e62f121e4382e165a56667b405341e18e63dfed7bf757720c974bc6a3cbb313cb540b814acb60b6761dff3eaf61bf5804290615c74943980f831e388eb338c8c6b526a261992a795849ddd6d68327143b9df2049dbeebc51f1a2c05ac0ba1c12084a43da13a37f17898c14cf60d588dd26cb941ad61e7911cdf1caa96a0d5edfaea8f55bbace897621242822f9fa0d3530f8354989e703ff455057bc2354dbb9f6dcaab67f762085a5df7577face6c5d4be14837b42a29110ea9f87721fe90d5e32ce6070e6da2271a33d67953fb51c049dbefba51fe6cbf0b4c761f3b25efcc106c2ee85213dc97a331cc749fb685ebce6bdcf5b9d25b73e7e4b255325a8591cc53b5ffaa19ac7338aa47408b39934d19b7a419b376f5d3502d9cb4c866b4994b774588b4afb4fbf4e3a74493d4aeab676bcf067f972abf2644adf13a65364b3e935aa7f4d7f9f46201b449261d413aeb115951df8ee4f4a553f28f761bc4668d977acfbab3fda1809e494ef094997b4209ab4ce1669a9cc5755d2194c3b5ffc81776278e8fcef89de70325454d5b8ede8d755be7a1a29a5bfe2a4137329762c6485782d4375cc512ea9df5a54dd34d6fbc944ffa7caec674ac760b16d39f415952fe34b47e910925e5eaaf96bf1804c9aecf2523d036205adae65dfb1eab65d13d7cf7b867a593d317a1ca3d55edb71b0a67d9f566f605d8b2c940ea1a0d5721c2f7efc541e8590fc76575d57daa682c2b623279bf71e73dffa6ceae665e55f633ecc565456df75b8a2b553aa491beaa4fcf78017b45af1bfb5a4dd0b43a4bf17eae909d7d319cd8dbb9faddf79c43b31343f7acb3b7947f93719068badb4a1bdbc79475ebf82178fc18fb146ab131fc2645cb2b1ff72235d92489d215ca311b4654d3bca9a7664d2a9c5a9bbf3a3b7fcd3a3728fb3b3388a5db55bca9ab63bca6b55bba8971c1884506f348bffbe2a3cc03217a4636219eeaf289e46d096366c2b6dd8c6715c2c1408ccbb830beec0fcf48a6f36f71e526fb214b82a1d65358eb21a476935d1ee3a1b0983101aadf648c027f2e0442c9acda4f3e29680747688217f46e4ad31d91c269be3fe16e5c978746d7e602c14888502c9d5683a99cca492ff398730c9f3bca0d569b47a41ab15b47a41abd39bad269bc364731a6d0e93cdb9511fb4906211429b93e4f0ec6a34a4e61d1eef23ed098df939efe63e9dd1ac339a0b5c95ac0bc97b0c6651902e161409e4c7d02ad2152bf2686c3ac82a0f4218265c9386916c786981a8419ece4005c9310821e998a310e1979b89687089e84185d16a57f3d35150128310161457103d80566089cedc912e67962f6b768002188450d0e92d4e82d59157163d6a1b48f530d24da60a8a735a1b1b3612364b53d94b081ea965d2e9c09cec8bc6e7c8374db609367a42b88f5508c99612f513f6330a8b878311c247a3050821fc2736212caa26db5b627192785b5f25792786888e3798ad16677e2c21070a6013426b61a989e495fdcae2acf84136ca9bb9d34f747c515513e9d2f1b081315bae987477dbf99101992ac95134e80fccbb899a14d7a871df6f608559084beab6121d3f73f7ba1cabb8e7ce3344b023da9aa26a8410fe8459080bab1a8916ea892c2f2e4edd93af1e3ae964c27deb33a226b6a2320c5883f5988550d0eaca5b3a889a4c5cbf205331d4dc835748773b22fd57c386c7720b9beab6dd44c7fba747561667642a86423a9524ff5de02b5abb64a906f216cb10da4bab49b73dbb73f1b44cc55018ebfd9874fa5261651dd16361d80c186fe656bd6d0fd1f17ecf18e94b399944834b13fde7495b55b4ee94a318c86b8c4358d5b69b745183e10befa9602869f6f61fff837465279dd1bc2197cd841c310ea1a0d3d7771d266a120dfaef5c7c4fa67a449ae8bfe073133faaadd9be5fd0e5cdd61aa018f67b0bd7ee3840da19ba6f5d6138902de8f5dcfdec0fa4ad3482b6aee3801cf540be631f42adde50dff91469ab9b677fc36447a1d5c84affe95f6733c4db48546eedd69bf2669b375012fb10721c57d779887429a7442cd2fbfb7f215dea3347a944fcdaefff251e0e9036d408dac6eea765a8083602558450d0e9db0e7f95b45524e0eb3bfd2bc5d6874ea792fda75f0ff9e628dad6751e3215e0cd043c9a2a42c8715c6963bbab966c4837c771cbb3933d6fff9c74cc0a8554227eed9d5ff83d34d31a0d666be3ae67242f09360cb58490e3b8b623272976230cccbbaf9e7a95e21251bc783878f5d4abcbb39374cd9bf7bd80556ee109541442b3bdb0f5e0098a8621dfdcc5377e2ad3f352dff4c8a5377f4aba8ed37d8eb2da2ac2d179b0d9a828841cc7d5751c2a6d68a368988c477bdf7d6de8d37724bc344d2713772ebddffbce2f13b108dd27085add8ee7bfb3a9f636010aeada228fe3b8edcf7e3be8fd29d5e56576eae6e5b99181e6bdc7aab7edce6dfb8aecdcbd9b772e9d8e8783397c08d77af0258b03cb58c097e04ffce41f58d7f0a0e5b9c9aba75ecd65a36c83d956ddbeb7a67d9fc162236a984e256786fb266f5cc87d358da2eae63d27ff2b96b1802fa5c610721ce719ba76ebdc5b397e08cff3f6d26a57dd96a2aa265b51e9e3e61067b3d9d8cad2d2ec84777cc8e7be27c9c05493cdb1ff3b3f3198f1761ebe9cea2e47d754b5ed8e878323573fcae543b2d96c60de1d98778f7067388e335aed667b91566fd4ea0d8256974aaea612ab896838bcb420ed887041a7effeca7f41024124958690e3b8a63dcfc5232bd38357a5fac0783898e33d9e183ccf771e7f056bfb8278ea7a3afa806d474f9637e7d962105b0fbf4cba86156c72aa0e21cf6b3a5ef85e6dc741d68588c2f39aedcf7eab7607a64a0019558790e3389ee7db0ebfdc7ae084ca1f336a04a1f3f82b782f0f14d47b4fb85e43f751a3cd3178ee2d15cca97f049dc1d479e2fbc5584d14a8e44708398eab68e9b497540d7cf846d0eb615dcb17145636741cfb2ee9542c80fbd47e39ba9ec551bcffdb7fddb8eb199e5745d9bc46d3b2ef853d5fff0b24107291373de11a5e23b4ec7fa1b461db9d4ba79766c619565254ddb4e5e04b052eecf509b952e988193116a7eedebdfc01dd2cdb5c14b82a5a0f9c28ae6951f8bcb051e5594fb89eabb6b5b8a66561ec96fbd615bf675cfeed62f8a2eac69af67d654ded2a7f540bf9258f43c8711ccff3654d3bca9a764483fee9db3d33c37dabd190e467315aed955b7755b7edc6121520873cbe1c7d58369b5d599cf57b46fdee91e5b9c95cde6768f5c6c2cafaa2aaa6a2aa465b7119ba3e904f7ef7840fe079de5e52692fa96cd87924934e85fc0b91c062647931b2bc1809f892f1482a99482556d72d58c80b3a9da0d56bf50683c56671b82c8e62b3a3c8e270590b4b54f20c1636bc0d15c2f53482762d900fffaf6c269d4a26341a41d0e9d0c501731b36844fc06b049dc1c4ba0a80cfe18a0b803184108031841080318410803184108031841080318410803184108031841080318410803184108031841080318410803184108031841080318410803184108031841080318410803184108031841080318410803184108031841080318410803184108031841080318410803184108031841080318410803184108031841080318410803184108031841080b1ff0f2591d4e650cb8ac00000000049454e44ae426082');

INSERT INTO issuers(issuer_id, did, name)
  VALUES('68db7f32-bc5b-4b9f-98ba-8dcd112b6f65', 'did:atala:b7c8275f86d790713ccf8e7924e92db9d13d357296d170fc6c80ea171dbbaf79', 'University of ქარელი');
INSERT INTO participants(id, tpe, did, name, logo)
  VALUES('68db7f32-bc5b-4b9f-98ba-8dcd112b6f65', 'issuer', 'did:atala:b7c8275f86d790713ccf8e7924e92db9d13d357296d170fc6c80ea171dbbaf79', 'University of ქარელი', E'\\x89504e470d0a1a0a0000000d494844520000012c0000012c0802000000f61f1922000015bc49444154789cedddd9735bd77d07f0035cec0b0110044990e22a2e12b590a2644bb62cd3756cd99697b1a74ded19274add3eb4d3194fdef207f42d0fed4397b89de621ee74f138b6a3264e3c762c4b4a6c2d34255ba2488a12f79de082950088edf641b5ea5a8a8c73782f7ef782dfcf1b67ee017ee4e0cb7371ef39bf6b78e6f51f3300a063a42e0060bb43080188218400c41042006208210031841080184208400c2104208610021043080188218400c41042006208210031841080184208400c2104208610021043080188218400c41042006208210031841080184208400c2104208610021043080188218400c41042006208210031841080184208400c2104208610021043080188218400c41042006208210031841080184208400c2104208610021043080188218400c41042006208210031841080184208400c21042086100210335117a06999d4c6e99ffe4d91073b3cfebe933f52b51e284b98090188218400c41042006208210031841080184208400c2104208610021043080188218400c41042006208210031841080184208400c2104208610021043080188218400c4d0de42d342532363977ecb3baa61cfe186bd87d5a8a764ae9f792f169ae31d75e8853fb7d85d6ad4a32a8450d3b2a98d68689e7754a039a64631a5b4115e11f8c50bf9bc1ac5a80da7a300c41042006208210031841080184208400c2104208610021043080188218400c41042006208210031841080184208400c2104208610021043080188218400c41042006208210031841080184208400c2104208610021043080188218400c41042006208210031841080184208400c2104208610021043080188218400c410420062e5f0b8ec423e978cae6752897c3693cb66985cb038dc5687dbea749bad76eaea00be852e432817f291e5b9f5f989f5f989c4fa723a11634cbee79166abdd5559e3aaac76f96b7cb5cd1581a0c12895b85a80fbd35908632bf3732397176f7e99496d14737c7633155e9c0a2f4eddfe5132993d350d81a6ceea96ddaeca1a150b05289a6e4218599ab979f1c3b5d9b1adbc483e97bd3d7f8e9effc0e1f107dbbb77741d7278fc4a150920400721cca43686cf9d5abc754dd9974d46d7c6073e191ff8a4b2beb571df91dab67d06032e530101ad8770657a74f0e39f6f26e3eabdc5edb9d1e1f1b7f43eba63f721a3a4f5bf0994194d7fe066062f0c9ffb6f59bef745176525a36b43677e313170b6f3e1a7831ddd8c194af0a6004ccbf709c7fa3f1e3a7baa3409bc23150f7ff9e17f5df8f94fa2a1b952be2f6c671a0de1cce0855b977e4bf5ee91a5990b6fffd3e8f90f0af91c550db07d68f17474657a74f8dc2f696b90e5c2c4e5b38bb7aed29601db81e666c24c2a71f5a3b764b9405d08638ca56261ea12a0fc692e8443674e65d349ea2a004a475b215c9e185e1a1fa4ae02a0a434144259966f5dfc90ba0a8052d3d08599c55b57e36b4b62632593d957d7e20b3639bd018bc32599ccd9cdd4e6466c7323964ec412e1d04638b4994c285b3080223414c289cb670546d92b7c3b0f3d5ed7d123992df73f32bb998a86e6228bd3e1c5e9f0e2543e9b11a91240695a0961646926bebac835c46030b41c78b4fdc85346a9a8dd4966abbdaaa1bdaaa19d3156c8e7d7e7c79727864393c3e94454a4620085682584b343fd5cc71b8c52f7f19783eddd626f6794a4aac68eaac68eaebe1756a76fce0e5d0a4ddd900b9ab82f02db8d264258c8e797c6f83649ec7bfc8f8513f875068331d0bc2bd0bc2b150f4f0c9c9d1b19c02a1928314d5c1d0d2f4ce4329bc51fdfb0e7c1fadd0795adc1eef6edf9a397fa4efea87ef721acde8652d244084353378a3fd86277ee7ae459952ab1b93cfb9ff8ee913ff92b775550a5b700f8064d8470657ab4f8835b7afb4c169b7ac530c67cc1e687fff4f5e69e639812a104e84398dd4c6d84578b3cd828991af63ca86a3d5fbd91b4fbd873bd27be5782f7826d8e3e84d1e5d93fd42bed6e35ad5da5ec62e8ab6b29d97bc1b6451fc2c8f26cf10757b774a957090009fa1072dda3f7ef6853af120012f4214c46d78a3cd2e6f2589d6e558b01283d3d8510b70da02c118730934a147f9b1e5d7aa12c1187906bf1b4dde555ad100032e43361518f94b8cd6277a8570900153d85d06c4308a10c518730cd114234a887b2441cc2dc66baf883f16841284bc4212ce4f3c51f9c8e47542b04800c75080b1c3b68e36b7cfd2f0074813a843c33618cb3090d802e50af98e16977cfdb090a40178843687757167f7026b5b1b91153af180012c4217407f89683e28c14ca0f71082b38d764e38c14ca0f71082d7697d5c1b13b093321941fea0b338c5504ea8a3f183321941ffa1072ed12dc08afa0392f9419fa10727d2d94e5427c6d59bd62004a8f3e84bcfbe5b16e06ca0c7d089dbe00d7f688f80a420865853e840683d1edaf29fef8d8ea827ac500941e7d081963ee2a5c2085ed4b1321e4ba3693dd4ca51311d56a0128354d84906b26648cc557051f6d0fa0419a086105f70a527c2d84f2a189109a2c36bbdb57fcf1f85a08e5441321649c770bb182f4fe64b9d8a75c69965ce0d868aa775a0921d7b5996464359fcbaa578cdec9058e7e05dac4d5f744efb41242ae8d85b22c27b6c9e23583c8a382b99a866893d84c683068e5f3cc452b4557705e20dd26d766c45aad96c34c28f47fc428e9b229a656dae93a3c951581bae24f32b95a77eb9758080bfa0fa1d8ff11a3c9ac782525a09510326638faca0fa96bd01cc110ea7fb797d8afa0d399502ba7a3704f6221cc6da614afa4c4b2fcbf82c160c47742509e580833697d87502e148a7f6ae51d4693764eebf820849ab63d6742816990e9f9794108a1a6992c568151997452f14a4a492c84627f2b2d400835cdea70098ccaea3d8442f573b5edd3148450d34c169bc47fd9bd90cfe9fa168ed85635b17f585a80106a9d45e8b395d2f363e452b188c0280b66425089d859562abeae78252523563c4e47412d82218c8515afa4649242c52384a016ab53e4b3958cea7926140ba1d01f4a0b1042ad737a0302a3f4db9db590cf6d445604063abd558a17531a08a1d6b92aab0546c5571719d3e5d6def8da92c03e2683514208412dae4a8ea6ac77e4329b3a3d238dad886c52737afd06a32e576f338450fb6c2e8fc9621318185b9957bc9812106b20e4f289fcabd208845007c4ce48d717a6942ea414d61726054689fd89340221d401b133d2b5d931c52b515b26b521d654d6e5af55bc9892410875c0176c121895585fdedc88295e8caad6666f895d4f12fb13690442a80395f53bc506aecede52b612b5ad0acdde0e8fdfe6f2285e4cc920843ae0f054da5c5e81814b63d795ae454572a1109a1c16185859dfaa7831a58410ea43657d8bc0a895e9511d6da7589911ac1621845210fb9cc985fce2adab8a17a392851b57c406fa772084a0be40530763228d80e78607142f460dd974727942e45cd4e90b889dab6b0742a80f3697d7176c1418185b99d7c5e599a92f3f156b7358d7d1a3742da58610ea46b0bd5b6ce0f8e7a795ad4471b94c7afada79b1b1c27f16ed400875a3b6bd5bacafe6fafce4fafc84e2f52868faea79b1e64e15817aa74f649789a62084ba6175b8c4ae9132c686ce9ed2ec536252b1f0f8e5336263eb3a743f0d3284505fea771d141b98585f9e10fda0abedfa99f7f2d98cc04083d118d4ff17428610ea4bb0a3477869c8f8c02762bb8454353bd4bf3a73536c6cb0bd5bd70b65ee4008f5c42849cddd47c5c616f2f9cbefff4c53ab49c30b53c3e74e090f6feded53ae164a08a1ce34ec3d2cb6bd9031964e44077ef533b1733fc525a36b977ffda6f037d5405327d723d6b50c21d41993c5d6b8f7b0f0f0d8ca7cffa97f255fcb165f5bbaf4debf6ca553784bb94c830c21d4a396de3eb3d52e3c3cb23473f19d9f1036bf589f9fb8f8ce1be94454f815fc3b76fa7708ee2cd12084507f2c7667fb91e35b79858dc8eaf9b7ff6161f40ba54a2a925c288c7d7ebaffd44f7399b4f08b188c5257df8bca15450f21d4a5c67d472a02755b79856c3a79f5a3b72ebfffe65666242eb19585f36fffe3ad8b1f893d0afb8ee69e4774ddcce26e7a7da4db36673018bbfa5ebcf8ce1b5bec6b189a1c5e9db9b9a3eb81d6838fd9dd5e85aafba6f8eae258ffe9a5f1eb5befc2687379da1f7c4291aab4833284ab3337477eff7ef1c7573576ec3ef69c7af5e88b2fd8d4b0f7c1d9eb97b6f83a857c6e66f0c2ec507f6ddbdeba8e0381a60ea57a07e6329ba1c9e1f91b575667049b56dcadabef45c96c51e4a5b4833284b1d5c5c4fa72f1c7079a3bd52b468fba1e7d21ba3cabc82d78b9905fbc7975f1e655b3cd51ddd25559d7ec0b363b7d55bcfba764b9105f5d0c2f4eafcf4dac4cdfc8e7b25bafed8e9603c76a5abb147c418da00c6132bac675bcd3a3d716cb2a314aa6de13dfffecadbf175bfd7c4fd974727e64607e64803166b6395c95358e0a9fddedb357f8cc56bbd164964c16c96c6632cbe732f95c369fcb6453c9646c3d150fa762e1f8da924af7217d75cd9d0f9f50e395c9518630c57995dca1db3ee7eab15754ee3ffef2e55fbda946d3fb6c3a195e980c0b35025596d5e13af0f4ab0663795e47a4fcad9231ce107afc2a55a26bd5cdbb3b8f3e435d858a24b3e5c0899356670575216a210ba12c17b89e266b944ce5b15a570dadbd7d5bbc73a85992c97ce8f9d774dd56f45b9185301d8f72dd2f7278fc06834893956da2ed81efb495ddb57bc9643ef8fc6b7a6fa6f6adc8be13e25c5471ed879f648c8df57f4c5d883224b3e5e0b327cb6979da1f421742de4ba3b82a5384f6c34fba7cd5839fbca391ad12c29cdeaade674f8a3d844377c84298e29d09bd98098b12ece876f96baefcfadf78ffcd694775f3eeeea75e11deb1a53b64df097957f1e32661f1dcfeda875f7ebd66e75eea42b8198c52c791e3079fffc1f6492023fd4ec8f77f1a332117b3d5de7be2fba1c991e1dffd92f7a4838a7fc7ce3d8fbd5406ddd378117e27e4f864182593debb2c93a86ed9ed6f681b1f383379e59c586bddd2b03addbb1e79ae0cdaf88aa109612eb3c9b5abdae1a9c4fd093192c9dc71e47843d7a1c92f7e37373ca0ec62ceadb3b93c4ddd471bf71e3159acd4b590a10921ef3503dc9fd8227b456557df8bed878fcf0c5e98be767e3399a0ae88b9fdb52d071eadebec516ad3867ed18490fbd228aeca28c16c73ec7ce03b2dbd7da1c9e1a5b1c1d0d48dd2dfc9b03add35ad7b83edfbcbfe167cf1a86642ce4ba3b849a81ca364aa6ddb5fdbb6bf90cfad4c8f2e8d0daecd8e6d26e3aabea9d35b1568da55dbb6cf1b6cc2378b6f200a212e8d6a805132d5b4eea969ddc3184bc52391a599e8f24c646936b6bab0f519d262775604eabdb58ddeda466f4d83d9e650a2e4f2a4939910a7a32ab3bbbd76b737d8befff68fd974f2f6fec0543c928a47b29bc97c365bc865bfda439835180c92c96c345924934932592493d9e270d9dd5ebbdb67737bed6edf76bed0c24b07df098d926453adfd09dc93d9e630db1c15817aea42b605821533b22ca7e2e1e28fb757e0fe0494338210a61351aee6e7381785f2461042dee6e716bb53a54a8ac0d13302d335882108a151e2bb395bd85aafd8ade05aea6594d0c41544908490efc34af88859aeb74608418c1e4248b7dc916f2634218420420721cc6ce1015a5b944d73f4f3c44c08620842c8bb5f3393225b6dcc957f53d9b56787d2a0b930c3f5783dc21066d31c0fd3b4d85dea5502658ca6bd85d5e92efee05c6693eac9b2c918c7a2028b83e39702b88328849c9fd78dc8aa4a95dc5f8a67dfa395f27e26e818d54cc8d7d27c231c52a9926f795f9e10622604313421e4dd1f18599e55a992fb900b85c4da52f1c763fb3f88a109a1cbcfd7d435b238ad5225f791585fe6eac8e2da7e6dc2401134217457d6721d9f585f2efd35d2304ff26d2e4ff93d41164a8326840e8f9f6b05a92ccba1c911f5eab9a795e91bc51fecf455ab570994379a101a8c46de0da34be3d7552ae69e0af9dcdadc78f1c7570482ea1503e58dac0d3e6fb3add5e99b5ccf33dca2e5f121ae3e2bbe608b7ac54079230b21ef23af64b9307bfda24ac5dc6d6e6480ebf8f27e8a25a88a2c84beba16de8d85d3d72e9466e94c7c6d6975e656f1c73b7d01d29dc7a06f6421944c66ff8e36ae21b94c7aecf3d32ad5f37563fda7b9f6d4071a3bd52b06ca1e59081963759d077887cc5cbb105952f79ee1fafcc4d2d835ae21b56dfb542a06b603ca10d6b4ee914c66ae21b25cb8fad15bb94c5aa592f2b9ecf54fdee51a627556f8eaf08510c4518650325b6eb77fe6928cae5f7eff4d951ef435f8f1dbbc8bc56bdbf63186164f208e32848cb1e603c70446adcf4f7cf19b7f57fc295fa39ffd66f116df892863ac71ef6165cb80ed8638849eea1d558d1d020343532397de7d43a93b8772a13074f6d4c49573bc03ab1a3b5c957ceb6001be8138848cb19d871e171b180dcd7ffa9f7f377bfd922c735cc9bc5b2ab67ef1dd7f9e19bc2030b6b9e791adbc3500237c5cf61d95f52d81a6ce95e95181b1b9cce6f533ef4d5dfd74e7a1c76bdbf6f3de78cca43626ae9c9bbefa99d8374c4f4d43a049641a07f83ac333afff98ba06968a857fff1f7fbbc5ef7866abbdb66d5fa0a9d31b6cb63aeed7ee2593da589b1b5f1a1b0c4d0e6da1a9a9e1a1effeb5b7b6517438c0ffa29f091963f60a5fdb834f8c9eff602b2f92dd4ccd0ef5cf0ef533c66c2e8fc3536977579aac36c964361aa57c2e93cb6ca6e2918dc86a2a16e6ba177f4f759d3d482028421321648cb51c7834347523bc30a9c8aba513d17422ca9832af76378bddb9ebe8b32abd386c37f417666e33188dbd27be677379a90b2986a1fbf82b5c0de300ee432b21648c59ecaede674ff2aea129bdd6837d62b75500ee494321648c79aaeb7b9ffb81967318ece8ee78e869ea2aa0ac682b848cb1aa86f6432ffc8536fbb5d4b476753ff90a9e4308cad25c08196395f52d875ffa4bbbc69e531f6cdfdff3f4ab06a316ff62a06b1afd48796a761c7de587d52dbba90b618c3183c1d071e4a99ea75fc57397400d1a0d2163cc6c731c7ceecfbafa5ee47a7a8ce26c2ecfc1e75fdbf980e0da3a806fa5f57fed4dfb1f0ab6efbf75e9a3d9ebfdb25c28e55b1b0cc6a6ee873b8e3ca5cd2fa8503634b16cad181be195a92f3f9d1fbdc2d5044d8cc1680cb677b71e7cccede76b520c20403721bc2d9749cf0d7fbe30fa4534b4b0f5a56777b33adcc18eeee69e47ec6e9fe22f0e704f5a3f1dfd0693c5d6dc73acb9e7583a110d4d8e84a646224b33d92d3f4fdbe9adaa6a6caf6ddbefab6bc11d0828319d85f00e9bcbd3b8ef48e3be238cb1542c1c0dcdc5561652b1f554229a4e44d289985cb8f7f60883c1607556d8dd3e7b85cfe1f17b6b1abcb58d669ba3b4e503fc1fbd86f0ebec153e7b85efffb73c93f3b95c2197cde7b2f95c562e142493c968b24826b364b660ae034d298710de8b413299259359bbebdf00bea2ddfb8400db044208400c2104208610021043080188218400c41042006208210031841080184208400c2104208610021043080188218400c41042006208210031841080184208400c2104208610021043080188218400c41042006208210031841080184208400c2104208610021043080188218400c41042006208210031841080184208400c21042086100210fb1fe65f98d0c50ad3cb0000000049454e44ae426082');

INSERT INTO issuers(issuer_id, did, name)
  VALUES('6907db07-c8c2-439f-b6e6-3af00690b24d', 'did:atala:acc93e5038041d62b0a0801251ad6778d92698b6368bc8a22d53945a951d62d3', 'University of მცხეთა');
INSERT INTO participants(id, tpe, did, name, logo)
  VALUES('6907db07-c8c2-439f-b6e6-3af00690b24d', 'issuer', 'did:atala:acc93e5038041d62b0a0801251ad6778d92698b6368bc8a22d53945a951d62d3', 'University of მცხეთა', E'\\x89504e470d0a1a0a0000000d494844520000012c0000012c0802000000f61f1922000018af49444154789ceddde9731be77d07f05d2c2e02204190040ff026c5433225eab2a548b6e558bee4daae93c6491c4f9b26334967d27afa77a4d35749a69d4cf3228ed3a99da4b2d3d84e6cc7922cdb922c51072592a2788b240812e0818300886377fb42ad63cb9685e7c12e7ebbe4f7f37a1fec8f1c7cf1ecf11ce2b1177f2c00001d0b7501005b1d4208400c2104208610021043080188218400c41042006208210031841080184208400c2104208610021043080188218400c41042006208210031841080184208400c2104208610021043080188218400c41042006208210031841080184208400c2104208610021043080188218400c41042006208210031841080184208400c2104208610021043080188218400c41042006208210031841080184208400c2104208610021043080188218400c41042006256ea0274a1aa6a369dcc24e3995422b79192f33945ce2bf9bca2c816c92a596d92d52ad9ec0e7785d3ed75b82b2c92445d326c5d9b2484b94c7a6d613abe1c4a2c2f265642a9d88aaa2805b7169d1e6f853f50e10f786b1bab1a3bac76a78eb5027c96b943180bcf2f4d0e2dcf8dc7c3415555793f46dd588f6eac47c3d323822088168bafa1cddfd6dbd0d55f565ea95db1005f4c3cf6e28fa96b60964dafcf8f0c04472faeaf86f53b8b288a35ad3d2d3b0fd6b6f50a82a8df89608b33594f984925a62ebe3f37744ecee7f43e97aaaa9199d1c8cc68853fd073f8c99ae62ebdcf085b936942a82af2e4c55393174e2872bec4a78e47162ebcfe8b9a96ee9d47bfe1f4784b7c76d8f4cc71391a5b9abff6de6f132b8bb465d81c65f77cf5eb0d5dbb68cb804dc6043de1fcc885a193afa98a4c5d8890cba4affce93f634b73bdf73f89bb44d08ac143a88e7ef8e6f4e50fa8cbf88ce9cba7b3e9f59d479f132d18ea001a30f4d768f8d4ef8d96c05b82a39706df7d95ba0ad8248c1bc2b1b36fcf5e3b4b5dc51d85c6ae8c7ffc2e7515b0191834840b635726074e5057711713e7ffbc3439445d05989e1143988aad0e9f7c8dba8a820c9d3c9e4d27a9ab0073336008d5c1775ec96737a8cb2848369d1c79fff7d45580b919eee9e8c28d2bd1c59bc57f8e64b5dd1a93edf2d6383d5e9bd325596d164992f339399fcbacc7d289687c39145d9ccd24e3c59c28343ed8da7fc8d7d0567ccdb035192b848a9c1f3bfb76319f20596df5db763574f75737755aa482feba786421343e38377c3eb791e23be9f8c7efdef7ec0ff8da02182b8473c317d28935beb616c9dada7fb873df4336a78ba9e1ad0e73db7d8fcc5cf97072e0849ccbb29e7a656e626d61da1768676d0820182d84dcef24bcb58dfd8f3deff6f9b94f2d596d9dfbbf1ae8eebff4d6afe391206bf39bd7ce2284c0c7400f6656e627d75797381ad677ee3cf88d1f1593c04f9455547de5b91ff9db7a591b2e4d0ee732e9e20b802dc840210c8e5ee46855d771cfee632f1478fb57088b64ddfbe4df56357630b552e47c686c50ab1a604b314a086f4dde636d555e5ddffff8f3a2a8f1586a8b64ddfdc40b0e573953aba5a9616dcb802dc228218c2eceb2bef51645cbce47be29596d7ad4e37079b63ff0145393b585e9d2cf75844dc0280f669667c7589b34f6eef5d636ea51cc2d0dddbb67063f8a2ece1678bc9ccfad856e5637756a5e4978e6fa04fb38d5e67b0e34f71dd0bc98521a3a793c1e9e676db5ff99efdbcb3c7ad4a313a38430b634c7d842ecbcf7a82ea57c4ac7be872ebdf9abc28f5f0d4ee911c25c3a190b333fb0f5b7153508c108926b118e3f5c91e9a79e3231cae5683cb2c0747c75f33697b74aa7623e51dbbe9de9ce30b11cd2af18d8ac0c11c24c32914925989a04bafb752ae6d344d152cfb298456205210466860861321a616d52d3d2ad47259fe76739512ab6c631e006b638438470633dc6747c5985af64ab9ef9026d2caf4054ee6177b065993284e5d50d3a55f27956bbb3ac82e1e673a3b83919b0051923848c5f5c4d46a815ce535557f8c1454e8c822dc81021649dc2eb7457e854c9172aabf0157e7026c9f68409c010215418d7b4b7bb4afa2ad6c172ba7c2ea35f25b029192284ac1b4b48da0dd72e84dde92efc60258f916bc0c61021641de260d167bce89d4fc7907945d67da71ad8640c1142552d7c434f02168921f3327a42606488101a1cd3542983ffa08001218400c4104200628698cad475e0b1d65d870a3f5ed769840025668810fa1a5aa94b002083cb51006208210031841080184208400c2104208610021043080188218400c41042006208210031841080184208400c2104208610021043080188218400c41042006208210031841080184208400c2104206688d5d63427e773a9d84a3695c8e772723e2b6733b29c73babd2e6fb5bbb246b2d9a90b04f88b4d12c24c32be129c5a0d4e25d7c2c9e84a26991004f54e073b5ce5aeca9a8a9a065fa0bd2ad0ee709797b25480db983b84d1c5d9851b9796e726926b91c25b6552894c2ab1b6307df3ea1941105cde6a5fa0bda6a5abae7d073a49283d5386309b4e06472fce8f0cacaf2e15ff69a9d84a2ab612bc3e20596db51d3b02ddbb6b5a7a2c9254fc270314c26421cc6733d3974f4f5f3e2de7b29a7fb89ccf85c606436383364759e3f6fded7b1e707abc9a9f05e036a609a1aa2ab357cf4e5c782f9b4eea7dae5c263d73e583d96b67023d7b3bf61ed1fb74b0c5992384e9c4dae0dbafac85664a79524596e7472e04af0fb87db5a53c2f6c35260861687c70e8c4f17c7683e4ecaaaa6a72e7097027460fe1d8d9b727074e505701a0232387501d3ef5fbd96b67a9cb00d0974143a8aaead5775f5db87199ba1000dd1974ece88d336f2181b045183184c1d18bd3974e5357015022860b61747176e8c471ea2a004ac758f784723e37f8ce7f2972bef88fb2da9ddeda464f757d79559dcde9b2da1d92d59edd486652894c32914eaca5622ba9d86a26192ffe5c00c5305608c7cfbd938aad16f30992d516e8dd5bdfd957d5d859c8f8cfdc462abe1c8a8783ab0bd36ba199dc46aa98b3037030500863e1f9992b1f7237b7da1ded7b1e6cdd75c8e67415decae674553775563775b6ef7d5010d4e8e2dcd2d4f0e2c4d5227f0b000a679c10aa4327fe5b5515bec6fed69ebe87bfeef4541657835859df5259dfd273e88995b98999c133e1e991e23e10e0ee8c12c2c5c9a1786481aba9d87bff93ed7b1ed4b41cb1bab9abbab92b1e095effe08dd5e094a61f0ef01906793aaa4e9c7f8fa39945b2ee79f205ad13f81715fec6035fff61e7fe8775fa7c00c120215c9c1c4a2c87d8db89bb1efd567de74eed0bfaec592afc019d4f015b9a21423835708aa355efe1271bba76695d0b40a9d18730b11c8a85e7595bf9db7adbf7ea75150a504af4219c1bb9c0dac4e674ed3cfa0d3d8a01283de2102ab2cc3150bbe7d031870beb14c226411cc2f0f408eb2015b7cfdfb463bf4ef500941e710897a686599b741f7c5c14e9afa201b442fb6d569767c7981a9455f8ea3afb74aa0680046508634b41d6f50b5bfa0e8aa2a8533d0024284318b939ca74bc45929a76dcab533100542843c87a2d5addb4cd5ee6d6a918002a6421541525160e3235a9ebb847a7620008918530b1b2c834835e14c55a84103623b210b20e552baf6970b83c3a150340882e844b734cc7fb1adaf429048018614fc87643e80bb4e953080031b21026a30c7beb0a82e06b68d5a912005a3421cca6d79976f9b439ca8a5e3f06c0a06842988aad301defa9aad3a91200725421645b50d0538d10c2a665929e107be5c2e64513c27422ca747c5979a52e750018004d08731b6c93279c1eaf4e950090a37a3aca369b1e8f466113230a214b4f288a163b06acc1e6457539cad0135a1d4e4ce4854d8c24846a6e235df8d13647997ea500902308613e9b61da7dc9e670ea570c003982102ab2cc74bc153d216c6a242164db0ddb6ab3eb5409801110845055d87a42d172f75dafe1f35455a52ea158aac2b969acb998e0721421e4c3fa6367408ac276d16452142164fc72582c5b7ebd6dae3734ac3f7606c4d7139a6e81765c8e9a8045e2d9d57c33f4845cbf2316c9645f1892df0cc6df75f3dfdb14892f84ac571c06c4f73b62b1da34af4457042164fda1da045fa622718690f129b401f1fd09e809ef8ef5f292e9cdfea6c417c27c8661589231e5d8ff0451b4e09eb08053b28650460879429865191b6840aaa2e4b319d656162bcfff8a96092e47551597a35bb127e4e80605deff152d135c8eca79d3dfdb14c96a7770b4ca326e816c347c21e4fb5fd122e909d97eabf2d90d9d2a310bbef5ff59f721371abefa1dae72cd2bd11b4108ad763bd3ad334268b53b25f6c7ee8a9c67dd83d55036d6a31cadccb86109cd7b429b936162442eb3d543280802dfda02ac0b6a194a3a1ee56865474f5820a679bae43d21e32b635d1601e0bbca4a27d8d6773514bee271395a289bd355f8c1722e2be773fa1573574ca305741ae9ca19c2f89ae695944c8aab7884b0504c21140421938ceb544921988611ebf488dce1e6f96eb1ae746e287cbf207cff285a3421b49b2a846c3da13e63a6dc957e8e56899590e695948622e759f7edbac55d59a379317aa309a1c35dc174fc4632a1532585601ab7a1d39c0f4f15cf460089e590209872f87b626591631e93689110c2429555f8988edf207dcac734f444a7cb51be7da9f2d98c49af48e391058e56eeca6a334e7ca309a1aba28ae978be2b13ad30bd2391f45911c7e9f15aed3cabcec5236c3b221b446299e742dae333e5ee5d443d61395b4fb8be461b42869e90f576b7707c57a4ab0b335a17520aab0bd31cadf8fe45e4082f4719dea7254943b8b11e2bfc607b995ba732f8ae4857e62634af446fd97432b1bcc8d1d0535daf7931254013428b6475b819868064d3eb84232199426873ea15425f432b47abf5d525da67cb1c56e6c6f99e27f1fd8bc8914d7ff454b1fd684597e674aae46e54a62fb17e3d615563275fc3e5b9716d2bd1db3257efedf2569b740b3db21056f8034cc7c78842b8b11e675a6441bf01c42e6f15df16718b13435ad7a2235551c2d3231c0dab1a3b342fa634c842e8f537321d4fd513aeaf2e157eb0cde9e27b8659a0aac6768e56919b374c349d2232cb592d42c88cb5278c866e922c36c3144297b75abf4a04deef99aac8a1f141cd8bd1c9c2e825be86d54d082123b7af86e9955a2e938e2e1274867196c7747a0fd7f0b776f3cdd2981f19d0bc183de436524b533cd7a26e9fdfbcdb3913ae4b257a6b9b981a446eded0a9942f110dcd147eb0de3da1d353e96b68e168188f044df17866e6ca877ccb1c06ba776b5d4be9502e0e57d3bc8de9f8c8cc759d2ab9936c7a3d195d2efc788f4ff797c50d5dfd7c0d272fbca76d259acb67376e5e3dc3d796fbdf62049421ac6eee623a3e1e5928f15bfbd5e014d3f1de3ab6be9d437d573fdfba9aabc169d63fa7c46e0e9ee15bdca9c2dfe8f6f1cc323108ca107aeb9a58b7c29ebf5ed27b1ba6fb139bd3a5f7e5a820080e9787ef19a92008c3a75e37ec2e31e9f8dae4c5937c6d03dd26ee0605da108aa285f5715f70f452c99e91aa8a1299192dfcf8caba66fd8af9b4c6de7d7c0dd75797a678bfe87a1b3a795cce65391a8a164b83996f0805da100a82e06fed613a3e938c87c6afea54cc6d22b33798ae8ebca50a6143f76eeea121930327f86609e96a6ef8fcf2ec185fdb86ae7e930e94f9047108ebb7ed649d8a3e79e1446926aace5e3bc7747c0de32d2e378b24b5f51fe66babc8f2c5377e69a8d1a46b0b3323efbfceddbc63ef11ed6aa1411c429bd3e56fed656ab2bebab438a9fb38ac747c6d99e58d88cde9aae47a79c0a7b9ef00f7d09c8df5d8c01f7ec977eda7b9546ce5e29b2f71dfa9fa5b7bca6b1ab42da9f4e8f7af09f4ee616d32fae19b7aafbf3671fecf4c7bbefb5b7b4ab91990d5ee6ce93bc0dd3c1e099e7ffd3fc8c7b22556163f3efef362e6c7b49bbf1b148c10c2dab6edaccf48d3f1b589f37fd6a91e4110926b9120e3e0a9daf6ed3a157327ed7b8fb0fedf3e2dba387bee77ff46b8f8c56a70eadceffe9d699ad86daa9b3aab9b386796180a7d082d92b569c7bdacada62f9f5ed36bceb83a74f238d33358c966af6d2b7508ed65eeae838f15f309c9e8f299dffc74e1c665ad4a2a90aa281317de3bfffa2f8a59d659b4483b8e3cab5d5194e843280842dbeefb99f74b5394cb7f7cb998dfd13b9919fc88f5a576a07bb74e4bcb7cb9969d0759c7c1df26b7911a7ce7958b6fbca4c77ff20bc5230b677ef3b3f173eff06d85fd89b6ddf79b74318bcf3344089d1e6fa0672f6bab4c6afdd29b2ff18db1b89395f9c9d10fdf626dd55cc4ed593144d1b2e3c8b3c52fbc1f9e1e79ff57ff327cea755df7ae482c872ebff5eb8f5ef949f16b4f393ddeaefb1ed1a42a2330ca8e8a1dfb1e0a5e1f607a162208422c1cfcf8f8cfef7bf6079acc678f47162ebff532eb2f74853fc03a125d43be86d6e6befbe6863e2ef27314393f7bedecdcf0f9fa6d7d81ee3dfed66eadd60ecc6733e1e991e0e8a5e559ce452b3e6fc79167492e3d74629410ba2b6b02bdfb82eca3d212cba1b3bffd59ff63cf57d617f586607976ecf21f7fcdb13f73e7bd0f1773dee2ed78f099d8d29c26afe055450e8d0d86c6066d4e576dfb8eaa409bafa1cdedab61ed6c5555492c87d6423757e7a7223747b57d94ddbee781ba8e1d1a7e2039f1d88b3fa6aee1ff64d3eba75ffe57becb4bd162e9dcff70c7be87f8f6f11b3ff7cef4e50f3806c455f81b0f7ffb459d76622a5c3abefad12b3fd1f6cafc1336a7cb5355e7aaf09595fbca2a7c364799c56a93ac76c966135441ce67e57c4ece6773e9542abe9a4eaca5e36b8995459dde43fa026d07bef60fa23ebbee50315008054198bd766ef8d46bdccd1d2e4fc7feaf366ddf5fe08b6c459683a317a72e9ee47e52bfff99efb38ebcd34978e6fac53fbc64d245ef0be470790e7ffb9f59f750303ea35c8eded2dc77607ee4422c3ccfd73c935abf7efa0f373efaa3bfb5bbb67d87b7b6c95355fbf97b9b8df5582c1c0c4f8f84a7478a79615dd3d26d90040a8250dbb6bde7f0b11b1f313f55320bc966dff3e4df6dbe040a460ba1288afd8f3f7fe6d59f16f3064991f34b5323b766215924c9e12ab7da9d56bb5351f2f96c26934c68b2eba8d5eedc79f46f8aff1c0d75ec3d72ebd29aba10ed4956dbfea7bf67d26545efca58211404c15d59b3eb91e72ebdf5b2269fa6c8b24e8fddb73ff094011735d976ef515551741d4e547a92d5b6efe9ef997731b5bb32e20d6e5d675ffbde07a9abf832759d7d1ca37c4aa3ebc0a3db36d13b34c966dff7d47737c7f0b43b3162080541e83974acaeb38fba8a2fe6ad6bee7fecdbd4557c99ae038fee7efc3b9be04d9abbb2e6d037ff89751914d331680845d1b2e78917ea3b77521772bbb20adffea7ff9ee34548893574f77fe5b97f2cc1721bfaa96ddb7ee85b2ff26d83632e060da12008a2c5b2fb89efd46f33500e5ddeeafb9efda1bd4caf85eeb5555e5d7fe85b2f1af682e24b8816a9fbe063fb9efeaeaecb991b87b1de137e9eaa2a6367fe3475e934f91b306f6dd3fe67beafdf7e2ffa094f5f1f39fd3fe9b839b6ecad6eeabce7a1af997af53456460fe12de1e9eb57df7d55a711218568e8dab5f3e873e6bdcb92f3b9c98193d397dee75b5ab7341ceef2defb9f32f532be7ccc11424110d2f1d56b278eaf947c19699ba36cc791bf0ef4304fff37a0747c75faf2e9f99101bdd72560e5f4785bfb0fb7f41db4da1dd4b510304d086f094f5f1ffdf00da655b1b989a258dfb5abf7f05f997d31afdbe43652b3d7cedebc7a26935aa7ae4528afae6fdff360a067b7569336ccc8642114044155e4b9e1f333831fe9ba1a775d675fd78147cbcdb9fd722114391f9e1e599cb8169e192dfda24f0e77795d475f43d7ae4dfc0abe70e60be12756e62767af9d5b9a1a2e728ef6a7959557067af636f6eedd3a0f0614391fb9796371e2dacadc442695d0f55ceeca1a7f6b6ffdb69d950dada2483cf5c4384c1cc25bf2d98dd5e0d4f2ecf8f2dc385fdf6891acdebaa6aa40474d4b5755633bf9bc2442e94434ba381b5b9a8d2ecec597178aef21ed65ee0a7f63657d4b657d4b655db3cde9d2a4ce4dc6f421fcb46c3ab9be1a4e4623c96824155dc96ea4e45c46ce65f3b98c22cb92d526596d92cd6eb53b9c9e4a97b7dae5ad7257d654f81b2d92e1c6d01a416e23756b7e603a114d27a2b94c4acee5947ceeffe710e6445194ac368bd52e59ad92d52e596d7697a7acbcb2acdce72caf2c2bf76dcd072dac36d597cf5ee6ae6a6ce7de2f056e6373ba6c4e5705e3c6e6c0cab8236600b608841080184208400c2104208610021043080188218400c41042006208210031841080184208400c2104208610021043080188218400c41042006208210031841080184208400c2104208610021043080188218400c41042006208210031841080184208400c2104208610021043080188218400c41042006208210031841080184208400c2104208610021043080188218400c41042006208210031841080184208400c2104208610021043080188218400c41042006208210031841080184208400c2104208610021043080188218400c41042006208210031841080184208400c2104208610021043080188218400c41042006208210031841080184208400c2104208610021043080188218400c41042006208210031841080184208400c2104208610021043080188218400c410420062ff0b4d4d344afaad0dad0000000049454e44ae426082');

INSERT INTO issuers(issuer_id, did, name)
  VALUES('25cd6766-e169-44f8-b9f5-b9f9b51b1a4b', 'did:atala:25090629b8452f35be320dac8e74400bccfc1af66fa1aee9112fefcdd04007f6', 'University of დმანისი');
INSERT INTO participants(id, tpe, did, name, logo)
  VALUES('25cd6766-e169-44f8-b9f5-b9f9b51b1a4b', 'issuer', 'did:atala:25090629b8452f35be320dac8e74400bccfc1af66fa1aee9112fefcdd04007f6', 'University of დმანისი', E'\\x89504e470d0a1a0a0000000d494844520000012c0000012c0802000000f61f1922000021f549444154789ceddde97b1bc79d27f06adc370182e07ddfa22851a448ddf7654bb67c8e2dcf24f1c4b3c9646732c9ccab79b1ffc03c33fbecce6eb24f12efc459d9717cc4b622d9b262d9962c59d44191a278df1748821740f000711040a3f70577f9e89128b2abd0ddd5907f9f977457a30ce1dbd55d5d0773f267ff8a0000f42868570080ef3a08210094410801a00c42080065104200288310024019841000ca20840050062104803208210094410801a00c42080065104200288310024019841000ca20840050062104803208210094410801a00c42080065104200288310024019841000ca20840050062104803208210094410801a00c42080065104200288310024019841000ca20840050062104803208210094410801a00c42080065104200288310024019841000ca20840050062104803208210094410801a00c42080065104200288310024019841000ca20840050062104803208210094410801a00c42080065104200288310024019841000ca20840050062104803208210094410801a00c42080065104200288310024019841000ca20840050062104803208210094410801a00c420800651042002853d1ae004878aeeea6b6af3fc22d55bce358c9cee362d447320de7def4ba86704b1d7ee3bfe84c490ffe055a4200288310024019841000ca20840050062104803208210094410801a00c42080065104200288310024019841000ca20840050062104803208210094410801a00c42080065104200288310024019841000ca20840050062104803208210094410801a00c42080065104200288310024019841000ca20840050062104803208210094410801a00c420800651042002883100240196c972db5482810f4cd87834be150201a0ec5d828c7b28c52a95469546aad52a3516b0d46ab5da337d1ae299048c28730b4b4b0e876f9e73dfe794f60de130efaa391301b59662361849042a9d2e88d5aa3c568735852326d99f9667b1a428c94350c2c78bdaec18599f145f7847fce1d590ef229a5d2e88c56bbd1966acf2eb26717eb2d36b1eb096849c810c6d8a87ba4c733da3f3b3ee09ff7ac73241b8d449683fe798fd735b4f217adc19c5ebc25abbc26292d47cc3a727393cea9fef6e9e1cee0e21c41f96838b430e35a98714df4de4708e92dc9a9f965d91575164796d05505942558087db353e39d8daedee64828407686e580cfd976cbd9762b292dbb68fbe1b4a24a616b18590e8e77358eb6df092ccc0a78dae0a2d7d976dbd976dbe2c8ccd9bc236b53ad52a516f0fc80a28409a17fcedd73f3d2cc709750275c981e6fbef4fba4d4ec8a83cf5bd373e33f61341c1abe7f63a4a53e1a0ec57fb6c759744f745e3b3fd078b564e7f1ec8a5a8681aeb5849700218c84027db72f8f75dde56231c14fbe30337efba35fe555ed29df7b4aa124fe3638577773cfcd4be1e09290957bbc65ff62c7d54f465aea2b0e3e6fcf2e92e6438148e41ec2b9899196cbef8796e6c5fc10ced97ad33b3e58f3cceb86243b6ee165bfafedeb3f7a46fbc4a8d9fa96bcd38de7ffa370fbe1929dc719053489894aceff72dc60e3d586736f8a9cc0ffc7373b75eb8fff6bb5ff86a7d9f1c1faf7ff9d4a0257701c37d874b5e1dc6fa4f9968018641a428ee33aae9eebbb7399e384bf057d9c4828d078e12dfe8f9d639d771b2ffc361cf48b5a2b3ee6269db73ffaf5fa1dc540b6e418428e8bb57df5e158e75de93f3ac6469b2fbd3b33d2bde191c3f76f745cfd448cc75432a1a5f9864f7eb3e49da65d11804d8e21ecb8f2c9cacb312ab8187bffd2bb5ed7f03ac7385b6ff6d45f94ac4a3c2d077c773ef98d7fce4dbb22008fec42e86cbd39dedd44b70e3136da7ce99dc7bde89b1a6cefbef199c455e229120adcbb7856d477244070f20aa1d735d42d8f1626120adcbbf8361b8d3cf477dfec54db971f721c47a5567cf8e73d2d5fbc27e71a8287c82884d170a8e5f2fbf279ca5af24e775efbd3837f6123e1fb7f7ef7d164ca8ddbd93b70f76bdab5007cc9e83d61efad3f2ffb17053ca15aab5769f52a8d1621b4ec5f0c070308e1b50faeee7ba9f9e5e9c55b576b28c81397d19a624a4e33d9d374468b52ad5569b431968d8643e1a0df373be5f34cc6dfbf32d8f44d7af116b33d3dfeda02b1c92584f353ceb18e86384fc2300a6b7aae23afcc9659604a763c341b28c6b2de89a199a1aea981b6e500dfa12d9dd7ce2767156af4a6b9c91167dbed78aa979c559859bacd915fa63359d73f32e89b9b1eec18ed6820ce3c17633bae9edbfdcadf493c650410904b08bbae5f88e73146add5e754eeccdbba7b9ddfb742a94cc92949c92929db7b6aa4a57eb8f93a9f5945e1a0bffbc6c5aa1367baae7f8adb90aeca28dd56b4fd90392583e7f17ab32d7fdbfebcaa7d53fd6dbdb7bf082e7a093e747eca39dade90bb6517415920255984d03dd2b330e3222bcb304c76455dd99e936a9d816711a54a5d547b3867735dcbe5f767c706363c7ea2f7be42a95a7493d4d06873541e7e2939ab90a02cc33019a5558efcf29efa8b646f4dfb1bbeccdab41de65bc89c2c3a66061aaf9215546bf5b5cffd4de59197f9277095466faa7bfe47457547f91c3cded5885f3b945ebc65ef6bff4896c0552a8db6f2c8cb15079e23b8b10c07fd631d77e2f9742001fa219c1d1b989f721214d45b92f79cf9594a6e29f147330c53baeb44f9be6789cfb08ec2ed87aa4f7e4fa85628af6a6fd5893304391c6abe1e63a382d40188847e0847892ed55aa365c70b3f2698f4f0a882eafda5bb9f8eff3c0fcadbbaa76ccf49613b4532cbaa4b761ec32db5ecf79135e34032944318590ece0c6f3c50f3210aa5aaf6f41b86a464a1aa51547b38b752b00e8cb4c2cd15079f13ea6c0f2ade712cadb002b7d468dcddce4054944338d9d74270b3b469ffb31647a6b035d974e074525a76fce7d199ac5b8ebd22de8b81cd875e526bf558457c9ec945f78448f501f1a31c42574f336e91e4acc2dc2dbb05af8942a9aa3ef97d820e9e876c3dfe2a6e48b0688de6b23d27714b511f8e0bd6413384cb81a5f9a931ac220cc3541c10e54e0f21a437dbcaf73d13cf19d28bb648b0d84476451deec3f0645f0b176345aa0f8813cd107a46fb705f7f6796d5f07fe54d207bd3f6e4ac02b2b20aa5b26cef2961ebb32646a128ae3b8255241cf4af3f390b50443d84780aaaf78b5193073095875f5628950425334bab05ec2bdae0b3caaa7197e8768ff68a541910278a21e43ca3fd5805ecd945a236832b8c3607d93367feb67d8257e6711885326bd376ac221e27b58570c0faa88570c9ebc65d2030ab1cef6747aca8f6b052adc12a929c5528c105e241399b77601def9b9d0a2d2d885419100f6a215c9819c73a5ea154a5156d16a9320fd1e84df95578cd5a6659b54895799c95f950584566c7f06e3d8034a885701173c4764a4e894aa313a9328f2aa839c0bf3164148a74a197d3e723b56013d6f1b87dd1401af45a42375e4b68cf2916a9266b8ab16c8cf70c7a7b5651fc2f1809a4e6e38510f73b07d2a015420e770c87c48bbdcf0c75f29fdf98925b226a651e27292d076be97e9f670ade16ca109d1086961657f60fe449a5d19953245da9c1c3639ee1aa38272b1153289549a91843ed626cd4370b0b93ca0e9d10e24e15b73832245ea6616e82efab6d95466b49a5b667a035230feb78b2a9c9405474421858c00ba13945e0e1daeb0b2d2d2c077c3c0fb638b228ee4f9684b967282c952f43944288d9124abc6a98cf33c9ff60895f0f3ec4949c8a753ceee50f4880d6ed28de0ed2824cdee56f696e86ffc174971534da1c0c8371a31e5c1472ff6020083a21e47fb3b7426fb68a5391b505e6317ea97443a850aa74661bffe3a12594213a218c84b0b61363365ca85358411f46432dd9a0edc7c1ba424596837c167a0452a213c27028c0ff608dde4036ad815888f742e00aa50a773683e074460bd6f1c22e730ee247ab25c4b8188b3a517d4dfc7fa612df27af496b4ac23a3e1cc4b8020209500821178b61eddd25f988308eff354287190031e0b68498cf024074144288bb7b9ec42d6134bccc7f8f6e2a43461fae03e6f783f52c0024402184b8cbab29a45dc53db28cd34a4b7eabfc2895166f724904422833544288378658a190b457868d2cf33f581621c49ce1052da1dcd00821e6407e89bb46d9284643ad924108d5982d21d6550648804ac70c5e0819695b42fed308114258338944825b07dc3b1120b604b81d45d26ebf8ed5502b14f437f3c0bd48c19442b9a1f21bc20b15eeed6bbc78778d2299b48498218496506e288450e6576eac0d831959b484787590faa2063642e137847de58e61344d02c099948077b03870673372d012ca4c22b484d2fe68b0ae1172f841e3b66c1ce6e300101b8d965029ebdb27acbb3bfe636bc4837bbb2ef17bd7c7c1baed97274ea07b342a2d215e6706d69250f153e0544f0ecf57b83f0589dfbb3ece13d0491b8b09b30f398510aa3057989778fe1bd66f9463e9b784b81702e1dfbb123d183f019db4642de1a3cff01442a8546bb07e07128710ab6e6c54d2567a4dd8c300857ead4276c227a12524ba8e3c7a95a7d3c38e35d22a2a754b88f193c29d112206dc3a087e3b4a164239dcc9c789ec3af2e884045a21c41872c9462352deba605d20b0a65c88043f84b268097127d3c810d9ff825c5a42dc71cfd1b0748da14aabe7bf7e993c5a42bc01d982cffc200ba1c43738622078506218852c9e0911421accb9b0a125e99645611886ff35420e8b266187506714b60264210ce32c7122435c2c86fbcd238414aa35be2b3a21d462aec820f1ee96fcaf11cb7ebcb51bc510c65c3f12f70ab8a1ef664b4876fd5df3bba21342dca559240e21ff452be4b0f72dee22ae6abdc0215469b404a5127d6e315908d7fcaee88410779132d986301a0e493c96e051fc17685c21784ba835902cfa98e8ab6c90d55f6b303ffa476809d7a0c7596b987a63887b4b2cf833a14aa353e2af031463a3e16002affb165a9a2728b5e6052b314218f449ba78bb1e67516dff02e57d8eb0d60b67140a9d09ef819c0f0d516318f4cd0b5d11e90417e7094a69e4d312ea2dc958db982c79317668899fc182114289ebf690482880755fa43359c5d8c86dcdbbac0d497c6d151659e565743baa54a9b1b6310907fd52debae8f1424873ef5bdcfd0645da39833084989b73c94a80a8f2320a21c2df584fca0607eb979a6021c4b9bef0a735928430a1b78822bb82acf945254e08e7a4fbadabb57afe1da43ecf14c5090158fb9922cc469e3fa3d54150ca378b5779f988b151ffbc9ba0a0d19af2e81f2986300debf8a559491b1c8b83ef06dd31364a7123f8859931ace34d3692b46c7c5acc4bea0a9f671277d52f99f0cd4e11cc6362144a7985d06cc7db657a7e7a54a49aac096b2ff8b949a778355907c7718bee09ac229654bc3dee79c2bda4ae88869713f48e14f76b5f61b4dad79c28472d84969474ace14e3ecfa494e3eeb17eac7313c3e2d5641d4bde69ace18b6a9d418fd31fc69fce9484bb1aff0a8a3711f1c07d0a5861b2ad7da9a2164246a1e47fcb87108ab1ac94ff6049a9d9fc0ff68cf5539998333bd68f753c56f38e8bec8ed43b31227445a4e025baec3eee2ba2b96c66525a0ed6f1f353d2dd911a9292f94ff96123e1d9f14151ebb326cf285e0845ba175d4176473a3b3620784dc4160efa7d9e298282267bfa9a7fa719426b7a2ed6f17393523e1632c9d945fc8f9e19ea12af2a6b8ab151af6b08ab08ee178ec5969147506ac93b9d70db77cf8ef593f5273dee2ba219425b3ade3fdbecf88094ebe4a5e496f03f78b2bf55e23b52f7480f8bb3770dc328ec3897155cc9598427f760de5453e7216abd0d49f6c78dd6a41942bdc56648b2f33f3e120a2c4ce3f5c8c7c3915bcaffe0c872706aa05dbcca3ccad57b1feb786b7a0e59df094f86a4641dcec0f75553031d42d745445c2c36334c72d7939c55f8b8ff44792b05acd60621e419ed13a9268fd25b92b1ae11a31d0de255e62191e5a07ba407ab480ace35854c7256014129b7b33781a653b847096b2be710e2fd32dc4ee942881072e497f33f786e6258b27715631d0db877bf9284f0b1bfb375703176b2bf55f0ca8864a2a799aca03d5bae21b46717612d3bbf303d26e55533abac1aebf8be3b5f8a549307c55876a4b51eab88ce9484db174dc091578a10c942c0e35d4d8257460c9150609aa807ce6873ac73af4e39842a8d0eab578de362523e7a25a5e560bdfef2ba86dcce5ef1eab3c2d5dd843b9137b3741bd6dc31323a93d59641d201bbe8762544f7cc484b3d59f75b66e9b675fe2bfdedf5d28bb6601d3fd9df224e45d69655be1debf8ce6fce112cc2c55f6439d877e7326ea9ac4d78ff17c4324aaac80a0e365e11b626828b8643ceb65b6465d7ff5a6410c2e2ad581769af6b44ca152532cbaab1aa17f4cdf7deba245e7dfaef5cc6bd21b738b2c8dea413482fa9229b34ec750de3bef69498b3f516d9e24e16479671dd71f3f443a8359aad19f9382538299fe375a6a4b4a24aac22a3ed775cdda23ce4b8477a9c6d77704be56cae13a3326bd21a4c647da408a1ce6be765bb4b4c70716ef0de376465334b37b83ba01f4284504631de1da9c4cff1c57547718b747c73ceeb12b8a734e89b6bfdea43dcb11a1abd296b53adb035591fee0dfcaa25eff410e90f5d6c1ddf9c235b568f512832d67d2044720961e936ac5d4a96bcd3528e3934a764a4e66fc22a1263d9a6cf7e27e05bcd65ff62e3f9df122cb35750bd9f6029b47864946ec35dc86bd560d355b25942a21aebbc4bfc4f995152b5e1b7218b106af4c6d482cd5845881f91c914d51dc12dc246c24d9f9d1def6a8cffd3838bde86736fe2ae648110526bf5b95b76c75f012c0aa532bf6a2f59d918cbdebb785656a349e72646baae9f272e5e587370c36364114284506ee50eace36786bba55c30cf9a9e4bd0efc7c5d8f62b1f377ffef6726089f8a3a7073b6e7ef00b820422840a6a0e902d8f1da79cca9dc443e4424b0b4d9f9da5bea4f28ac0c2ecbdcfdf267e5275e4959953369ebc2e9710da738ab1c688715cccd97a53bcfa3c6ad381d3643face9a1ae6f7fff5ffb6e63f76a2e79679a2ffdbef9d2efc93ae58c364741f5c6976131a834badcca9dc4c517ddaebbe7ff83fa5836dfec54c3b937e35929bc80473388e4134284981ccc7fb6d1f6dbf1b430b8b40673d99e936465a3e1d060d3d56b67ffa5e58b3f4cf6b7aebfa11a1b094ff6b5debb78b6febd7f9f1e241fdcbcf9d08b14b7a72fa83918cf1e6cf353a3773efe15c5c52fbcaea13b1fff3a9e9761f6ec229ed35698933ffb57e28f1156341cfae6fffc0bd68e7f05d5fbcbf73d2b5e951ec1359c7b53886e4f466fb199ede97a73924aa353697431361a590e8503be45cfa47fcecd71249ba13f28ab7cfbd6e3afc65dcfb838db6e755dbf10cf19d43a43c581e73231070fc6898bc506ef7d3370f74a3c1b7a330ae5bebffc279ec3ad04deb4351e2bf73043cdd7f917196dbf535073906ce55922ccb6a7bf77f3835fc4dd73c00517bdc145b12ef3469ba3e2e0f3229d9cbfdc2dbbc6bb1ae3e9ed8c8402ad5f7e30d9dfb6f9d00bc43dae5816dd13ed573e8e7f2195fc6dfbf80f7894cfed284208e557efc75afd898d46241eeea435986b4efd80e26dde86541aedf667fe9a4a7fcc4318465171f005b221dd0f9a19eebafecebf755e3b2f6a579ccf3379ffd2bb373ff845fc09d499924a761ce37fbcbc42a835987147398eb637902d7d45cc9a9ebbf9d08b527e220e66ebb157d71f2425255b465e0e66bff79a626c74b4fdf6f577feade5f27b33c3ddf1dc283e241a5e9ee8bddf78e1adfaf7ffe7d460bb20eba0561c7c41a9d6f03f5e46b7a32b8a6a0fbbbaeff11fabce71b1ceebe777bdfc9fe3bfe2f2975d511763a39dd72ec86ced5aa6f2c84bb883ecc45671e0b985e931415ec1733176b2af75b2af55ad33a416542467e6db32f28db614dc7f7a8e8bf93c9373934eeff890db89b74ac8860aaaf7a7155660159151c7ccaa9efacf87ef7f8b5564ebf15789474b111bef6aecb8fa8994cbdeac8361982d47ff42e2116a3c0517bd373ff805d98b960da9750653729ac162d39b6d7a8b4dadd52b546aa54aa354ab1187d868988d46d86838120c0416bd41df5c7071ce373b25d27b485b66fece177f82354516c9b025440815d51d19ef6ac4fa37eba9bfe4c82bd7e805defe727dd915752a8db6edeb8fa8bf595628555b8fbdb2e118455af496e4ad27cedcfbec6d316e1c22a180946b1aac436b30553ffd3ddc0422b93d13ae506bf545b587b18a84834bed573e16a93eeb482fdebaf7cccff98c8a108fd19ab2fb959fca36812b52f33795ed257ccb9a10946a4df5a9d7b546920d58e5184284505ed55eac013408a199e1ae3109975a5a65b439f6bcfa0fb95b7649f950ba2aa3b46acf999f63ad654e4b61cdc1925d2768d742144a95baf6f41b642baf22d98650a154551e7919b75477fd45b23196715228559b0fbdb8f7b59f8bbab0e743cc29193b5ef8d1b6a7fe4a0e6f23782aae3b5a8cd3779f10942af5f6d36f902d72b5428e1d33abdabefaa3abe71e5611b33d7df72b3fc5ea2016967ba4a7ffeed7a2ae8faab7d88a6a8f6457d449b06c8c18fa1bbe1ab8fb35ed5a0843a9d66c7fe6757b0edeca9d0f917508c341ff8d3ffc37dc81bca90515db9f7d9dcacde1aa45f7c45867c3446f0bd628bcf5318cc2915f9e5bb93325af2c41e3b76ab2afb5fdeac7d43bb4e264b4a6d43cf37afc4b87c83a8408a1c9bed696cbefe1962aaa3d5cbafb6931ea83858d46bce3839eb181d9f1019f678aac6f506b30256717a7e4143bf2cac976a59627dfec54f3e7ef041666695784506afea6aaa75e13645173b9871011dd942284b61c7b255b4e2fcdc241bfcf33e19ff7f8e73cfe054fc8371f8d84d9c8321b09b3d128c3304ab546a9d6a8d41ab5ce68b4da8d5687d196624a4e936c8d26e9459683ed573e8e67a608158c4259b2e36851dd11a1eeb61220846c245cfffeffc0bd64328ca2eaa9d78857e0931647f7e699ae99e1eeae6f3f156f38bbb0ecd9459b0fbd28ecc0c004082142686166fcf647bfc21d31c82814d5277f803b8608488f8d46069bbe196ebe4e65af559eb44673f9be67d75fc6974c62841021e46cbdd9f5eda7b8a5144a65f5a91fe02ed304a8082e7a87ef7f3bded524ec60cef8e94c4979557b732b7789f4362861428810eab8fac958e75ddc528c425179f8a5ec0ae9d6de04f1888402a3edb79d6db7a45c36e171ccf6f482ea039965db18858893d71229843196bd7bfe7fcf11ed725eb2f3f893f79af8091663a333c35d5303ed33233dd2bfc9d01acd69859519255be37905cf5f22851021140e2eddfaf09764933bb32bea361f7a016bd230a02ec646ddcedea981f6d9b181e500de3638b88cd614475e797af1166b469e946f62132c840821ff9cfbce27bf265b8a2b2935abfae4f7f59664c16b052410f4cdcf4f8d2e4c8fce4f8d2d7a26e26f21357aa3c591654dcfb5a6e75ad372d43a8320f5c495782144082dccb8eefee94db2cd8fd45afdd6e367520ba0ab26e145428195f98141df7cd0371f590eb091482c1af9ff7308230cc328556a854aa354a9942a8d52a5d6184c7ab3556fb6e9cc56bdd9269361b70919428490d735d478e12dd21e6d266febeeb23d27290e310560954c67516c2839abb0e6d40f481ff03867dbad1b7ff8ef02ee150100b1440d2142c8915f5e7bfa87c4ad59d037d778e1adb6af3f9272b743001e95a8b7a3abe6269d4d9ffe2e9ec90a0ca3482dacc8dbba47cad98000ac4af810228416ddaec60b6fc5bf758129393577cbeeacf21a4186c603c0d3931042845070d1dbf4d9d925ef74fca752aa35d91575f955fb0c49f0260348e109092142281a0eb57cf19edbd92bc8d91886492ddc5c50bddf86b7953700d89e9c102284382ed6fdeda7ceb6db029ed39a9e5b507d20ada832d127b303d97a72c6702d79675c3df7a687ba843dedfcd4e8fd3fbf6bb4398a6a0f67965613ac2a09c0fa12be25e4b8d8f460c7f0fdfaf929a7d89fa5b724176d3f94b5693b0c4005024ae010c6d8e868c79d9196fae0e29c949fab332515d71dcdaea883561108222143c8713157f7bdfe86af28be673724d94b761ecf28dd06cf8a204e8917c2d9f1c1ce6b7ff2cfb969570421844cc969a5bb9f861534403c12e9d9261cf4f7d47f4eb0f29a7896bcd3cd9fbf6dcf2edab4ff34dd1d2940e24a98967066b8bbfdca47f10f8b1109c330d9157525bb9ed21a4cb4eb02124c02b4843136da73f392b3f526ed8aac87e3b8b1cebb93fd6da5bb4ee46edd030f8a803fb98730b4b470efe25941f6799540341ceafaf653574f73e591971362a7242007b2ee645f981ebbf5e12f132581ab1666c66f7df8cbee1b17e5b6741f9027f9b684d3439dad97df8fff776c48b2dbb38b6c9905064bb2d668d61a2d81798f7bb4cf3dd23337e9c45d5098278e8b8db4dc703b7baa8e9f494acb11e323c01343a61d33937d2dad5f7dc8c562c46750eb0c3915753995bbd6990c110d2f7bc6faa6073bdd233d22eda8ce281445b5478aeb8ec29b7df038720ce1787753c7958f398e707f73adc15cb2eb4456790dffc1655c2ce6750d4e0d764c0db48bd1016b4dcfad3ef93d9dc92af899c1134076219cec6f6dbdfc3e59021985226febde929dc78867e572b19867ac7fb2af757aa8836c35b7c7d1e88d55275e4bc92d15f09ce0c920af10ce8e0d347df6bb184bf29c6648b2579ffcbe507d926c243c39d036ded548b6e0f79a188629de79bcb8eea85027044f061975ccb09170cbe5f7c812e8c82faf3af19a5aab17aa324ab5267b536df6a65aff9cdbd97673bcfb5efc4bcd721cd77fe7cbc0fcec96a32f8bbab701482cf26a09ddcedee6cfdfc15d4db4b0e660d9de93a26ef1170d87c63aef8eb4d40b3264dc9e535273eafbb0920d5821af10228466c7faef5d7c9bff9b89e2baa325bb4e885aa55531961def6e1c6aba16f4c53b79cae2c8dcf1c28f69adbb0e644576214408cd8e0fdebb7896cfed1f95bd96b8183bda7e67a0f14a9cfda81647d68e177f2ce02d344850727c7965cf2eaa7bee6f365cd5b7a0e60095ddce188532af6aefc1d7ffb9a0e6603c6fff16ddaec6f3bf8d67c554f0649063081142b6cc82bae77fb4ce539323bfbc6ccf2929abf410954657bef7d4ded7fed19a9e4b7c928599f1962fdee338f23109e00920d31022846c197975cfffa73573684a4edbf6d45fc961a682d99ebeeb2ffebe74f753c44da2dbd9db73e373616b05128b7c438810b2a6e73efad4a4d2e8b63ffb43996c6a85106218a6a8f6c8ce977ea23325919d61a4b57ea2f7beb0b5020944d621440825a566ef78f16f1fec45ac38f8bc0cd7c6b665e4ef7ee5a7c443053aaf9d877d69beb3e41e428490c591b9f3c5bfd5e88d08a1f4e22d59e535b46bb4369d2969d7cb7f47b6cb79341c6afbfa23c1ab04124202841021644ec9d8f9d24f2c8ecccac32fd1aecb7a946a4dede937ace979046567c7faa7073b04af1290bfc4082142c8949cb6e7cccfe5ff765ba9d6d49efea1de622328db7bfb0be829fd0e4a98102284e4d01dca875a67a839f53ac12addfe39f7645fab185502729648214c2016476641cd418282639d0d825706c81c84502c45b587095e5a785dc3fe798f18f501b20521148b52a5ceabda4b507066b85bf0ca003983108a2867f30e8291347313c3625406c8168450446aad9ee07585047bbc015981108a2b39b300b7c87260896c790190a02084e23258ed04a5c2419fe03501b225a335669e4899a5db1c7965b8a556c6e881ef0808a1b8144a95d660a65d0b206b703b0a0065104200288310024019841000ca20840050062104803208210094410801a00c42080065104200288310024019841000ca20840050062104803208210094410801a00c42080065104200288310024019841000ca20840050062104803208210094410801a00c42080065104200288310024019841000ca20840050062104803208210094410801a00c42080065104200288310024019841000ca20840050f67f01f41c1aeea689fd2d0000000049454e44ae426082');

INSERT INTO issuers(issuer_id, did, name)
  VALUES('da52ef12-5835-4352-a89c-c48d505f09ed', 'did:atala:7ee89dd1daa4c7eb7f03fe0fa916bb3861ad4ffa794d20e2eed5c167b0f61d6c', 'University of სენაკი');
INSERT INTO participants(id, tpe, did, name, logo)
  VALUES('da52ef12-5835-4352-a89c-c48d505f09ed', 'issuer', 'did:atala:7ee89dd1daa4c7eb7f03fe0fa916bb3861ad4ffa794d20e2eed5c167b0f61d6c', 'University of სენაკი', E'\\x89504e470d0a1a0a0000000d494844520000012c0000012c0802000000f61f19220000141b49444154789cedddf9731be77dc7f167719f24c0fb3e24919228ca147558b6645bb11c5faded3899baf1c49d499de94c7e683d9de97f91fed6f4483b6ddab8d3e9783c89a2d8495a5f95e5a96e4ab62ecae27ddf00098004886bd11fe42a72648bfb3cd807df5dece7f5f3b3e4430cdf58608f6795e7dff81103003a36ea0900581d22042086080188214200628810801822042086080188214200628810801822042086080188214200628810801822042086080188214200628810801822042086080188214200628810801822042086080188214200628810801822042086080188214200628810801822042086080188214200628810801822042086080188214200628810801822042086080188214200628810801822042086080188214200628810801822042086080188214200628810809883f0774767c7e2cb731a07d7b47505aaeaa5ce07800465840b23d726af9dd338f8a16fbe8208a12ce1e32800314408400c110210438400c4102100314408400c110210438400c4102100314408400c110210438400c4102100314408400c110210438400c4102100314408408c72790bd06869e2d6c8850f78b76add73b8b5f7b08cf994cc8d5327e24b33bc5b1d7ce9072e6f40c67c24418426904d6dc4966679b7aaed88cb984c296dac2e0bfce16a3e2f6332f2e0e32800314408400c110210438400c4102100314408400c110210438400c4102100314408400c110210438400c4102100314408400c110210438400c4102100314408400c110210438400c4102100314408400c110210438400c42cbaf86f2a1edd5ce7581bd75759e5f657c89b0f589945231cbb727aeafa79ede3f73dfbbdc6ee3e79f3012bb3e8c751de95d2fde11a493301b06a84b92cd7785f25220459ac1a21cf9ed0ed0b3a5c6e7993018bb36884f93cc79ed017c26e1024b268845c7b423f2204992c1b21c79e10118254968d30a77d302204a9ac1a618e23427c2704a9ac1a21c79e50f155564b9c0a589e6523d47a60c61bacb43b9c5227031667d908b51e98c1675190cdb2116add13e2a80cc866d108f39a2f5b4384209b4523e4d913d64a9d0980152354f379c60a1a07e3d028c866c5080b05957a0a00bf63c508ed0e07638ac6c1d9744aea6400ac1821638adda9f5d45f7a8363150c0001d68c90395c1e8d23139105a93301b06884de6048e3c8f8cabccc89005836c28a2a8d2357e7c6b51f4a051060d108fd9a4f3c64521bf1e539a993018bb3688415752dda072f4f7c2e6f2600168d30d4d0aa7df0dcd055793301b068846e5fd01b0c6b1cbc1e5dc4275290c7a21132c66adabab40f9eb935206f266071d68db0aeb347fbe0d95b977399b4bcc980955937c2ead61dda6f99cf653667b1330439ac1ba1dde1e4da194e5c3d832bbf4106eb46c8186be939a87d70321699c7615290c0d21156b776790221ede3472e7d849d21e8ced2112a8ad2d6fbb0f6f11babcbd81982ee2c1d2163ac6defa376a74bfbf8a1f3ef71adde0db025ab47e8f4f85af71cd63e3e155f9dbc7a46de7cc082ac1e2163acb3ff719b9de3b1e1a303a7b29b4979f301ab4184cc13a86cef3ba27d7c369d1a3aff9ebcf980d52042c618db7ef0b8d3edd53e7efac685d8e28cbcf980a52042c61873babddb0f1ed73ebe5028dcfcf844a1809b7d410788f00b1dfb8e06aaeab58f8f2dcd4e5d3f276f3e601d88f00b8acddefbe477b42f85c8181b3eff7e26b5216f4a601188f077c24d1dad7b0e691f9f4da76e9ffd2f79f3018b40845fb2f3c8f32eaf5ffbf899c181d8e2b4bcf9801520c22f717a7c3b8ffe01cf16859ba77f85e5d8a01888f0f7b5ec3e106eead03e3eb638bd387a53da74a0fc21c2fb297b8ebdac283c47682e7c809d210843845f2158d3d8d0f590f6f189c8c2c2c87579f381f28608bf5ad7c34f2b0ac78b3372f123799381f28608bf9a3f5cdbb4ab5ffbf8446421323d226f3e50c610e1d7eaec7f826bfce4b5b3926602e50d117ead60754355f336ede397c66fa5126bd2a603650b113e48fb431cb738150aeaf4cd8bf22603e50a113e48fdb63d6e5f50fbf8f9a1cfa4cd05ca16227c10c5666bd8d1ab7d7c3216892de13e43e08308b7d0b0a38f6bfcfc309663033e88700be1a60eb7bf42fb789cb5075e88700b8aa2d475eed63e3e155f4dc622f2e603e507116e8deb4405630c67ed810b22dc5a356f8433a39266026509116ecdedaff0876ab48f8fce8ec99b0c941f44a849655d8bf6c1e964229d4cc89b0c941944a849a0ba816b7c62655ed24ca0fc20424d82357c11c60d1061192c8b5a502df1203a44a849b0ca7c7bc2829aa79e42b154d5120fc042849a7882955c0b5e6caeafe9f9eb797ef55d6adef4118aed09b9eec63602934d978aa2d8b89642dc5c8fe9f8dbb91e1a755739ec0985de476c76bbee33910a116ac575f1dae67a5cc75f2d16a16afe08c5de476c0ea7ee33910a116ac515a19acfe9f80c43c108cdff4461b13f017bc2b2e5e079aa36632c9749ebf5abc522cca5537a4d804a96ff4f50141bbe13962d9b9def434e3e97d5ef578b4498d93477840555157823b339445e2b5ab4118a1cf4a3c2fb21873c42b3ef090576834cf4b5a24519a162e3f8b756a9cfdbf27edd57f58bd0e1720b6c95d1ef4b2909b108c55e2b5a941172ed5be82f9ee0bd0045bfddbcdb1710d84ac7234324c4e6cfb52690419046c8b327243febc57bc4df66d3ed7391c3e5b1f31f7657f339533fc354ec8207b1372c5aa6d913929ff5e2dd15eb7ba0dc25f4bf65ea755053f13581ad5cd813725178be43e7b3197933d1827757ccf58d774b629fb25289a88e732831b1c9e3e3281f3b4f84d9f4a6bc9968c17be258df3da16084f1551de7506249a1c923423e0eb747fb60f203eebcef023a47e817f9df4ac6ccbc27148b50e885a24519a1cbc37149b4d8016b1df19e3876b838de62b6e40fd50a6c9588d0df512546cde736d6960536e45a88c4202823747a7cda07939ff5ca6538f6848acda66f8481aa3a81ad122bf3267d847022b22070524ab1d911211fc29b830470ed8a9d6e8ef7172d0255f5025be53269937e228d2fcf096ce50f55eb7b3cac344cb3274c6fc408dfd40b854226b9ae7d3cd7fb8b169e40a5d8ae35be3cabef4c4a436c69824058e4ad8a1c69846eaff62bfdd47c9ef0d47326992814383e1d71bdbf6824f689343a37a1f7444a213a372eb095d84b448ef82e0a6f30a47d30e127abcd0dbe9b7475df1332d14fa4665c0e3c93da48ac2c086cc8bb289e411047e8abacd63e783dba286f260f964af01d2ee77a73d128dcd82eb0d57a7431cdf90e422e323d2cf6d543ec2522471e6195f6c1890859841bab7c87cb7d151c7f974655cddbc5365c991ed67726b2ad08edbd7d95d59e40a5ee932901f208cdb127e48e90e7efd2fc33ab3c8190c0860b2337f49e8b4405555d1a1f14d890f7b93dc661a608634b33540748d75797b8c67b25ec09196355cd9d025b2d4fde36d1ed14cb5382b3458482823cdfa4b39bc9f5285f0cba28a879cee3040ad7c76cedc4fecf0a6ade44cf0f9efbfc8ad886d52d885088b7a28aeb40e22ac501f7f8f23cd7d5dbfe50b5a445166adbbbc56e169e191cd07d32326437938b63229f45fde15ab1cfea4640bfd053456db3f6c191598247ffad2d4c728dafe0798413174f20146e6c13d830be3c6b8ac333139ffdafd832874dddfbf49e4be9d0475859dfaa7df0f2c4edd2afee1ee17cde20d773d4783576f5896d387ae9237d67a2bb5c6673f2da59b16d855f1623a08f3054cff12f9bcb6c46664a7af6b9a0e6239cfb90ca3a8e7d3baf86ae3eb17535a3b3e3067f7ae9e4d5b362f7ca54d436fbc322779918047d84e1a64eaeffaa8591ebf22673bfe8dc04d74d4c8aa2707dc0e6e5f605c48e9132c66e7e7cd2b04f8949c557472f9f12dbb6a9dbc4bb416684089d6e6fa881e313e9fcf055aebb8a8ab4307c8d6b7c455d8bec55f79a771d10db703dba3826fa8f2edb8d5327c45630516cb646337f21644688903156dbbe4bfbe07c36337bebb2bcc9dc4bcde7780feed7b6ef943499bb1abbf7095f1a323af03f62770949357df3e2cad490d8b68d5d7d26bd50e62e6344d8c1f78f3b71f54c6996215d18bdc1fb2da50411daecf68ebea362dbaaf9fce55fffcc505793aece4d0c9e3e29bcf9b6fdc7f49b0b0d43445851dbc4f5cca3642c32337849de7cee1abf729a6bbcd3e3e33ad82bacb5f7b0f09dfb9bebb181777f46be7add1dc958e4f26fde14fea65adbbe3358d3a8ef944acf101132a634efdacfb5c1f0c50f757cd8c3575a1abfc5fbc9adae6337d7037d85395c9eb6dec3c29bc797672f9efc67f26bd91291850b27fea99895c23bcdbf1b64868990b5f41ce21a9fde88df3ef35b4993618c15d4fcd0b9ffe6ddaa79b7e02113019dfb8f39dd5ee1cdd716a6cefffc1f086fd18cce8e9dfff94f8a59b5a4ba657b758be09d2586629408fda19a705307d72693d7ce4566645d403376e5934484efbe526f305ccacb175d5e7fd723cf14f31336d656cebefdb773b73fd56b4a1a155475e4d247174ffe4b3147b9159bbde7d8cbfa4d8a925122648cb572ee0c192b5c7def3f65ac6f9b589917b8bea479f781123fecad6def2315b54dc5fc84ec66f2eafb6f5dfef59b255b472bbe3c77f6edbf1b3eff7e910f17e9d8f7984917b3b89f81226ceceee7bd06379d5cbff4ce4ff57dfc5026b571f9376ff27ee1546cb6969e833a4e43d32f556c3dc75e2ebefca5f1c1d3fffed7373f3e29f5d9158995f94f7ffb1f67defa71f16b4f7902955d0f7f5397591981819ea868b3dbb71f7cf2e6c7bfe4da6a6375f9fc2ffef1e04baf7b83e1e2e7904da706defd3781bd6bd3cefdba4c8057b8b1bdb5f7e1e91b178afc396a3e3775fddcf4cd8b0d3b7a9bbafb6bdbbbf55a3b3097492f8d0fce7e7e65654a70d18afbf51c7bd9cef9f472233350848cb1969e43a303a7789f89b51e5d3cf7f6dff73fff5ab849f07aae3b36d76303effc2bef5741c698a2d8761c3a5eccaf2e46cf132fc516a77539055f50f3f34357e787ae3a3dbebace9eaaa68e7063873f5cc3bbb32d14d4c4cafceafc6474666c79f2737d8f6377f63f5ebfad47c71f484e79fe8d1f51cfe14ba66f5cb871ea84d0a64adbde47761e794eec04dac2c8f51ba74e887db26ddad9dff7ccab021bea25158f9e79ebc7929e14e0f4f80255f5be8ab03718f656849d6eafcde1b43b5c76a79315583e97c9e7b2f95c269b4a26e3d1546235155f4d4416249d870c37751cfef60f159b81be4615cf7011160a850bbff8c9ea3cdf2d7c7739dddeb6bd8fb6f71dd5feb0c8d5b989e18b1f082f0d6877381f7fedaf24ad67a1ddd2c4adcbefbe69d245ef3572fb02475ffd4baeeb3a4cc1701132c6d6a34b67defa1bb19b3bef50145bb8a9bdaeb327d4d01eacaebf7fdf98cba41391f9c8f4c8fcf0b522d78fda75f40f3bf73f51cc4fd0cbd895d352cf9dd2b23b5d87bef567265dd4f0c18cf59df08e4055dd8e43c787cebf2ffc130a05353a3b1e9dfd621567b72fe8f478ed4eb7cd66cf6536b3e9d4e67a5c979d46456d5347ff63c5ff1c5d6cdb7f4ccde7868b78dd0ccbee701e7cf1f5b22c90193342c6d8b6034f4666c7f45a3d3a9d4ca493095d7ed4bdec0ee7dea75e11bbc556921d879e2aa8eac8c50fa927a227bbc379e0c5d7cdbb98da960cf40f742fc566eb7ffe4f0cfe98abdea7fea8c873e532741d7e7a47199d43b33b5d075ef87e795c9ef6750c1a2163cce9f61e78e14ff57dca9f8eb61df886611717ea3afcf4be67bf570667d2fca19a237ffc17d5ad5dd41391cbb81132c6fce1da43dffa413197294bd2d8d5d7fde873d4b37890c6eebe475ff973190b81974c5dc7ee23df7d43ec3138e662e8081963a186f6c3dff9a1f6f30d25d0bcfb60dfb3af96e696a56204ab1b8e7cf78dfaedbdd413e1a6d8ecdd8f3c73e0c5ef1bf67390be8c788ae27ec958e4d2af7e9a8c45a827c2da1f3ad273eca5125fa85da4a5f15b839fbc938a9be391bdd52ddbf77ce3dba65e3d8d973922648ce532e9c1d3276745d7482f9edde9ea79e225defb1e0d229fcb8e0e9c1abf72ba98b3afb2b9fdc15d8fbd60d86fdaf29826c23be6873ebbf9f14949d7673d40b0a6b1ffb9d7ccfef69c8a47c73ffd64667040f6a204bc3c81caf6bea36dbd8fc85ea8ce984c1621632c93da181d383575fd5c69ded49d1edf8e43c7dbf61eb1d9f5b9ab805c76333975fddce4b5b3e9e43af55c58b0baa1b3ff89a69dfbf4ba69c38ccc17e11da9c4dac8c50fe76e7f2a2f4587cbddb6f7d1ed079f2ccbc3036a3eb7343eb830727d69e2f3d22ffae4f607ebb7f536763d54c6a7e0b5336b847764d3a9f9a1cf66062fc5968abd4ff45ea186f6d63d871abbfacae054db96d47c6e79f2f6c2c8f5c8f4888ceb8aeee50fd5d4b6ef6ad8b137d4d86efcc3cb2563ee08efda585d8ecc8c446646a3b363628b8839dddeaae66dd52ddb6bda771afc4a1d795289b5b585a9d8e2d4dac2747c65aef83da4cbebafa86d0e35b4851ada42f5ad4e8f4f977996993289f01e858db5c8c6da72722d928cad2463d16c3a95cf66f2b94c3e9b5155d5ee70395c2ebbc3e5707bbcc1b03f54e30b55fb43b581aa7abc37ff9eec66f2cefd81a9c45a2ab1964d27f3d9ac9acbfeff3d84594551ec0ea7cde1b23b1c7687cbee70ba7c016f30e40d863dc1903718b6e681165e06bd80bb088a3f5463d95d99be9c1e9fd3e393fa7c1b60c6bf6206a0ec2142006288108018220420860801882142006288108018220420860801882142006288108018220420860801882142006288108018220420860801882142006288108018220420860801882142006288108018220420860801882142006288108018220420860801882142006288108018220420860801882142006288108018220420860801882142006288108018220420860801882142006288108018220420860801882142006288108018220420860801882142006288108018220420860801882142006288108018220420860801882142006288108018220420860801882142006288108018220420860801882142006288108018220420860801882142006288108018220420860801882142006288108018220420860801882142006288108018220420f67fe774080150683ca30000000049454e44ae426082');

INSERT INTO issuers(issuer_id, did, name)
  VALUES('57c12ac6-c114-41c2-904b-6c84b019522f', 'did:atala:fe800d0c2ebfd8cb5ef29249308d6e3a910a99c81670a0caaa008d94aeefe140', 'University of ქობულეთი');
INSERT INTO participants(id, tpe, did, name, logo)
  VALUES('57c12ac6-c114-41c2-904b-6c84b019522f', 'issuer', 'did:atala:fe800d0c2ebfd8cb5ef29249308d6e3a910a99c81670a0caaa008d94aeefe140', 'University of ქობულეთი', E'\\x89504e470d0a1a0a0000000d494844520000012c0000012c0802000000f61f1922000015bc49444154789cedddd9735bd77d07f0035cec0b0110044990e22a2e12b590a2644bb62cd3756cd99697b1a74ded19274add3eb4d3194fdef207f42d0fed4397b89de621ee74f138b6a3264e3c762c4b4a6c2d34255ba2488a12f79de082950088edf641b5ea5a8a8c73782f7ef782dfcf1b67ee017ee4e0cb7371ef39bf6b78e6f51f3300a063a42e0060bb43080188218400c41042006208210031841080184208400c2104208610021043080188218400c41042006208210031841080184208400c2104208610021043080188218400c41042006208210031841080184208400c2104208610021043080188218400c41042006208210031841080184208400c2104208610021043080188218400c41042006208210031841080184208400c2104208610021043080188218400c41042006208210031841080184208400c21042086100210335117a06999d4c6e99ffe4d91073b3cfebe933f52b51e284b98090188218400c41042006208210031841080184208400c2104208610021043080188218400c41042006208210031841080184208400c2104208610021043080188218400c4d0de42d342532363977ecb3baa61cfe186bd87d5a8a764ae9f792f169ae31d75e8853fb7d85d6ad4a32a8450d3b2a98d68689e7754a039a64631a5b4115e11f8c50bf9bc1ac5a80da7a300c41042006208210031841080184208400c2104208610021043080188218400c41042006208210031841080184208400c2104208610021043080188218400c41042006208210031841080184208400c2104208610021043080188218400c41042006208210031841080184208400c2104208610021043080188218400c410420062e5f0b8ec423e978cae6752897c3693cb66985cb038dc5687dbea749bad76eaea00be852e432817f291e5b9f5f989f5f989c4fa723a11634cbee79166abdd5559e3aaac76f96b7cb5cd1581a0c12895b85a80fbd35908632bf3732397176f7e99496d14737c7633155e9c0a2f4eddfe5132993d350d81a6ceea96ddaeca1a150b05289a6e4218599ab979f1c3b5d9b1adbc483e97bd3d7f8e9effc0e1f107dbbb77741d7278fc4a150920400721cca43686cf9d5abc754dd9974d46d7c6073e191ff8a4b2beb571df91dab67d06032e530101ad8770657a74f0e39f6f26e3eabdc5edb9d1e1f1b7f43eba63f721a3a4f5bf0994194d7fe066062f0c9ffb6f59bef745176525a36b43677e313170b6f3e1a7831ddd8c194af0a6004ccbf709c7fa3f1e3a7baa3409bc23150f7ff9e17f5df8f94fa2a1b952be2f6c671a0de1cce0855b977e4bf5ee91a5990b6fffd3e8f90f0af91c550db07d68f17474657a74f8dc2f696b90e5c2c4e5b38bb7aed29601db81e666c24c2a71f5a3b764b9405d08638ca56261ea12a0fc692e8443674e65d349ea2a004a475b215c9e185e1a1fa4ae02a0a434144259966f5dfc90ba0a8052d3d08599c55b57e36b4b62632593d957d7e20b3639bd018bc32599ccd9cdd4e6466c7323964ec412e1d04638b4994c285b3080223414c289cb670546d92b7c3b0f3d5ed7d123992df73f32bb998a86e6228bd3e1c5e9f0e2543e9b11a91240695a0961646926bebac835c46030b41c78b4fdc85346a9a8dd4966abbdaaa1bdaaa19d3156c8e7d7e7c79727864393c3e94454a4620085682584b343fd5cc71b8c52f7f19783eddd626f6794a4aac68eaac68eaebe1756a76fce0e5d0a4ddd900b9ab82f02db8d264258c8e797c6f83649ec7bfc8f8513f875068331d0bc2bd0bc2b150f4f0c9c9d1b19c02a1928314d5c1d0d2f4ce4329bc51fdfb0e7c1fadd0795adc1eef6edf9a397fa4efea87ef721acde8652d244084353378a3fd86277ee7ae459952ab1b93cfb9ff8ee913ff92b775550a5b700f8064d8470657ab4f8835b7afb4c169b7ac530c67cc1e687fff4f5e69e639812a104e84398dd4c6d84578b3cd828991af63ca86a3d5fbd91b4fbd873bd27be5782f7826d8e3e84d1e5d93fd42bed6e35ad5da5ec62e8ab6b29d97bc1b6451fc2c8f26cf10757b774a957090009fa1072dda3f7ef6853af120012f4214c46d78a3cd2e6f2589d6e558b01283d3d8510b70da02c118730934a147f9b1e5d7aa12c1187906bf1b4dde555ad100032e43361518f94b8cd6277a8570900153d85d06c4308a10c518730cd114234a887b2441cc2dc66baf883f16841284bc4212ce4f3c51f9c8e47542b04800c75080b1c3b68e36b7cfd2f0074813a843c33618cb3090d802e50af98e16977cfdb090a40178843687757167f7026b5b1b91153af180012c4217407f89683e28c14ca0f71082b38d764e38c14ca0f71082d7697d5c1b13b093321941fea0b338c5504ea8a3f183321941ffa1072ed12dc08afa0392f9419fa10727d2d94e5427c6d59bd62004a8f3e84bcfbe5b16e06ca0c7d089dbe00d7f688f80a420865853e840683d1edaf29fef8d8ea827ac500941e7d081963ee2a5c2085ed4b1321e4ba3693dd4ca51311d56a0128354d84906b26648cc557051f6d0fa0419a086105f70a527c2d84f2a189109a2c36bbdb57fcf1f85a08e5441321649c770bb182f4fe64b9d8a75c69965ce0d868aa775a0921d7b5996464359fcbaa578cdec9058e7e05dac4d5f744efb41242ae8d85b22c27b6c9e23583c8a382b99a866893d84c683068e5f3cc452b4557705e20dd26d766c45aad96c34c28f47fc428e9b229a656dae93a3c951581bae24f32b95a77eb9758080bfa0fa1d8ff11a3c9ac782525a09510326638faca0fa96bd01cc110ea7fb797d8afa0d399502ba7a3704f6221cc6da614afa4c4b2fcbf82c160c47742509e580833697d87502e148a7f6ae51d4693764eebf820849ab63d6742816990e9f9794108a1a6992c568151997452f14a4a492c84627f2b2d400835cdea70098ccaea3d8442f573b5edd3148450d34c169bc47fd9bd90cfe9fa168ed85635b17f585a80106a9d45e8b395d2f363e452b188c0280b66425089d859562abeae78252523563c4e47412d82218c8515afa4649242c52384a016ab53e4b3958cea7926140ba1d01f4a0b1042ad737a0302a3f4db9db590cf6d445604063abd558a17531a08a1d6b92aab0546c5571719d3e5d6def8da92c03e2683514208412dae4a8ea6ac77e4329b3a3d238dad886c52737afd06a32e576f338450fb6c2e8fc9621318185b9957bc9812106b20e4f289fcabd208845007c4ce48d717a6942ea414d61726054689fd89340221d401b133d2b5d931c52b515b26b521d654d6e5af55bc9892410875c0176c121895585fdedc88295e8caad6666f895d4f12fb13690442a80395f53bc506aecede52b612b5ad0acdde0e8fdfe6f2285e4cc920843ae0f054da5c5e81814b63d795ae454572a1109a1c16185859dfaa7831a58410ea43657d8bc0a895e9511d6da7589911ac1621845210fb9cc985fce2adab8a17a392851b57c406fa772084a0be40530763228d80e78607142f460dd974727942e45cd4e90b889dab6b0742a80f3697d7176c1418185b99d7c5e599a92f3f156b7358d7d1a3742da58610ea46b0bd5b6ce0f8e7a795ad4471b94c7afada79b1b1c27f16ed400875a3b6bd5bacafe6fafce4fafc84e2f52868faea79b1e64e15817aa74f649789a62084ba6175b8c4ae9132c686ce9ed2ec536252b1f0f8e5336263eb3a743f0d3284505fea771d141b98585f9e10fda0abedfa99f7f2d98cc04083d118d4ff17428610ea4bb0a3477869c8f8c02762bb8454353bd4bf3a73536c6cb0bd5bd70b65ee4008f5c42849cddd47c5c616f2f9cbefff4c53ab49c30b53c3e74e090f6feded53ae164a08a1ce34ec3d2cb6bd9031964e44077ef533b1733fc525a36b977ffda6f037d5405327d723d6b50c21d41993c5d6b8f7b0f0f0d8ca7cffa97f255fcb165f5bbaf4debf6ca553784bb94c830c21d4a396de3eb3d52e3c3cb23473f19d9f1036bf589f9fb8f8ce1be94454f815fc3b76fa7708ee2cd12084507f2c7667fb91e35b79858dc8eaf9b7ff6161f40ba54a2a925c288c7d7ebaffd44f7399b4f08b188c5257df8bca15450f21d4a5c67d472a02755b79856c3a79f5a3b72ebfffe65666242eb19585f36fffe3ad8b1f893d0afb8ee69e4774ddcce26e7a7da4db36673018bbfa5ebcf8ce1b5bec6b189a1c5e9db9b9a3eb81d6838fd9dd5e85aafba6f8eae258ffe9a5f1eb5befc2687379da1f7c4291aab4833284ab3337477eff7ef1c7573576ec3ef69c7af5e88b2fd8d4b0f7c1d9eb97b6f83a857c6e66f0c2ec507f6ddbdeba8e0381a60ea57a07e6329ba1c9e1f91b575667049b56dcadabef45c96c51e4a5b4833284b1d5c5c4fa72f1c7079a3bd52b468fba1e7d21ba3cabc82d78b9905fbc7975f1e655b3cd51ddd25559d7ec0b363b7d55bcfba764b9105f5d0c2f4eafcf4dac4cdfc8e7b25bafed8e9603c76a5abb147c418da00c6132bac675bcd3a3d716cb2a314aa6de13dfffecadbf175bfd7c4fd974727e64607e64803166b6395c95358e0a9fddedb357f8cc56bbd164964c16c96c6632cbe732f95c369fcb6453c9646c3d150fa762e1f8da924af7217d75cd9d0f9f50e395c9518630c57995dca1db3ee7eab15754ee3ffef2e55fbda946d3fb6c3a195e980c0b35025596d5e13af0f4ab0663795e47a4fcad9231ce107afc2a55a26bd5cdbb3b8f3e435d858a24b3e5c0899356670575216a210ba12c17b89e266b944ce5b15a570dadbd7d5bbc73a85992c97ce8f9d774dd56f45b9185301d8f72dd2f7278fc06834893956da2ed81efb495ddb57bc9643ef8fc6b7a6fa6f6adc8be13e25c5471ed879f648c8df57f4c5d883224b3e5e0b327cb6979da1f421742de4ba3b82a5384f6c34fba7cd5839fbca391ad12c29cdeaade674f8a3d844377c84298e29d09bd98098b12ece876f96baefcfadf78ffcd694775f3eeeea75e11deb1a53b64df097957f1e32661f1dcfeda875f7ebd66e75eea42b8198c52c791e3079fffc1f6492023fd4ec8f77f1a332117b3d5de7be2fba1c991e1dffd92f7a4838a7fc7ce3d8fbd5406ddd378117e27e4f864182593debb2c93a86ed9ed6f681b1f383379e59c586bddd2b03addbb1e79ae0cdaf88aa109612eb3c9b5abdae1a9c4fd093192c9dc71e47843d7a1c92f7e37373ca0ec62ceadb3b93c4ddd471bf71e3159acd4b590a10921ef3503dc9fd8227b456557df8bed878fcf0c5e98be767e3399a0ae88b9fdb52d071eadebec516ad3867ed18490fbd228aeca28c16c73ec7ce03b2dbd7da1c9e1a5b1c1d0d48dd2dfc9b03add35ad7b83edfbcbfe167cf1a86642ce4ba3b849a81ca364aa6ddb5fdbb6bf90cfad4c8f2e8d0daecd8e6d26e3aabea9d35b1568da55dbb6cf1b6cc2378b6f200a212e8d6a805132d5b4eea969ddc3184bc52391a599e8f24c646936b6bab0f519d262775604eabdb58ddeda466f4d83d9e650a2e4f2a4939910a7a32ab3bbbd76b737d8befff68fd974f2f6fec0543c928a47b29bc97c365bc865bfda439835180c92c96c345924934932592493d9e270d9dd5ebbdb67737bed6edf76bed0c24b07df098d926453adfd09dc93d9e630db1c15817aea42b605821533b22ca7e2e1e28fb757e0fe0494338210a61351aee6e7381785f2461042dee6e716bb53a54a8ac0d13302d335882108a151e2bb395bd85aafd8ade05aea6594d0c41544908490efc34af88859aeb74608418c1e4248b7dc916f2634218420420721cc6ce1015a5b944d73f4f3c44c08620842c8bb5f3393225b6dcc957f53d9b56787d2a0b930c3f5783dc21066d31c0fd3b4d85dea5502658ca6bd85d5e92efee05c6693eac9b2c918c7a2028b83e39702b88328849c9fd78dc8aa4a95dc5f8a67dfa395f27e26e818d54cc8d7d27c231c52a9926f795f9e10622604313421e4dd1f18599e55a992fb900b85c4da52f1c763fb3f88a109a1cbcfd7d435b238ad5225f791585fe6eac8e2da7e6dc2401134217457d6721d9f585f2efd35d2304ff26d2e4ff93d41164a8326840e8f9f6b05a92ccba1c911f5eab9a795e91bc51fecf455ab570994379a101a8c46de0da34be3d7552ae69e0af9dcdadc78f1c7570482ea1503e58dac0d3e6fb3add5e99b5ccf33dca2e5f121ae3e2bbe608b7ac54079230b21ef23af64b9307bfda24ac5dc6d6e6480ebf8f27e8a25a88a2c84beba16de8d85d3d72e9466e94c7c6d6975e656f1c73b7d01d29dc7a06f6421944c66ff8e36ae21b94c7aecf3d32ad5f37563fda7b9f6d4071a3bd52b06ca1e59081963759d077887cc5cbb105952f79ee1fafcc4d2d835ae21b56dfb542a06b603ca10d6b4ee914c66ae21b25cb8fad15bb94c5aa592f2b9ecf54fdee51a627556f8eaf08510c4518650325b6eb77fe6928cae5f7eff4d951ef435f8f1dbbc8bc56bdbf63186164f208e32848cb1e603c70446adcf4f7cf19b7f57fc295fa39ffd66f116df892863ac71ef6165cb80ed8638849eea1d558d1d020343532397de7d43a93b8772a13074f6d4c49573bc03ab1a3b5c957ceb6001be8138848cb19d871e171b180dcd7ffa9f7f377bfd922c735cc9bc5b2ab67ef1dd7f9e19bc2030b6b9e791adbc3500237c5cf61d95f52d81a6ce95e95181b1b9cce6f533ef4d5dfd74e7a1c76bdbf6f3de78cca43626ae9c9bbefa99d8374c4f4d43a049641a07f83ac333afff98ba06968a857fff1f7fbbc5ef7866abbdb66d5fa0a9d31b6cb63aeed7ee2593da589b1b5f1a1b0c4d0e6da1a9a9e1a1effeb5b7b6517438c0ffa29f091963f60a5fdb834f8c9eff602b2f92dd4ccd0ef5cf0ef533c66c2e8fc3536977579aac36c964361aa57c2e93cb6ca6e2918dc86a2a16e6ba177f4f759d3d482028421321648cb51c7834347523bc30a9c8aba513d17422ca9832af76378bddb9ebe8b32abd386c37f417666e33188dbd27be677379a90b2986a1fbf82b5c0de300ee432b21648c59ecaede674ff2aea129bdd6837d62b75500ee494321648c79aaeb7b9ffb81967318ece8ee78e869ea2aa0ac682b848cb1aa86f6432ffc8536fbb5d4b476753ff90a9e4308cad25c08196395f52d875ffa4bbbc69e531f6cdfdff3f4ab06a316ff62a06b1afd48796a761c7de587d52dbba90b618c3183c1d071e4a99ea75fc57397400d1a0d2163cc6c731c7ceecfbafa5ee47a7a8ce26c2ecfc1e75fdbf980e0da3a806fa5f57fed4dfb1f0ab6efbf75e9a3d9ebfdb25c28e55b1b0cc6a6ee873b8e3ca5cd2fa8503634b16cad181be195a92f3f9d1fbdc2d5044d8cc1680cb677b71e7cccede76b520c20403721bc2d9749cf0d7fbe30fa4534b4b0f5a56777b33adcc18eeee69e47ec6e9fe22f0e704f5a3f1dfd0693c5d6dc73acb9e7583a110d4d8e84a646224b33d92d3f4fdbe9adaa6a6caf6ddbefab6bc11d0828319d85f00e9bcbd3b8ef48e3be238cb1542c1c0dcdc5561652b1f554229a4e44d289985cb8f7f60883c1607556d8dd3e7b85cfe1f17b6b1abcb58d669ba3b4e503fc1fbd86f0ebec153e7b85efffb73c93f3b95c2197cde7b2f95c562e142493c968b24826b364b660ae034d298710de8b413299259359bbebdf00bea2ddfb8400db044208400c2104208610021043080188218400c41042006208210031841080184208400c2104208610021043080188218400c41042006208210031841080184208400c2104208610021043080188218400c41042006208210031841080184208400c2104208610021043080188218400c41042006208210031841080184208400c21042086100210fb1fe65f98d0c50ad3cb0000000049454e44ae426082');

INSERT INTO issuers(issuer_id, did, name)
  VALUES('06854064-50b7-471f-bbd8-2a3c8654f2cd', 'did:atala:319f5b1f97f6c1cf42c62676557272b236858f561066107a51b79dec4b1dfbf6', 'University of კასპი');
INSERT INTO participants(id, tpe, did, name, logo)
  VALUES('06854064-50b7-471f-bbd8-2a3c8654f2cd', 'issuer', 'did:atala:319f5b1f97f6c1cf42c62676557272b236858f561066107a51b79dec4b1dfbf6', 'University of კასპი', E'\\x89504e470d0a1a0a0000000d494844520000012c0000012c0802000000f61f19220000179f49444154789ceddd59705bd77907f07b71b12f24408224b8883b2992a249915a6d594b1c5bb115cbb593e938adb279a6796867d299e6b12f7dce4b3bd3344d3ced4ce34edbc48ea3b889edc68937b9a6368b92484a144571df49800401900088edf641296dcb24857378effdb0fc7fe3178fef013ed2fce35cdc7bcf77c467beff430100e8e8a80b00c87708210031841080184208400c2104208610021043080188218400c41042006208210031841080184208400c2104208610021043080188218400c41042006208210031841080184208400c2104208610021043080188218400c41042006208210031841080184208400c2104208610021043080188218400c41042006208210031841080184208400c2104208610021043080188218400c41042006208210031841080184208400c2104208610021043080188218400c41042006208210031841080184208400c2104208610021043080188218400c41042006208210031841080184208400c2104208610021043080188218400c41042006208210031841080184208400c210420a6a72e00b6357be75affbbbf641dd578f8c9a6234fa9518f66ae9c7f7965768c75d4975efa5bb3bd508d7ad486991080184208400c2104208610021043080188218400c41042006208210031841080184208400c2104208610021043080188218400c41042006208210031841080184208400c2104208610021043080188218400c41042006208210031841080184208400c2104208610021043080188218400c41042006208210031841080184208400c210420965f7bd67b27ef46427ebeb1665b61695dabb2f50008f916426b6171ff1f5e8d45d639c68aa2eed837fedae12e57bc2ac873f9753a6a73ba0f3cfb5d496fe0182bcba9db1ffe5a1064c5ab823c975f211404c1e9a9defff43951e4f9c1fdf39333777a152f09f25cde85501084d2bad67da79ee71b7bb7e7edf84644d17220dfe563080541d8d37ea4bafd28c7c058647dfcfa05c5eb817c96a7211404a1f5c4d9c2d22a8e81137d3db1c89ae2f540decadf10ea247dd7996f1acc56d681c9786cf4da076a9404f9297f43280882c5e1ea7cea45411059074e0d5c8eae05d42809f2505e8750108492da969acec75847a59289899b1fab510fe4a17c0fa120087b1f7ddae270b18e9a19fc24198fa9510fe41b8450900cc6f627bec63a2abe11991dc23d43500042280882e0ae6eae6ce9661d35d1d783076860f710c23f6a3d7e566f34330d59f77b5766c755aa07f20742f84706b3b5befb24eba8b9bb37d42806f20a42f8a9dafd8f9bac76a6210b2303a96452a57a204f20849f920cc686834f300d896f44bc937755aa07f20442f8397bda8f9aed4ea6210bf7fad4a905f20542f8393a49aa6e3fcc34c4377d0fd748613710c20755ed3b2ceaa4f48f8f45d683de79f5ea819c87103ec8647594d5b7310df14ddf53a918c80708e116aa1f7994e9f8e5298410f821845b28aaac375a6ce91f1f589a51af18c87908e1164451745737a77f7c7c231209727652044008b75652dbc2747cd03bab522590f310c2ad9554373375640b7ae7d42b06721b42b83583d9ea707bd23f7ecdef55af18c86d08e1b6ec4565e91f1c5d5b55ad10c87108e1b61cc50c33215ace003784705b4c21dc580fcaa9947ac5400e4308b7652f2a4dff60599637c221f58a811c86106e8bb52529fa3e011f84705b7aa34914195a92261371f58a811c8610ee40940ca6f48f4608810f42b813a6d64f298410b820843b6359adcb72ee0ab00921dc09d3b5169d945f7b8f835210c26dc9a96422164dff78bdc1a85e3190c310c26d85837e5966381d35d90ad42b06721842b8ad75ff52fa07eb24c96861deea1040400877b032c7d0e2dee62ce1d8e71040400877b032339afec10e77b97a95406e4308b7160e2c07961816cb179655a9570ce43684706bb343d7998e2fae6a54a912c87908e11692f1d864ffc5f48f37d90a1cc50c2b80013e0b21dcc264ffc578349cfef1e54d1db82a03dc10c20745d702239fbcc734a4626f974ac5403e40081f20dffae03cd3d36a4e4f756129aeca003f84f073c67a2f7827869886d4759f50a918c81308e1a7164607862fbdc334a4b0b4d2d3d0ae523d902710c23ff24d0df7bdf37359666bd6b4f7d8577149067609ab6f044110e6866f0ebcfb1aebeef355ad078bab1a542a09f247be875096e591abef8e5c7d8f75b75d8bc3d972fc5995aada0da6951f9929df9a47e67508a36b81fe3fbcbaccf28ce87d3a49dafff43983c9a24655bb24a7d8e6f30c944a25a84bd054de86509eba75e56ecfff302ddbddb4efd40b4e4fb5e2353d88ab5f06eb497506e29b099936f0c928f918c2e599d1bb3d6f73efecd97cf42b556d87942d694b7cfd32726126e4fa1cd14992e2956823bf42b8323b3e7aed7ddfd430f72b341e7eb2e1d0130a96b403be10a6b23f847c9f233abd41f14ab49117214c25938ba3b726fa3e5e5d98dac5cb882d8f9fa9ebd2eed63c67089359ff858aef47c04c98a182ded9d9a11bb343bd4c0f647f916430769efeb3b2fa36a50a4b075f08131b11c52bd1589cfd4710451dbe136610594e0516a797c6efccdfeb0f079677ff828e62cffea7ff9c69bb4245f0853016cdee10caa95422b6c13a4aa7cfe2bfe4ec2b5d96e5e14bbfdbeebf46427edfd4bd5dce7b9b4451acee78ace5d819929ea2f93913724c834296377dcdc2d26579acf7430ddec751ec697fe2eb5adc8ad886dec8b013c6a698421f4054f842c8f7bbca10591842f5192df6a6234feed97744d4517ecd3059ed1ca3943a0ba0c257bfc9ea50bc12cd20849f63305b6b3b8fd5ee3f9e099fac7aa359d21b58377b4a2513b1c8bad16253a92ab545d7563946f17d60650884f053ae8ada03cf7e37a31e46335aed91a09f755424b49abd218c0457394619b37926ccd6abba6af0cf4d7cfc5fff30fac9fb997346c777961509ad285e8966f88ac7e968ee88ae05862fbf3376fd42edfec7ebba8e33ed4fa806ce10b24f9e9923cc557c56871033e11612b1e8c8d5773f7ce587d3b7aed0ae0c32d978feb6c2816c9e09f942c8f58bca1008e1b6e2d1f0ad0fce5ffae58f43cb0b5435d89c251ca342cbf38a57a28d5432b1beeae5186873ba152f463308e1430416a72fbefaa3c9be1e9277b71795728c0af9e659d7286788d0f202c73a2651272184392e954c0c7ef49b1b6fff07ebdd82dde37b562e11dbc8d233d2a0778e6394cd592ceab2f5e96d01214cdfc2e8c0955ffd74633da4e59b9aed857c1787825e86dd6c3247c8c773226d7765f71e04082183c0d2cc95f33f8dae05b47c53be33d295b909a50bd102d39e909bf87e4599032164b3beeabb72fe652de743be33d2e5e911c52b515b2cb21ef2f15c03b3177b142f464b591842513098ad4cff4806a3c8d5af654be1c072ef9bffa6d9f74357790dc7a8b595c58df5a0e2c5a86a79fa1edff524be5f51e6c8be9bf5a2a87bf27b7fc7313011db8884fce1c04a6071da3f3fe19f9fe06ead17589aedfffdab5d67bec9379c495125676b53dff4bdca9603ca16a32a1fd7ec6d2d2c36db0b152f464bd917426e7aa3c951ec71147bee2f908f47c30b2303137d3d6b2b8b1cafb6303a30d97fa9a6e351a5cb7c90b5b0c86c77723cd6bc30722b8b4228a7524be3831c038b2aeb152f466359783aaa1083d9baa7fdc8f1737fd3f5cc39be8fd2bb3d6ff105985551651dc728efe4dd58645df16254e29de2ac1621cc01a2a7b1e3f8b91f54b674b38e4c26e2b73f7c4385921ec4f77726a792f3f7fa142f4625738cfb936f2aae42087382de68ee78eac5bd8f3dc33a7065764c833ff4929a66be6d676606af295e8c1ae2d1f0e218cfb9a8cd5562b63b952e476b08e1a7ea0f9c6a7ef469d651772ffe4eedbd13cc76a7ab9ca7cb46d03beb9bbea7783d8a9bb8f9315f9bc38ae6fd4ad7420021fc9c86835f62edae1d09aecc0ddf54a79c4f953775f20d1c65dcfa5b7b895874b2ff22df58ee5f4b4641081fd476e239d6a78135683ce569eae4ebabb9323bbe323ba6783d0a9aecbbc8d7dca9a0a4d2e6e25965926910c207490663eb89e79886acad2cfae72755aae73e93d5ce778d541084db1fbe91b1bbc44482fed1de0ff8c65634e7c2342820845b2aa9d9ebded3c4346466f013958ad9c47dd36f6d65718cf70f5d6db73e389f8cc738068a3a5d794e7c211410c2edd475b3ed39b13032a0f6e599f2e6fddc8f868c5e7b9f6f9590aaa66f5fe5de9ca7bca933db1f94d984106ecd5dddc4f47d23118bf2ad00489f4e926a3b8ff18d4d2593bd6ffe2ca39e26f5cf4d0c5e78837b787df749e56a2186106e4764bdf2e69db8a352299bf6b41fe1ee3d155d0b5cfbedcff8cefd14170e2cf7bef50af737d5929abd0e77b9b225114208b7e56968673a5eed99501004bdd15cdd7e847b78d03b7bf58d7f217f962db4bc70e5fccbbbe92b599743d3a08010eec0e12e375a18fa3a07bdf31aec0d58d77d7237ed895717a62ebffecf84cd2f5666c72ebffe93dd2c8c2eae6a28aee25c59929910c29d303da722a7921a3495305a6c4d474fefe615d6577d175ffbd1dcdd1b4a95942639951af9e4bdab6ffc6b2216e57e115127b59d7c5eb9a2320242b893c2b23d4cc7aff979daf5b1aa7ee4684149c56e5e211e0df7fdfe17bd6fbea259ab8ea077eee26bff74eff2eff9b6c2de54bbfff16c6f66f145c4eb09655916d2eeaeabfd1e497617dbffef754d42288abab693cf5f7efd27bbec6bb8343ee89b1aae6a3b547fe094c5e154a8ba07857cf32357df5b18bdb5fb2e8c667b61d3e12715a92aa31087f0d22f7f1c589c4ef3e0e3e77ea0f176b9ac4f45855715d818381daef29a3ded87a76f5dd9e5eba49289a9814bd3b7af7a1adb2b9abb4a6a9a95ea1d98886d2c8d0fce0e5df74d7136adf8a2b693cf4b06a3222f9551284328cba9b5b49b5b8ba2ce5aa8758357d6dbc11b61ed1a40b59d782eb038adc82d7839959c1fee9b1fee3398ada5756d4515b5aef25a9bcbcdba7e4a965321dfbc7f7e726566cc3b39a46c1b9ebaaee3f75b22e41eca10aefbbde9ff7fb214b87492d60d5ef546b34ed2a77fcd33165953b59ecfd249faee33dfeaf9c53ff23dfdbca578343c7be7daec9d6b822018cc567b5199b5c06571b82c052e83c9a2d31b24bd5132180459482662c9443c9988c523e170702512f24782fed0f2824af7215d15b57b1f3ba3c62b6702ca1006593abdb27e3d538ad1624fbfbf8bc6b7e02c05451da75fecfded2b6a34bd8f47c3feb971bffa373f1fca64b5773d7d8e76d7645551fe604c17f46d45348b56248321fd83b5ef935f5adbbaf7187343802c22198c5d67be6db2155017a222da1066c14ca893184e1648560cd5779fdce59dc38c25e90d07cfbe94ed6d451f8a3284211fc345051b590899be88cabbbc0fc6a7f1d0971b73eedabda4371c38fb520e34537b28b2ef84d1b500d337283bd11a6ad6f5ecb22c2bd6eb9b45d391a7044118b9fa2ec59b2b4f32180f7cf5db39f678da76c842186499068d169bc16c55af98dcd074e429bbab74e0fdd73364a904379bd3ddfdd56f6b7c4f98105908432c37b8a8ce45b34e7973a7bdb8ecfa5bff1e0e68f4d880e24a6b5b3bbff20dee155bd988ec3b21e355995ce8e7a30d47b1e7b117bf5fc6b80e2b13883aa9f9e8e90367bf93570914484f4759ee4f602664613059bacf7c6b69fccee047bf8904b363cbdee2aa867da75ec88dee69ac6842988845c3017ffac76326e4505ad75abca771f4da07e3d72f68b0d0919bc9e66879fcd9dc68e3cb87268421df3cd3431e9809f9487a43f3d1d37bda0e8edff86866f09af6cf12eccc6c2face93c56dd7e546f3451d7428926844c8f1deb24bda5c0a55e3139cf5250d476f2f9a623a7a7062e4df65fdc086bf780eb761cc59ebaae13157bf72bb56823ab6541086d4eb782fbece62d83d9da70e8cb75dd2797c607174606962686b4bf9361b239caeadbcb9b3af2e1167cfa8842980dcfcae4249da4f73476781a3b52c98477f2eec2c8c0f2f488da2bb06c4e77494d8ba7f11167790d3e4fbf882084722ac9b4b726aecaa84127e9cbeaf795d5ef130421125a5d5d980a2c4ead2e4c077d73bb9f218d165b4149a5d353edf4543bcbf6e0418b9d1184706d6589e941675bcef514c9341687d3e270963775dcffd778347c7f7d6024b41a09adc637c2c9783c9588ffff1ac2b8288a92dea0d31b25bd5ed21b25bdc168b55b1c4e8bc36576382d0e579e5f6861451042d6c5e098093566305b0d666b4149257521f982e08919c6108a36274208b98c22842c5765ccf6c29ceced03b08920842196ae16d6c222f52a49872cb3edb584ab7fc04aeb10c6a361a6c64472da5d4955c2b8585ec4dd6760a5750859dbf5903ff4c854804ecad96644a01eadff68985ab608191142869910d32070200921c3b7a6dd6ca0a508a602583f620004920b334cad93689f3696e55422b691fef1b8490d1c0842c8b46e5a4e250927c37834ccb4e4ca68b1a9570ce42a82109a6c0ea6e30977b48c0457998e67da5414e03e82109a19bb29aff99754aae4a1c241b676490821702099091943c8b2e44259ac3dcb4c381d0576143321e37e63ab0b932a55f2504c2de10441b01616ab5409e4308210b26e77bcba304d75b790750f7aac3f060e0421741497331d9f4a264836e88a45d658af09d989b68e82ac4610429bcbcd7a537b7e6440a56276c0bacfb3c164c18519e040104251d4398ad9b619581cbda5fd6e47bea961a6e30b4a2a54aa04721bcd03c7ae8a3aa6e36391f5b9e13e958ad9522a99581c1b641ac2fa4301dc471342777533eb90f11b1fa951c97616c76e276251a6214515b5ead402398e26844595f5ac5f0b43bef9790d27c3899b3d4cc78ba2cee9c9f10d654125342194f4068e93b7a19eb7b4e957bb323bc67a73d255518b361cc0876c116a457327eb90e85a60f0c27fab51cc67c9b23cf4f19baca33c8d1d6a1403f9802c84e54d9d1c53c7cc9d6bd3b7afaa51cfa6a9fe8b8125b67bf4a2287a1ab36f3f40c8106421940c46bed9e3f687bf5e1855ebb661606966a8e76dd651ae8a3a93956d6908c026ca9e28d5ed473846c9a9d4cddffd7c76a857f17a22c195eb6ffd3bc72372351d8f2a5e0ce40fca103a3dd525b52d1c03e554b2ff0faf0d5e7843c10df7d6fddecbbf7a39ba16601d68297065e3ded4903988bb83351d39cd3d76b2ffd2fffee7df2f8ddfd97d19f3c3372fbef6a3e8da2ac7d8dace63a288266bc08fb831516169a5a7e111eeef7891e04aef9b3f2b28a9aceb3ee16968e7e8b314f4cedded79db377d8faf0093ad60cf3e9e936a804df4ddc1da4e3eb73c33c2d411f80141ef6cdf3b3fbf6d3495d4b69454ef757aaa6d2ef7ce3ddd2241bf6ffadeec9d5efffc04f7fb0a82d072ec0c6e0fc22ed187d0642b683d7eb6ffddd776f93a89d8c6fc70dffda76af446b3a5c06571b84c36c7fdbdbb04514c25e28958341c5c59f77b39befb7d91abbca6626fd7ee5f07f21c7d080541a86c3db038767b71ecb6522f98884543be79a64d2f58497a43fb135f57eff5217f64ca1585ced3dfc8aea540fb4ebd602f625b9005b0a54c09a164301e3cfb126bfb192a556d872a5b0f50570139225342280882c95670e84ffe22f3735852dbb2efd40bd45540eec8a0100a82602f2a7df44fff8ab5139496dc7b9abacf7c8ba9933fc0ce322b84822098edcea35fffcbe2aa06ea42b650d6d0defdec77b0eb0b282be342280882c16c3df4fcf75a8e9dc99c094714c5e6a3a7bbcf7c53d21ba86b815c93a11feaa228d6759f7457370fbcffabc0e2346d311687abfd89af71b4e4004887f8ccf77f485dc3432c8cf40f5f7a677dd5a7fd5beb24a976fff1c6c34f620204f564e84cf8599ec68eb2faf6b9e11b5303975717a6b479539da4af6c3d50df7d129ded416d5910424110449daeb2e54065cb81d0f2c2f4edab8ba3b71479ee6c4bd6c2e28abd5d351d8f61b341d046169c8e6e29e49b5f9a18f24d0d07bdb34c9be96e49d449056e8fbba6a5bcf111879bad4b3fc02e65c74cf8450e77b9c35dde70f04b8220afaf2e877c7341df4224b8125d0b6cac07a36b811dd6fb4a7a83d9e1b4385c1687d35e545a58565d585a891b0f402507fef2449bd36d73ba1fe858934a269289782a914826e2a96442d4e924bd41d21b747a03aeb24046c981106e4d27e975925e3051d701f0309978b31e20af208400c41042006208210031841080184208400c2104208610021043080188218400c41042006208210031841080184208400c2104208610021043080188218400c41042006208210031841080184208400c2104208610021043080188218400c41042006208210031841080184208400c2104208610021043080188218400c410420062082100b1ff030c64282afd9c4e4b0000000049454e44ae426082');

INSERT INTO issuers(issuer_id, did, name)
  VALUES('2aba0316-2c47-41a3-bb5c-ea284d53e326', 'did:atala:efd3808ac2b42a44f281d55808fe52384928b03647ca75592154b05c350ee1b2', 'University of გალი');
INSERT INTO participants(id, tpe, did, name, logo)
  VALUES('2aba0316-2c47-41a3-bb5c-ea284d53e326', 'issuer', 'did:atala:efd3808ac2b42a44f281d55808fe52384928b03647ca75592154b05c350ee1b2', 'University of გალი', E'\\x89504e470d0a1a0a0000000d494844520000012c0000012c0802000000f61f192200001d8449444154789ceddde9731be79d27f06e34ee83004882f77d4a142592a26ec9927cc9929d38ca3d712ac9a676676a8ecad4d4d4ee9bfd0fe6d54c66b736eb4a32e53833636fe268ecd8b26359b2635d96289212258a94c41b042f102001e224ce7d418f42eb723f0fbafb6990dfcf4bbb1ff44f2c7cf1f4f11cfc899ffc030700ec68581700b0d92184008c2184008c2184008c2184008c2184008c2184008c2184008c2184008c2184008c2184008c2184008c2184008c2184008c2184008c2184008c2184008c2184008c2184008c2184008c2184008c2184008c2184008c2184008c2184008c2184008c2184008c2184008c2184008c2184008c2184008c2184008c2184008c2184008c2184008c2184008c2184008c2184008c2184008c2184008c2184008c2184008c2184008c2184008c2184008c2184008c2184008c2184008c2184008c2184008c2184008c2184008c2184008c2184008c2184008c2184008c2184008c2184008c2184008c2184008c2184008c2184008c2184008c2184008c2184008c2184008c2184008c2184008c2184008c69591700b99a19eebd79f6b7a4ad9af63cd7bcf77939ea51ccd553af2ecd8c93b67afac7ffd368b5cb510f35f484008c2184008c2184008c2184008c2184008c2184008c2184008c2184008c2184008c2184008c2184008c2184008c2184008c2184008c2184008c2184008c2184008c2184008c2184008c2184008c2184008c2184008c2184008c2184008c2184008c2184008c2184008c2184008c2184008c2184008c2184008c2184008c2184008c6de49d7ab3994c22164eaec633e954269dca66d2bc4610b43a8da0d51a8c7a9385e7f11b04ec6d9c10a612abcb739321df5cc83f1f5ef2c6c381442cca71d9c71dcff31abdc962b4daad45a5b6c2329babdc59562be8f44ad60cc06d80104683fed97b371627ef04bd9e6c2623be61369b598d8656a3a1a0d7b3f65f788de028ab76d5b494b77499ed85f2d40bf0a07c0d61369b5d181b9cb87e3e30ef96ec3333e9e5d9c9e5d9c97b57ce382bea6ab7ef2f6beee0795eaacf0778a4bc0ce1c2f8d0dd4ba723019f7ca7584ba3e5ea474d7b9eab68ed92ef44007916c2d5c8cae027a7bc13c3ca9c2e12f00d9c79d33374adfd996f9aed45ca9c14369b7c7a3cb83c3b71e9cd9f2a96c0fbfc9eb18bfffe8ff3a3b7143e2f6c127913c2f9d19b57ffe3e7abd13093b3a753c9eb1ffcdb68cf592667878d2d3f42b8307efbc6876f643369a6556447ae7e347aed1cd31a6003ca8310867c73031fbe41f4fa413e2357ce4c0f5e655d056c286a0f612ab17afd837f4da792ac0bf993a1f3bf5f599c655d056c1c6a0fe168cf59595f4550c8a453373efcf74c3ac5ba10d820541dc248c03739708975158f10595e9c526561908f54fd9e70acf763ea8731bc46632b2a7796d7581c2eadc1a43398345a6d6a359e5c8da512f148c0175c980ef9e7a96f3547af7d5cd5b65b6734d33507b84fbd214cc4c273f706281a5a9caeba8e83955bbabf7434763a95f44f8f4cddfccce71e79c250ef474a25e2ee5b571a773f435121c07aea0de1cc701fe97d974610b61c7ca9b6e300c7891af029687525f56d25f56d9180eff627a7fc9e31a2d3b907af36ec3a8af9509023f57e81e6c706898ed719cdfbbef537b51d074526703d8ba378cfd7ff7ccbc197780dc11f241e0ef8dc23a4e70278804a43b81a0d07e6a7c51fcff39acee3afd84b2a7338275fbff3f0b6232789da78278672382300c7a9368481b949a29bb4fa9d878bab9b733f6f75fbdefaaea7c41fbf387927f793c226a7d6102e107483825657df7558aa53b7ec3f6eb014883c38160ac45696a43a356c4e2a0d61c83727fee08ad62ebdc922d5a93582b6b1fba8f8e3317a0672a4d2104649ba97e21a092e44d7ab6edf2b7eb199204208b9516908e3a180f8831d65b5d29e5d23689de575220f8e0616a53d3b6c366a0c612a11173f625b67341bad76c96b28aa6a1479643cbc22f9d96153516308d3c984f8837506a31c35d84baa441e198f2084901355869064e292562f4b08c53fe949c6237214009b871a4398cd12bc21241ae3229ece68127924e634418ed4184293cd217e40e66a44965567b47af1214c930efe06584f8d21d4085a538153e4c1abd1901c194825e2e20fce661042a0a7c610721c672d2c11796436934ec4a4bf2b13ff99824e2fd325316c122afdf6589d6243c8c9f3922011137b95ab374a365807362795ce2714d3139a0a9cc5352dae9a168bd3257901e207a3e9cd0821e444a521b43ca62714b4bac2aa46574d4bb13cd9bb6f796e52e4917697d8378a008fa4d2103ed013da8acbd73a3d67459d4650a0e6ecf2dc94c8431de535b296021b9e4a43a8d51b6dc5e5d6c212574d4b714dabc16253f2ec7ecf78321e1579b0f851a6008fa4d210721c77e87b7fc7ead49ea16b228f2c705562b726c8914a9f8e32944ac417442f6f53b5b55bd662603340081f3479e3a2c8c1abbc46286fe994b91cd8f810c22f48c4c213d7cf8b3cb8ba6db78433fa61d34208bf60b4e76c2ab12ae6488da0c5cabf200984f04f820bd36ed1db9ed5eed82fc76462d88410c2cfa5938981336f8adc9ac268b537ee7e56ee92609340083f377ce15df17bb0b53ffd0d9d41ec5c2780274308398ee33cc3bdd3b77b441e5cb9b5db55b745d67a6053410839fff4c8e0c7a7441e6c71bada0ebf2c6b3db0d96cf61086fcf3fdefffabc85d10b57a63f74b3f9269551bd8b4367508c34bde6beffc52e4247a9ee73b5ff89eac5337607352efd851b9857c733d6fff42fce4dd2d4f7d05b78220874d1ac2a077e6da3bbf103f55a265dfb1ba8e43b296049bd6660ca1776278e0cc1b2247c6701cd7d07d146f05413e9b2e84e3fd9fdebbfc81f8a54debbb9e6a3d7042d6926093db4421cca453831fff6ee64ebff8262dfb8f37ee7a5abe9200b84d12c2c0bc7be64edfdcc84df137813caf697fe61b556dbb652d0c80dbd8215c8dac78867b67eef4479689772fabef7a0a0904656ccc1006bd9ec91b17e7466e8a7c0bffb0f1fe4f577c732dfb8fdb4b2aa5ad4d258836fc502791a3edd56f838530bb30767be2c685e5d9c9dc3fcbe7bee7738f9435b5b7ec3f6e7114e7fe81aa42fdf3a41e99cc06d98a67e384d03b397cefb30f8936bb17213b3f7acb3b315cbff348e3aea705ad4ed20f9708cf5334caa4f33e84743da1f8bd8614b31142b834337ef7f21f02f362570a259549a7c6ae9d9bbddbdf76f86b25f55b653a0b35ba855837424f48f53ba21104c92bc9517e8730160a0c9f7f67617c488973ad2cf7bdf75a794bc7b6a35f57d56442ba1066f23f8474bf231af55dcee46b08b399cce48d8b233d1f11edad9dbbb97b03cbb3933b9efb765175b392e77d02ca10e6ffdea674ff04f484d258599cb979f6b752dffe89150f077bdefe657dd7a1d6032faa615334ba10a656639257a2b024f93f81e735b827cc5d76f2c6a5bb97df67fd5c213b71fd42d03bd375e2fb7a9395692594214cc4f33b84d94c46fce8dffb345a357ee155f7abf0048958a4f7ddd7862fbccb3a819f5b9a19bff4e63f07bd1eb6656cce9e90a21be468ff5672cb9b10ae2cce5c7ce39f1627efb02ee40be2e1e095b77ea6cc93a1c7d1ea0d14ad12a247f0a9135d08e9fe5672cb8f107a2787affceeffae46a4df9137779974eafafbbf9e19ee635580c14c733d2c7e18ad3ad1d56f302bbabd97486aec9d1f3075f3f2f0f977b359c9c628e98c666759ada5d0155cf00417a645ee3cf104d96ce6e6d9df2657a3759d4f49522111adde286875a4ff8a4c3a958845f27719ff783840d18aee074b6e6a0fe168cfd991ab1f49f149bca3aca6bc65477175b3b5b084e33e1f6592cda4835e8f7762786e64201a5ccae1f3b3c317dee3794d6dc74129aa25a3375b632bcba4ad62a140fe8630b612a068a5474f486abcef8fb927d068b5d7ee3850ded269b2391efebfbc467094d53aca6a5bf61f0fccbb3dc3bd33c37dd4efd086cebfabd51b2ab7eecaa9627206b38d2a844bf93b3c3d16a2f9c5c4e52899c91b17ee5efe20974fb01696d4ef3c52d9dac56b44bd9f7594d538ca6a9af73e3f79e3a2fbd667144fc0392e7bebdcefb47a6369633b795b7a74df2d8adcaa4794aa78758650a50f666686fb862fbc47dd5c6730b51df9daa157febe6aeb2e9109bccf60b6b51e3871f807ffa3bca583e2d4d96c66e0cc9b2b8bb3146da9d16d279edbe5376374bf200aefbb2e921a431898770f7e227649ec8755b4761dfec17fafdd7180a79a5eb0c660b675bef0caee93ffed9117b14f964e25fb4fbf9e8845a8cf4ecae2a0590d35e46733e4287799742a12209ea8cd719c3aa7a4a92e84f170b0fffdd76987056adb9ff966c7b13f936a144b7175f381effe6d61650369c35868f9c61ffe4dc227ba4f662d2ca16815f2cd715c5e4eed0df9e729e631f11a0121fc72d94cbafffdd75723218ab6269b73ffb7ffa67adb1e694bd29b2c7b4efe79cdf6fda40dfd9eb1b1de4fa42de671ac85a514ad5289d53cbd22a5bbdab7388a48ef4d94a1ae108ef69c0b2ed08c0233db8bf67deb2f0b5c159297c4711cafd16c3b7a92e2ddc368cfb995c519394a7a80d16aa7db214399f224473776dfeaa4f9a952808a4218f47ac6fa68ba0e6b61c9be6ffe95d1ea90baa22f683bfc32697f98cda407cefc3f65260dd15d912e49b10e88f2966627285ad1fd8914a0961066d2a99b1ffd86e242df68b5ef39f917ca3cf56a3bf2b5e29a16a226e1a585b16b1fcb54cf7a7457a4fee951c92b915b221609f9e6291a5a8bca242f46126a09e178ffa7e1a505d2568256b7f3a51f29f6dc796d6326d22e77e2faf95828204b41eb38cb6b295a859716d43922f709fcd32374cf93e8fe440a50450857a3e1f1be3f5234dcfedc77141ef3a1339abb4ebc42f4f2239d4adebdf4be7c25ad29ac6ca46be89b1e91b612b9f9a87a6fb3bdc868b54b5e8c245411c291ab672856a9a8dcbaabbc79871cf53c99a3acb68af019ecdcc8807ceb50ad31db0be9ee8ae74707a5ae4546d94cc63b4133718ce23d9362d88730bce4f5dcbe46daca6029d8fad457e4a8478cd6fdc749873e8ff69c93a998fb0a2beb295a2d4edd55725c418e16dd94d522844f32def709c54bedf667bec170c9339dd1dcbcf779a2268b5377e51ecb46f73dcb66d2732303921723935992fd7cd62baa42081f633512a2f806b8eab694d4315effb3aa6d37e93dc658afbc8f495db52df7a76811f10cf54a5e8c1c92f128dd220616a74bee3758b9601cc2a99b9749178ce179cd96832fca548f781a415bbff330519385b1c15848c6890b46abc3595e43d1706571262f1ecf4cdeb848f7d2b5a2a553ea5aa4c43284e954d23d7885b455d5b6dd74efc42457bd6dafce68167f7c369b957b158cf2669a991f1cc78d5d93fd963547a9447ceae665bab6d47f1665b00ca177628874a5108d2034a966e76a41abab6a239bbfeb19ea95753ba4b2e60eba75359766269666c625af4742530397e916772a70555a9c34b34c14c3328473f788ef062bb774abea6d4f4dfb7ea2dbb05868d9ef9171908ac16ca57b46ca71dced3fbead92b5241f165b59a61bd2c8715c05d5bc5025310b612a115f9cba4bd484e7350ddd47e5298792d95e585c43b61efefcc84d998a5953b9a59bae617869619cf68b2eb7c14f4ed1ed77c06b34e5eabe21e418867061fc36e94d7649439bd95e24533dd4486ffabd93c3b2cee22b6fe9a4be5818ebfd58e13501c498bedde373dfa36b5bdedca1aa4ba747621642ef04f132be35ed7be5a82447a58ddb88d6755e8d84e8a66b89a411843ada15df32e974df7bafa96a34e9f2ece4d0a76f53376fd87944ba5ae4c22a84d9a59931a206a602a77a36425a4fab37924ead58981896a99835d5ed7be9a617721c170f077bdf7d4de1bdae1e271af4f79dfe15f59daaabb6d5565c2e6d49726013c2907f8174f051d5d65db9ac19232b575d2bd1f1723f87d4ea8db95c35ac2ccef4bcfd73e663d942fef9aba75ecd65a5f0fa7ce8063956215cf29075831cc795356d97a31249b8087bc215af47ee8d72eb771ec965585f60de7de5adffc370f18ba599f12b6ffd2c1e0e527f425155635115e5cc1285310a21e1cc688bd3a59217f48f642a28247a62944e25e57efea137599af71dcbe5132201dfe5dffcafd9bbd7a52a49a46c26337aed5ccfdbbf4825e2d41fc26b84b62327a52b4a5e8c2e4709d7082953762d5d0ace0ab2b773cb32cf6ce238ae66fbbe1c17dd49c6a30367deec7bef57b9f448445616672fffe67f8f5c3993e395425de721d52e66f130062b7067d2a968d04fd4a4a8aa49a662a4e228ad9a192618064db74003119ed7b41d3979e5ad9fe5f846c43b31e473dfab6adbddd07d946215569142beb9d19e73f36383b9bfbf315aedcd7b9e93a42a6530086178698168e89646101c6a5d98e03e7b4935d1f19165af4c95ace72cafad6edf333d7835c7cfc9a453ee5b9f4ddfee296b6aaf68e972d5b648b576602ab1ea9d189ab9d3ef73532e5af1b0b62327059d5e928f5206831086fc649d80bdb45ad0ea642a462ab6e2329ed7889f18195ea659409a42dbe197830bd392dc826633e9b97b0373f706744673497d5b61459db3bccee22c269d3f95cd6642beb9e5b9a925cff8e2d49ddcb7a65bafbeeba9d28636093f50010c4248facccd5e5225532512d2085aa3cd115b11fb4f4bc6a3ca6c0fa811b43b5ffcc1a537ff996ef4f32325e3d199e1deb5cb6f9dd16c2d2c3517384d36a7a9c0a93398345a9da0d50b3a1d97e5d2a9443a954ca712c95834bab2140b2dc7569643fe7999de433a2bea5a0fb09fe6468a4108490764d8d4ba52dd032c8e62f121e4382e165a56667b405341e18e63dfed7bf757720c974bc6a3cbb313cb540b814acb60b6761dff3eaf61bf5804290615c74943980f831e388eb338c8c6b526a261992a795849ddd6d68327143b9df2049dbeebc51f1a2c05ac0ba1c12084a43da13a37f17898c14cf60d588dd26cb941ad61e7911cdf1caa96a0d5edfaea8f55bbace897621242822f9fa0d3530f8354989e703ff455057bc2354dbb9f6dcaab67f762085a5df7577face6c5d4be14837b42a29110ea9f87721fe90d5e32ce6070e6da2271a33d67953fb51c049dbefba51fe6cbf0b4c761f3b25efcc106c2ee85213dc97a331cc749fb685ebce6bdcf5b9d25b73e7e4b255325a8591cc53b5ffaa19ac7338aa47408b39934d19b7a419b376f5d3502d9cb4c866b4994b774588b4afb4fbf4e3a74493d4aeab676bcf067f972abf2644adf13a65364b3e935aa7f4d7f9f46201b449261d413aeb115951df8ee4f4a553f28f761bc4668d977acfbab3fda1809e494ef094997b4209ab4ce1669a9cc5755d2194c3b5ffc81776278e8fcef89de70325454d5b8ede8d755be7a1a29a5bfe2a4137329762c6485782d4375cc512ea9df5a54dd34d6fbc944ffa7caec674ac760b16d39f415952fe34b47e910925e5eaaf96bf1804c9aecf2523d036205adae65dfb1eab65d13d7cf7b867a593d317a1ca3d55edb71b0a67d9f566f605d8b2c940ea1a0d5721c2f7efc541e8590fc76575d57daa682c2b623279bf71e73dffa6ceae665e55f633ecc565456df75b8a2b553aa491beaa4fcf78017b45af1bfb5a4dd0b43a4bf17eae909d7d319cd8dbb9faddf79c43b31343f7acb3b7947f93719068badb4a1bdbc79475ebf82178fc18fb146ab131fc2645cb2b1ff72235d92489d215ca311b4654d3bca9a7664d2a9c5a9bbf3a3b7fcd3a3728fb3b3388a5db55bca9ab63bca6b55bba8971c1884506f348bffbe2a3cc03217a4636219eeaf289e46d096366c2b6dd8c6715c2c1408ccbb830beec0fcf48a6f36f71e526fb214b82a1d65358eb21a476935d1ee3a1b0983101aadf648c027f2e0442c9acda4f3e29680747688217f46e4ad31d91c269be3fe16e5c978746d7e602c14888502c9d5683a99cca492ff398730c9f3bca0d569b47a41ab15b47a41abd39bad269bc364731a6d0e93cdb9511fb4906211429b93e4f0ec6a34a4e61d1eef23ed098df939efe63e9dd1ac339a0b5c95ac0bc97b0c6651902e161409e4c7d02ad2152bf2686c3ac82a0f4218265c9386916c786981a8419ece4005c9310821e998a310e1979b89687089e84185d16a57f3d35150128310161457103d80566089cedc912e67962f6b768002188450d0e92d4e82d59157163d6a1b48f530d24da60a8a735a1b1b3612364b53d94b081ea965d2e9c09cec8bc6e7c8374db609367a42b88f5508c99612f513f6330a8b878311c247a3050821fc2736212caa26db5b627192785b5f25792786888e3798ad16677e2c21070a6013426b61a989e495fdcae2acf84136ca9bb9d34f747c515513e9d2f1b081315bae987477dbf99101992ac95134e80fccbb899a14d7a871df6f608559084beab6121d3f73f7ba1cabb8e7ce3344b023da9aa26a8410fe8459080bab1a8916ea892c2f2e4edd93af1e3ae964c27deb33a226b6a2320c5883f5988550d0eaca5b3a889a4c5cbf205331d4dc835748773b22fd57c386c7720b9beab6dd44c7fba747561667642a86423a9524ff5de02b5abb64a906f216cb10da4bab49b73dbb73f1b44cc55018ebfd9874fa5261651dd16361d80c186fe656bd6d0fd1f17ecf18e94b399944834b13fde7495b55b4ee94a318c86b8c4358d5b69b745183e10befa9602869f6f61fff837465279dd1bc2197cd841c310ea1a0d3d7771d266a120dfaef5c7c4fa67a449ae8bfe073133faaadd9be5fd0e5cdd61aa018f67b0bd7ee3840da19ba6f5d6138902de8f5dcfdec0fa4ad3482b6aee3801cf540be631f42adde50dff91469ab9b677fc36447a1d5c84affe95f6733c4db48546eedd69bf2669b375012fb10721c57d779887429a7442cd2fbfb7f215dea3347a944fcdaefff251e0e9036d408dac6eea765a8083602558450d0e9db0e7f95b45524e0eb3bfd2bc5d6874ea792fda75f0ff9e628dad6751e3215e0cd043c9a2a42c8715c6963bbab966c4837c771cbb3933d6fff9c74cc0a8554227eed9d5ff83d34d31a0d666be3ae67242f09360cb58490e3b8b623272976230cccbbaf9e7a95e21251bc783878f5d4abcbb39374cd9bf7bd80556ee109541442b3bdb0f5e0098a8621dfdcc5377e2ad3f352dff4c8a5377f4aba8ed37d8eb2da2ac2d179b0d9a828841cc7d5751c2a6d68a368988c477bdf7d6de8d37724bc344d2713772ebddffbce2f13b108dd27085add8ee7bfb3a9f636010aeada228fe3b8edcf7e3be8fd29d5e56576eae6e5b99181e6bdc7aab7edce6dfb8aecdcbd9b772e9d8e8783397c08d77af0258b03cb58c097e04ffce41f58d7f0a0e5b9c9aba75ecd65a36c83d956ddbeb7a67d9fc162236a984e256786fb266f5cc87d358da2eae63d27ff2b96b1802fa5c610721ce719ba76ebdc5b397e08cff3f6d26a57dd96a2aa265b51e9e3e61067b3d9d8cad2d2ec84777cc8e7be27c9c05493cdb1ff3b3f3198f1761ebe9cea2e47d754b5ed8e878323573fcae543b2d96c60de1d98778f7067388e335aed667b91566fd4ea0d8256974aaea612ab896838bcb420ed887041a7effeca7f41024124958690e3b8a63dcfc5232bd38357a5fac0783898e33d9e183ccf771e7f056bfb8278ea7a3afa806d474f9637e7d962105b0fbf4cba86156c72aa0e21cf6b3a5ef85e6dc741d68588c2f39aedcf7eab7607a64a0019558790e3389ee7db0ebfdc7ae084ca1f336a04a1f3f82b782f0f14d47b4fb85e43f751a3cd3178ee2d15cca97f049dc1d479e2fbc5584d14a8e44708398eab68e9b497540d7cf846d0eb615dcb17145636741cfb2ee9542c80fbd47e39ba9ec551bcffdb7fddb8eb199e5745d9bc46d3b2ef853d5fff0b24107291373de11a5e23b4ec7fa1b461db9d4ba79766c619565254ddb4e5e04b052eecf509b952e988193116a7eedebdfc01dd2cdb5c14b82a5a0f9c28ae6951f8bcb051e5594fb89eabb6b5b8a66561ec96fbd615bf675cfeed62f8a2eac69af67d654ded2a7f540bf9258f43c8711ccff3654d3bca9a764483fee9db3d33c37dabd190e467315aed955b7755b7edc6121520873cbe1c7d58369b5d599cf57b46fdee91e5b9c95cde6768f5c6c2cafaa2aaa6a2aa465b7119ba3e904f7ef7840fe079de5e52692fa96cd87924934e85fc0b91c062647931b2bc1809f892f1482a99482556d72d58c80b3a9da0d56bf50683c56671b82c8e62b3a3c8e270590b4b54f20c1636bc0d15c2f53482762d900fffaf6c269d4a26341a41d0e9d0c501731b36844fc06b049dc1c4ba0a80cfe18a0b803184108031841080318410803184108031841080318410803184108031841080318410803184108031841080318410803184108031841080318410803184108031841080318410803184108031841080318410803184108031841080318410803184108031841080318410803184108031841080318410803184108031841080318410803184108031841080b1ff0f2591d4e650cb8ac00000000049454e44ae426082');

INSERT INTO issuers(issuer_id, did, name)
  VALUES('feef2594-a90a-45a8-b0e4-3533b1b0f450', 'did:atala:6d1d33bddccf43c10a781f768725f080057cd008c6ff03d7fa7e68c6e8206053', 'University of წყალტუბო');
INSERT INTO participants(id, tpe, did, name, logo)
  VALUES('feef2594-a90a-45a8-b0e4-3533b1b0f450', 'issuer', 'did:atala:6d1d33bddccf43c10a781f768725f080057cd008c6ff03d7fa7e68c6e8206053', 'University of წყალტუბო', E'\\x89504e470d0a1a0a0000000d494844520000012c0000012c0802000000f61f1922000019da49444154789cedddeb771ce57d07f099bd5fb5da5dad2e5edd6fc8b26c190b636103867009944b20250927ed2909a739cd494bf307f42fc89b9cd3a64ddaa60d90d286500a0483690c8e015fb125cbf245f7fb5dda5ded6a57abbdce4c5fe8d4756d4b9a6776669f99ddefe7f006f33c3b3f8bfd6a669e799e67d8a75ffb090300f4e868170050ec104200ca104200ca104200ca104200ca104200ca104200ca104200ca104200ca104200ca104200ca104200ca104200ca104200ca104200ca104200ca104200ca104200ca104200ca104200ca104200ca104200ca104200ca104200ca104200ca104200ca104200ca104200ca104200ca104200ca104200ca104200ca104200ca104200ca104200ca104200ca104200ca104200ca104200ca104200ca104200ca104200ca104200ca104200ca104200ca104200ca104200ca0cb40b902e9b4e25d7d752f1686a23c665d25c36c373598665f50693c5eeb4b9bc0e4f05ab53e4b70ccf71e185c9f5d5e56c3ac530c2362d0d264b5de711256a8082a1a5100a3c1f599a09ce8e4657e663a1c5442cb27d7bbdc1e8aeaaaf68da53d5badf68b6ca5203cf65272e7f3175e54c26b921a6bdc5e14208617b9a08a1109a1d9b1be859991acca653e2bb71d94c707634383b3a74e663ffeeaea6fbbe6671b872a923165aea3bfe6ff14830970f01b88daa4328f0fcfcf0e5f14b2737d65673f91c2e9b99b976617eb0b7f9d0130dfb1f92768d1a9a1debfdf84d2e93cea512803ba93784a1b9f11ba7de93f1b4c36533c3678faf4c0eecfffa77494f89abf3133dc75ee7b9ac5cc500dca4c6d1519ecbdef8fc838befff52890bbff0c2d4b9777e160b2e8aef120f077a3f7a13090485a82e8499e4c6c50f7e3973edfcf6a38eb948c56317feeb1fa38179318db96ce6f2f15f67d349858a01505708d389f8f9777f1e5e9852fa40d974f2d2effe55cc9976f0cb0fd7575794ae078a998a42c865d23dc75e8f8703f9395c3a11effde88ded4f71c19991d91b17f3530f142d1585f0c6e7efaf2dcfe6f388f170e0ea67ffb9d57fe5b299eba7decf673d509cd412c2a5b16bf34397f37fdce5f1eb5b9deb267a3f4f44737a340220862a42c86533035ffc8ed6d187cf1e4f6dc46efbc3e4fadae4e52fa8d403c54615219cea3b7d670cf226934a0c9df9f8b63f1cfdea532e9ba1520f141bfa0febb96c66b2efcb5c3ec1e6f27afc8d256555468bcd68b1198ca6747223bdb11e0d2e06a606779c62ca30ccc2f095fafd0fbacaab37ff75632d343fd49b4b4900e2d10fe1d2e8d54c2a21a1a3c164a9dddb5db7eff0b6d35f5e589d9f18f8f2c39d9ece0bc3e73eb9ff851f6cfecbd8c59302cf4b28094002fa219c1db824a1977f77d7ee879e13b336c2e36f3cf2f25f8f9cfffd44efe7db340bcd8e4596664a2b6b13b1f0c248df16add812df2e6f4d93cb576db4da8c666b706674f6fa0531275b80ad500e6126b911599c22eac2b26cdb83cfd4ef7f88a48bee9ec34fb32c3bde736a9b6613bda70e3cf3ca64dfe9bb9e062b9a3a5a0e3de1f456defa87aef2eac6aea32b9383d357cf8766c7949be503058c72088333238240f6c56dbeff71a204ded4fac0d743731391a5e9ad1aac4c0e4603f373779c99599daee3d16f56b71fbc6b2f96d55534eea968dc130f07a6af9d9f1fecc51c372042797434343f41d4dee36f6c3af898d4a3b17b1ef906cbb25bfd6741107a8ebd71e762a5ce275fde2a81b7b2bb7ded0f3fffb557ff66cf232f3a3c15528b84a243f94c180d2c10b5dffdd073dba46847253ebfa7ba39343bba5583543c7adb9ff8db0e54b5748a3f84de68aadddb5dbbb77b757e62faeab9b5953989b542d1a019424110d6434be2db7bfc8d25be5d391e74576be73621bc0dabd3dd73e48fa41dc8e36ff4f81b45ee8201c58ce6e568727d8de881784dc7a1dc0f5ad1d4c13062cfa5e50ded669b3397c3192db65cba4331a079264cc5d788da7b7635e47e50a3d96a73b945ee9751d5bc2ff723e668656a70ecab4f497bd5ec3924cbef2c8aae9f7a2f4a7e317fdff3af9aac0e25ea510ecd1026efb801db86c5e1ca719ba69b9cde2a9121745554cb72c45c6412f1b51551eb8f6fe5ab27f8d9aa533c1c90f017e7394e89621445f372349324982853e2f3cb755cbbdb27a699c164b6b93c721d14602b344348f44bcb64b5cb755c917b909aac0ef1778f0092d10d21c1a88cd16c91ebb8069359c6660039a21942a249d20699b6d06618466f14952e91cd0072a48af58462e874fa3c7f542eb30200c4d34c08010a15420840194208401942084019420840194208401942084059318650a717f59c50a7a7bf0b161483620ca1d1226a1aaa8cb35501b6518c21b4384ac4359367e514c0f68a31843697d7ea2cddb159596dabf2b5001465081986a96cdebb7d038bc3e5f1cbb0901f6047451ac2a6838f6dbf0942c7a3df64d922fde1409e15e9f7cc68b6763dfb67771d7a6175faf6879ff7d5b7e5bf2a284ec53b0a5f5a5977f8dbaf8d7e756261e4cae6ca4696657df56dcd071f7355d4d0ae0e8a48f1869061186b897bdf13df693ffa8d7838200882dded13b9f305808c8a3a849b0c260b4e7d405191de1302a807420840194208401942084019420840194208401942084019420840194208401942084019420840194208401942084019420840194208405921af27cca412c95824b11ec92437b86c86cf66757a83c164d61b4d06a3c96473da4bcbb0c32f5057505f4181e7c28bd3a1b9f1b595b968603e158f6ddf9e65598bd3ed70fb9c655565b5adeeaa7a919b7303c8a81042c865332b93038b23fdc1d9512e9316df511084447435115d0d4c0f4ff47eae37183dfec6ca967d552d9d7a8351b982016ea5ed10c6828b53fd671747fb89b2b7152e9b094c0f07a687874e7fe4dfdd55bbf7017b6959ee1f0bb03dad8630303d3cd17b6a757e52890fcfa4125357ce4cf79fad6e3fd8fac053782905284a7b210ccd8e8e5cf834b234adf481044198bd717171f46acba1c7eb3a8f602f6050889642188f04074f1f0b4c0de5f3a0d97472f0f447cb1303fb9ffaaed9e6cce7a1a14868e6b7fbc270df99fff8699e1378d3eafcc4d9b7ff36bca0c8d52f1439cd8430165ae2398e6201a978ecabf7ff7971e40ac51aa0206926846a20f07cff89df2e8e5ea55d08141484908c20f0fd277eb334768d7621503810426202cff79f787b6d658e76215020104229782edb77fcad4c72837621500810428912b170ffa7bf6518817621a0795a7a4e2892d1627378ca1d9e0aabc365b69798ac0ebdc1a0d31b1886cda413d954723d1c88aecc45966632a9442e070a4c0dcd5cbb50bbf701b92a87e2542021b4385cbeba7bdcbb1a3cbb1aac256e315d049e0b4c0fcf0df62e8fdf907c421b39fffbcae67d98d706b9d076082d0e97bfadaba2698fabbc9ab42fabd39737b49737b44703f343673e0ecd8d4b2820934a0c9ffb64ef632f49e80bb049a321642b1a77d7747497d5b6b22c9be36795f8fcf7bff883c9cb5f0e9fffefcdf76613991be8a9ede8765510ff1600d8a4b110eaf47a7f5b57c3bd0fdbdd3e593f986d3870b4a4bcbaf7d8eb5c3643d85718bbf459d7b3df93b51e28229a0921cbb255adfb5bbb9fb49678143a84b7bae9bee75fedf9f057a4395c991c5a5f5d76782a142a0c0a9b661e51341d7cacf3c997954be0268fbf71ef63df22ef274c5cfe52fe6aa03868268479db6fa2aab5b36edf61d25e0bc37dc9f53525ea8182a79910e653db83cfd85c64a75c81e71686fb14aa070a1b4278173abd61f7c3cf93f65ac02a27900421bcbbf2fadd65352d445d62c1c5586849a17aa08021845b6aec7a84b40bae48410284704bde9a6657b99fa8cbf2f875858a810286106e877472763c124cc4c20a1503850a21dc4e65f35ed297558466c7142a060a1542b81d83c952deb09ba84b707654a162a05021843ba86cde4bd43e343b8e95be400421dc41594d0bd1428d74623d1e0929570f141e847007468badc44736461a0d2c28540c1424847067de9a66a2f6d1c0bc42954041420877565a5143d43e165c54a812284808e1ce4857cde34c084410c29d591ca5669b437cfbd4c67a3a1157ae1e283008a1280e6f1551fb447455a14aa0f02084a2d84bbd44ed37a298bc06622184a290bebc1e3348413c8450147b29d9e66eb81c05f11042512cce52a2f6095c8e826808a128167b0951fb643caa502550781042518c169b4eaf17df3e93cce9553350541042b1cc36a7f8c699145e5d086221846299ac04cfebb94c9ae738e58a814282108a65309989dae3640822218462194c16a2f67899368884108a451ac26c3aa5502550601042b1482f47714f0822218462e90c64dbae093ccd100a82e6f7b991f0c2568d4208c56259b29f154f3784548f2e0b9ecfd22e214f1042b1743a8287f58c8c97a392de075e0017c3d2ce84a4bf2bd5407b15d3c2eac87e56729d8b48771f96f7e81449fb3d4234b149251042b158c23321dd10d2bd189685b41fa02e5f2f93951142289a40787524e932f24e1243c869fe864ada5f0167c242c613dea2480b8f5c9f934d697e067986fcafc0b23adc131632d27102d2819c2d3f475208d31a5fc621f0bc84d90ea48f91540221148bf42e4baeeba2e23c134a380d32f25d7de419422816e93801ab93e70b413a5367535ae33357a58550dacf8a3a84502c2e93266a2fd7999068cbd39bb43e7d5c5afd446b3ed5836608499fbcd1954d2789daeb651a2b37982c123e8ae7b29ade8038b91e91d04bda2f2cea68c640aea18bfcc8a4c84268b4d8e43ab449d2772b118bc85540fe25a21109bd4c381392227dfc4d17e99950c6104abbca4ac434bceda2b4e271394a7e6c92bb26eacb0288860af406a35c97a38ce4106a79db45695b982384c488ee09a94f864cc563e21b9bac76190f6db64bf96e6dac69f94c282d84927e50d4d13d13120ce2934e5891179749135d8eca782dca90efffbd2916d2ea6b12792e1b8f042474247d5b814ad00c21d1861174cf84a49bf9126dcdb62387a75c42af5870916134b9b437165a92b08e89d5e911426246b3557c632e9b51ae921d25d7d788da5b4bdc321edde1a990d02b9b4e69f48a341a5890d0cb5eead5d650df4d54434872cd46f7e9f3c65a88a8bdcd45f62ab5ed591c2ed26da63669f49dc1d2de37ee704bf955a5069a391366091fd3c92b1e26bb45b1cb1a4246ea15e9eac294bc65e4c7eac2a4845ed27e446a40f74c686518b18beea44d2694cb7a7885a8bdbc674246ea156968764cde32f2209d88c7824b123a3abc95b217931f541f51b03a9355ec1529ddf71c919e09650fa1bbaa4e42aff5d5e594d6de0f159a1d95369e24ed47a40694676f5a1ca5225b26d7d7688df565d349a2110eb3bd446f34c95b83c7df24ad63707654de4a94169474f6b6b9bc16874bf662f2837208c58f220a3c97da5857b498ad44966688f2ef2af7cb5e83cde511ff0beb564b63d7e5ae454102cfaf4c0e48e8e8f137ca5e4cded00ea19360287f234236442997c8d20c517b57458d126578fc0d127a05a68735b49c223023b15a84503a6b49a9f8c6b19094fbf5dc9186b054a9104af99e093cb738da2f7b310a5918ba2cada3b71a2194ca5642308041651e16cf6557e72788bab8caab95a8c457d72a7e30f95673033db217a3844c72637942cab5a8dded9376adae129443e82c2318569636912247a1d931a2c93a369757de89a337591ca5eeaa5a091da381794d0ccf4c5d39236d9bc35dadfbe5ae25af685f8e3adde21fd9afadcc91ee3191bb95a921a2f6de6a89c3986254b5744aeb387ee9a4bc95c82e9b4e4e5f3d27adafe41f8b4ad0df60c2595625b2a5c0f3a4b7673912047e79826c74d157bf5ba1621886a96ce994b6afe6eafc24e945759e4df79f93361fa3c4e7b7bba5ac32510ffa212c29db25be71606644b94aee72b8a961a265843abda1aca659b97acc3687b4315286616e7cfe816adf12938886c77b4f49ebbbab55dba741460d217455128c252e8fe7f5a9d7dcc025a2f61e7fa3ec8fe96fe36feb92d6717d757942ea175d69d74fbd27ed4683d5e9aa347e43c8a821845e92b9201b6ba1bc0dcf24a2e195a941a22ee5f56d0a15735355eb7ec95343c67bfe4065706b7bb3372e06a55ee054b5746a77a2cc4df44368b63b89aee967af7fa55c31b71aeff903d1d25256a7ab547e8440a7d7d7771e91d697e7b8de8fde50d56cd2f0c2d4c0171f48eede78e0a87cb550433f840cc378ab09eea3e6872f936e7c26412216991fea25ea525ebf3b3ffb5ed6741c92b6bc906198e4fa5acfb137f23fc87c571b6ba1de8fdf947ca7eaabbb47fca89e9aa9228465b52de21b7399f474ff59e58ad93478fa18e997a366cffd0a15731b83c952db714872f76860fee207bfa43e972d165afaeabd7fca65ad7643419c0619d584b095683c63e2f2178a7e879627064847802c0e57595dab42f5dca9e1c051a225d1b7892ccd5c78f7e71437bf589d9fb8f0ee2f48370db995b7ba49d147b2f9a48a10ea0dc68ac63de2db67d3a9a1b3c7152a26b5b17ee3f3f7497bd5741ccae79bf14c567b4bf793b97c423c123cf7cecf1686fbe42a492481e7c72e9dbcf8c1bfe4724fc1eaf4ed475f90af28ca541142867ce6d1fc608f128f2b788eeb3bfe6bd2a10ba3c52679b044b2dabddd253e8247ac77ca2437fa4fbcddfbd19bb99c918844030be7def9fbd10b2772dc3baf7eff83daddcce24e6a799f5b596d8bc96a27bac8bc76f25dbbdb276ddf87bb1204feda67ef8417a7493b36dcfbb0e49112c95856d77ef4850beffe22c7b5ce2b9303c19991eaf6838d5d8f589da5325577bb587071ece2c9a5f1ebb9afccb6385c2df73f2e4b552aa19610b23a7d4d4737d114c74c2a71e977bfea7ee987448b12b7c273d92bbfff8d84b3abc96acfff697093bbaaaea6e3fedc9fd9f05c76e6daf9d91b172b9b3b76b5deebab6b956befc06c3ab53239303f7439382371d38a3bb51f7d41e9191179a69610320c53b7eff0e4e52f88e6d127d723e7dff987aee7be97e3eaa14434dc7fe2edf0e29484be4d07bf46f13bd1fef0f36bcbb3b23c8217786e71a47f71a4df68b19537b47b76d5bbabeaedee32d2f55382c0c7828be1c5e9d5b989c0f490bc1bc636dcfb504563bb8c1fa806ecd3affd84760dffe7dac97749678a310ca337189b0f3dd1b0ff21092f3c14047e6ea067e8ccc7d2c6094a2b6bbb5ffa11cb4a59e627974474f5ecdb7fa7d06e74468bcde1a9b095b8ad4eb7b5c46d345b7506a3de60d21b8d8cc070d93497cd70d97426b1b1115d4dc4c2896838165a52e839a47b57fda117ff425bafb514435d218c4782a7fffda7d2eeda9ddecac6fb1ead6ade27f27f12cf651747af8e5f3a198f04251c8e61189dde70e4e51fab618460656ab0f7d89b1addf45e24b3cd71e4e51f9bed25b40b919fba42c830ccd0998f26fb4e4bee6eb6975434b4fbeadb4a7cbbee9c5528087c3c1c88061656a686025383d9742a97525b1f78aae9be4773f904194d5cfe6258b1c736d4e98da683dff873ed6e6ab83d15dd136e6abefff185e13ec91baba5e2d199eb1766ae5f6018c660b298ed4e83c9acd31bb2e954369d4cc563d2d66edfc95bd3a2aa898b8d078ef25c76f4c209da85c84f6f30def7dcf70b35818c0a43683059ee39f2ccd54f7f9bfb4765d3498566993a3ce5f73efd276abb39693ef898c0f363173fa35d889cf40663d773dfd7f4666a3b52d7d76893bfed809a178999acf6ae67bf9fcbac31e5b41c7aa2b9809ea1e98da6ae675f2998e9695b5163081986e978f49bea7cd79cc164e97af6159bcb43bb902db51c7a62ffd7bf5b004fd2eca56587bffd57de1a82c9fd1aa5d2101a4ce67b9ffe5383c94cbb90ffc76c7376fff10f4b2bd57e7352d5daf9c0b7fe52f6f761e45379fdeec3df794dc6e9506aa6d210320ce32cabbaefb957d5f31bdde6f276bff423ad2c60737a2b0f7fe7b58aa60eda85106375fad6ee27bb9e7b25ff33016951dd238adb84e6c67b8fbd4ef735bd0cc3f8eadbf63dfe2d795f829d1f2b9383035f7e98886ae395bddeeaa63d8fbca8f5ddd348a93d840cc3449666fa3e792b6f33fd6fa33718db1e7cb6766f3795a3cb82cb66c67b4e914e09cc33b3ddd9f6e0b35adfc6571a0d84906198d4c67adf276f8525bdc03517deeaa63d6a1d22229588ae4ef67d3937d043fdb2e2361687abaef3486d47b7da8600f2461b21641846e0f9a92ba7c72e9dcc719a8b48ae8aead6079e2a2bb8a1b94c7263e6daf9e9abe768bd67ee564e6f65c3bd0fefba67bf5c8b36344a3321dc948ac786cf1d5f18ee130485e649b2deeac6bace23442bfd3587e7b22b93034b63d756a686f2bfe993d9eeac68eca86ad957d88fe0c5d358083725a2abd357cfcf0d5c9271e980cde5f5b71df0efee926575a256f05c36303dbc34762d343b96da20d86b5c027b6999afaeadb2796f69551ddd75276aa3c9106ee2b299c0d460607a243833226dd8c66c737afc8d9bffa86131045d895824b234b3b63c13599a8d0617723f439aacf6129fbfb4b2b6b4b2b6b4a246a1975515000d87f056f17020165a8a8757d6c381442c924d27b94c9acba4789e37184d7aa3496f30e98d2693c56e73796ca5653697d7e6f22ab79b4301c8243736d707266291442c92496d70990c9fcdfcef1ac20ccbb27a83516730e90d06bdc1a437184d3687d5596a75ba2dce52abd35db4032da45437815b1abbdb576c0f979466b4d88c165b89cf4fbb90c2a7de19330045022104a00c2104a00c2104a00c2104a00c2104a00c2104a00c2104a00c2104a00c2104a00c2104a00c2104a00c2104a00c2104a00c2104a00c2104a00c2104a00c2104a00c2104a00c2104a00c2104a00c2104a00c2104a00c2104a00c2104a00c2104a00c2104a00c2104a00c2104a00c2104a00c2104a00c2104a00c2104a00c2104a00c2104a00c2104a00c2104a00c2104a00c2104a00c2104a00c2104a00c2104a00c2104a00c2104a00c2104a00c2104a00c2104a00c2104a00c2104a00c2104a00c2104a00c2104a00c2104a00c2104a00c2104a00c2104a00c2104a00c2104a00c2104a00c2104a00c2104a00c2104a00c2104a00c2104a00c2104a00c2104a00c2104a00c2104a00c2104a00c2104a00c2104a00c2104a00c2104a00c2104a00c2104a00c2104a00c2104a00c2104a00c2104a00c2104a0ec7f00fb8297063e70cb7d0000000049454e44ae426082');

INSERT INTO issuers(issuer_id, did, name)
  VALUES('b6233b14-32c8-4c5d-8f21-162413d5b8a8', 'did:atala:475798980b7f3fee6ab6baf04b239b09874d57c29a612b71fa94dbf5e475d9d5', 'University of გარდაბანი');
INSERT INTO participants(id, tpe, did, name, logo)
  VALUES('b6233b14-32c8-4c5d-8f21-162413d5b8a8', 'issuer', 'did:atala:475798980b7f3fee6ab6baf04b239b09874d57c29a612b71fa94dbf5e475d9d5', 'University of გარდაბანი', E'\\x89504e470d0a1a0a0000000d494844520000012c0000012c0802000000f61f192200001d8449444154789ceddde9731be79d27f06e34ee83004882f77d4a142592a26ec9927cc9929d38ca3d712ac9a676676a8ecad4d4d4ee9bfd0fe6d54c66b736eb4a32e53833636fe268ecd8b26359b2635d96289212258a94c41b042f102001e224ce7d418f42eb723f0fbafb6990dfcf4bbb1ff44f2c7cf1f4f11cfc899ffc030700ec68581700b0d92184008c2184008c2184008c2184008c2184008c2184008c2184008c2184008c2184008c2184008c2184008c2184008c2184008c2184008c2184008c2184008c2184008c2184008c2184008c2184008c2184008c2184008c2184008c2184008c2184008c2184008c2184008c2184008c2184008c2184008c2184008c2184008c2184008c2184008c2184008c2184008c2184008c2184008c2184008c2184008c2184008c2184008c2184008c2184008c2184008c2184008c2184008c2184008c2184008c2184008c2184008c2184008c2184008c2184008c2184008c2184008c2184008c2184008c2184008c2184008c2184008c2184008c2184008c2184008c2184008c2184008c2184008c2184008c69591700b99a19eebd79f6b7a4ad9af63cd7bcf77939ea51ccd553af2ecd8c93b67afac7ffd368b5cb510f35f484008c2184008c2184008c2184008c2184008c2184008c2184008c2184008c2184008c2184008c2184008c2184008c2184008c2184008c2184008c2184008c2184008c2184008c2184008c2184008c2184008c2184008c2184008c2184008c2184008c2184008c2184008c2184008c2184008c2184008c2184008c2184008c2184008c6de49d7ab3994c22164eaec633e954269dca66d2bc4610b43a8da0d51a8c7a9385e7f11b04ec6d9c10a612abcb739321df5cc83f1f5ef2c6c381442cca71d9c71dcff31abdc962b4daad45a5b6c2329babdc59562be8f44ad60cc06d80104683fed97b371627ef04bd9e6c2623be61369b598d8656a3a1a0d7b3f65f788de028ab76d5b494b77499ed85f2d40bf0a07c0d61369b5d181b9cb87e3e30ef96ec3333e9e5d9c9e5d9c97b57ce382bea6ab7ef2f6beee0795eaacf0778a4bc0ce1c2f8d0dd4ba723019f7ca7584ba3e5ea474d7b9eab68ed92ef44007916c2d5c8cae027a7bc13c3ca9c2e12f00d9c79d33374adfd996f9aed45ca9c14369b7c7a3cb83c3b71e9cd9f2a96c0fbfc9eb18bfffe8ff3a3b7143e2f6c127913c2f9d19b57ffe3e7abd13093b3a753c9eb1ffcdb68cf592667878d2d3f42b8307efbc6876f643369a6556447ae7e347aed1cd31a6003ca8310867c73031fbe41f4fa413e2357ce4c0f5e655d056c286a0f612ab17afd837f4da792ac0bf993a1f3bf5f599c655d056c1c6a0fe168cf59595f4550c8a453373efcf74c3ac5ba10d820541dc248c03739708975158f10595e9c526561908f54fd9e70acf763ea8731bc46632b2a7796d7581c2eadc1a43398345a6d6a359e5c8da512f148c0175c980ef9e7a96f3547af7d5cd5b65b6734d33507b84fbd214cc4c273f706281a5a9caeba8e83955bbabf7434763a95f44f8f4cddfccce71e79c250ef474a25e2ee5b571a773f435121c07aea0de1cc701fe97d974610b61c7ca9b6e300c7891af029687525f56d25f56d9180eff627a7fc9e31a2d3b907af36ec3a8af9509023f57e81e6c706898ed719cdfbbef537b51d074526703d8ba378cfd7ff7ccbc197780dc11f241e0ef8dc23a4e70278804a43b81a0d07e6a7c51fcff39acee3afd84b2a7338275fbff3f0b6232789da78278672382300c7a9368481b949a29bb4fa9d878bab9b733f6f75fbdefaaea7c41fbf387927f793c226a7d6102e107483825657df7558aa53b7ec3f6eb014883c38160ac45696a43a356c4e2a0d61c83727fee08ad62ebdc922d5a93582b6b1fba8f8e3317a0672a4d2104649ba97e21a092e44d7ab6edf2b7eb199204208b9516908e3a180f8831d65b5d29e5d23689de575220f8e0616a53d3b6c366a0c612a11173f625b67341bad76c96b28aa6a1479643cbc22f9d96153516308d3c984f8837506a31c35d84baa441e198f2084901355869064e292562f4b08c53fe949c6237214009b871a4398cd12bc21241ae3229ece68127924e634418ed4184293cd217e40e66a44965567b47af1214c930efe06584f8d21d4085a538153e4c1abd1901c194825e2e20fce661042a0a7c610721c672d2c11796436934ec4a4bf2b13ff99824e2fd325316c122afdf6589d6243c8c9f3922011137b95ab374a365807362795ce2714d3139a0a9cc5352dae9a168bd3257901e207a3e9cd0821e444a521b43ca62714b4bac2aa46574d4bb13cd9bb6f796e52e4917697d8378a008fa4d2103ed013da8acbd73a3d67459d4650a0e6ecf2dc94c8431de535b296021b9e4a43a8d51b6dc5e5d6c212574d4b714dabc16253f2ec7ecf78321e1579b0f851a6008fa4d210721c77e87b7fc7ead49ea16b228f2c705562b726c8914a9f8e32944ac417442f6f53b5b55bd662603340081f3479e3a2c8c1abbc46286fe994b91cd8f810c22f48c4c213d7cf8b3cb8ba6db78433fa61d34208bf60b4e76c2ab12ae6488da0c5cabf200984f04f820bd36ed1db9ed5eed82fc76462d88410c2cfa5938981336f8adc9ac268b537ee7e56ee92609340083f377ce15df17bb0b53ffd0d9d41ec5c2780274308398ee33cc3bdd3b77b441e5cb9b5db55b745d67a6053410839fff4c8e0c7a7441e6c71bada0ebf2c6b3db0d96cf61086fcf3fdefffabc85d10b57a63f74b3f9269551bd8b4367508c34bde6beffc52e4247a9ee73b5ff89eac5337607352efd851b9857c733d6fff42fce4dd2d4f7d05b78220874d1ac2a077e6da3bbf103f55a265dfb1ba8e43b296049bd6660ca1776278e0cc1b2247c6701cd7d07d146f05413e9b2e84e3fd9fdebbfc81f8a54debbb9e6a3d7042d6926093db4421cca453831fff6ee64ebff8262dfb8f37ee7a5abe9200b84d12c2c0bc7be64edfdcc84df137813caf697fe61b556dbb652d0c80dbd8215c8dac78867b67eef4479689772fabef7a0a0904656ccc1006bd9ec91b17e7466e8a7c0bffb0f1fe4f577c732dfb8fdb4b2aa5ad4d258836fc502791a3edd56f838530bb30767be2c685e5d9c9dc3fcbe7bee7738f9435b5b7ec3f6e7114e7fe81aa42fdf3a41e99cc06d98a67e384d03b397cefb30f8936bb17213b3f7acb3b315cbff348e3aea705ad4ed20f9708cf5334caa4f33e84743da1f8bd8614b31142b834337ef7f21f02f362570a259549a7c6ae9d9bbddbdf76f86b25f55b653a0b35ba855837424f48f53ba21104c92bc9517e8730160a0c9f7f67617c488973ad2cf7bdf75a794bc7b6a35f57d56442ba1066f23f8474bf231af55dcee46b08b399cce48d8b233d1f11edad9dbbb97b03cbb3933b9efb765175b392e77d02ca10e6ffdea674ff04f484d258599cb979f6b752dffe89150f077bdefe657dd7a1d6032faa615334ba10a656639257a2b024f93f81e735b827cc5d76f2c6a5bb97df67fd5c213b71fd42d03bd375e2fb7a9395692594214cc4f33b84d94c46fce8dffb345a357ee155f7abf0048958a4f7ddd7862fbccb3a819f5b9a19bff4e63f07bd1eb6656cce9e90a21be468ff5672cb9b10ae2cce5c7ce39f1627efb02ee40be2e1e095b77ea6cc93a1c7d1ea0d14ad12a247f0a9135d08e9fe5672cb8f107a2787affceeffae46a4df9137779974eafafbbf9e19ee635580c14c733d2c7e18ad3ad1d56f302bbabd97486aec9d1f3075f3f2f0f977b359c9c628e98c666759ada5d0155cf00417a645ee3cf104d96ce6e6d9df2657a3759d4f49522111adde286875a4ff8a4c3a958845f27719ff783840d18aee074b6e6a0fe168cfd991ab1f49f149bca3aca6bc65477175b3b5b084e33e1f6592cda4835e8f7762786e64201a5ccae1f3b3c317dee3794d6dc74129aa25a3375b632bcba4ad62a140fe8630b612a068a5474f486abcef8fb927d068b5d7ee3850ded269b2391efebfbc467094d53aca6a5bf61f0fccbb3dc3bd33c37dd4efd086cebfabd51b2ab7eecaa9627206b38d2a844bf93b3c3d16a2f9c5c4e52899c91b17ee5efe20974fb01696d4ef3c52d9dac56b44bd9f7594d538ca6a9af73e3f79e3a2fbd667144fc0392e7bebdcefb47a6369633b795b7a74df2d8adcaa4794aa78758650a50f666686fb862fbc47dd5c6730b51df9daa157febe6aeb2e9109bccf60b6b51e3871f807ffa3bca583e2d4d96c66e0cc9b2b8bb3146da9d16d279edbe5376374bf200aefbb2e921a431898770f7e227649ec8755b4761dfec17fafdd7180a79a5eb0c660b675bef0caee93ffed9117b14f964e25fb4fbf9e8845a8cf4ecae2a0590d35e46733e4287799742a12209ea8cd719c3aa7a4a92e84f170b0fffdd76987056adb9ff966c7b13f936a144b7175f381effe6d61650369c35868f9c61ffe4dc227ba4f662d2ca16815f2cd715c5e4eed0df9e729e631f11a0121fc72d94cbafffdd75723218ab6269b73ffb7ffa67adb1e694bd29b2c7b4efe79cdf6fda40dfd9eb1b1de4fa42de671ac85a514ad5289d53cbd22a5bbdab7388a48ef4d94a1ae108ef69c0b2ed08c0233db8bf67deb2f0b5c159297c4711cafd16c3b7a92e2ddc368cfb995c519394a7a80d16aa7db214399f224473776dfeaa4f9a952808a4218f47ac6fa68ba0e6b61c9be6ffe95d1ea90baa22f683bfc32697f98cda407cefc3f65260dd15d912e49b10e88f2966627285ad1fd8914a0961066d2a99b1ffd86e242df68b5ef39f917ca3cf56a3bf2b5e29a16a226e1a585b16b1fcb54cf7a7457a4fee951c92b915b221609f9e6291a5a8bca242f46126a09e178ffa7e1a505d2568256b7f3a51f29f6dc796d6326d22e77e2faf95828204b41eb38cb6b295a859716d43922f709fcd32374cf93e8fe440a50450857a3e1f1be3f5234dcfedc77141ef3a1339abb4ebc42f4f2239d4adebdf4be7c25ad29ac6ca46be89b1e91b612b9f9a87a6fb3bdc868b54b5e8c245411c291ab672856a9a8dcbaabbc79871cf53c99a3acb68af019ecdcc8807ceb50ad31db0be9ee8ae74707a5ae4546d94cc63b4133718ce23d9362d88730bce4f5dcbe46daca6029d8fad457e4a8478cd6fdc749873e8ff69c93a998fb0a2beb295a2d4edd55725c418e16dd94d522844f32def709c54bedf667bec170c9339dd1dcbcf779a2268b5377e51ecb46f73dcb66d2732303921723935992fd7cd62baa42081f633512a2f806b8eab694d4315effb3aa6d37e93dc658afbc8f495db52df7a76811f10cf54a5e8c1c92f128dd220616a74bee3758b9601cc2a99b9749178ce179cd96832fca548f781a415bbff330519385b1c15848c6890b46abc3595e43d1706571262f1ecf4cdeb848f7d2b5a2a553ea5aa4c43284e954d23d7885b455d5b6dd74efc42457bd6dafce68167f7c369b957b158cf2669a991f1cc78d5d93fd963547a9447ceae665bab6d47f1665b00ca177628874a5108d2034a966e76a41abab6a239bbfeb19ea95753ba4b2e60eba75359766269666c625af4742530397e916772a70555a9c34b34c14c3328473f788ef062bb774abea6d4f4dfb7ea2dbb05868d9ef9171908ac16ca57b46ca71dced3fbead92b5241f165b59a61bd2c8715c05d5bc5025310b612a115f9cba4bd484e7350ddd47e5298792d95e585c43b61efefcc84d998a5953b9a59bae617869619cf68b2eb7c14f4ed1ed77c06b34e5eabe21e418867061fc36e94d7649439bd95e24533dd4486ffabd93c3b2cee22b6fe9a4be5818ebfd58e13501c498bedde373dfa36b5bdedca1aa4ba747621642ef04f132be35ed7be5a82447a58ddb88d6755e8d84e8a66b89a411843ada15df32e974df7bafa96a34e9f2ece4d0a76f53376fd87944ba5ae4c22a84d9a59931a206a602a77a36425a4fab37924ead58981896a99835d5ed7be9a617721c170f077bdf7d4de1bdae1e271af4f79dfe15f59daaabb6d5565c2e6d49726013c2907f8174f051d5d65db9ac19232b575d2bd1f1723f87d4ea8db95c35ac2ccef4bcfd73e663d942fef9aba75ecd65a5f0fa7ce8063956215cf29075831cc795356d97a31249b8087bc215af47ee8d72eb771ec965585f60de7de5adffc370f18ba599f12b6ffd2c1e0e527f425155635115e5cc1285310a21e1cc688bd3a59217f48f642a28247a62944e25e57efea137599af71dcbe5132201dfe5dffcafd9bbd7a52a49a46c26337aed5ccfdbbf4825e2d41fc26b84b62327a52b4a5e8c2e4709d7082953762d5d0ace0ab2b773cb32cf6ce238ae66fbbe1c17dd49c6a30367deec7bef57b9f448445616672fffe67f8f5c3993e395425de721d52e66f130062b7067d2a968d04fd4a4a8aa49a662a4e228ad9a192618064db74003119ed7b41d3979e5ad9fe5f846c43b31e473dfab6adbddd07d946215569142beb9d19e73f36383b9bfbf315aedcd7b9e93a42a6530086178698168e89646101c6a5d98e03e7b4935d1f19165af4c95ace72cafad6edf333d7835c7cfc9a453ee5b9f4ddfee296b6aaf68e972d5b648b576602ab1ea9d189ab9d3ef73532e5af1b0b62327059d5e928f5206831086fc649d80bdb45ad0ea642a462ab6e2329ed7889f18195ea659409a42dbe197830bd392dc826633e9b97b0373f706744673497d5b61459db3bccee22c269d3f95cd6642beb9e5b9a925cff8e2d49ddcb7a65bafbeeba9d28636093f50010c4248facccd5e5225532512d2085aa3cd115b11fb4f4bc6a3ca6c0fa811b43b5ffcc1a537ff996ef4f32325e3d199e1deb5cb6f9dd16c2d2c3517384d36a7a9c0a93398345a9da0d50b3a1d97e5d2a9443a954ca712c95834bab2140b2dc7569643fe7999de433a2bea5a0fb09fe6468a4108490764d8d4ba52dd032c8e62f121e4382e165a56667b405341e18e63dfed7bf757720c974bc6a3cbb313cb540b814acb60b6761dff3eaf61bf5804290615c74943980f831e388eb338c8c6b526a261992a795849ddd6d68327143b9df2049dbeebc51f1a2c05ac0ba1c12084a43da13a37f17898c14cf60d588dd26cb941ad61e7911cdf1caa96a0d5edfaea8f55bbace897621242822f9fa0d3530f8354989e703ff455057bc2354dbb9f6dcaab67f762085a5df7577face6c5d4be14837b42a29110ea9f87721fe90d5e32ce6070e6da2271a33d67953fb51c049dbefba51fe6cbf0b4c761f3b25efcc106c2ee85213dc97a331cc749fb685ebce6bdcf5b9d25b73e7e4b255325a8591cc53b5ffaa19ac7338aa47408b39934d19b7a419b376f5d3502d9cb4c866b4994b774588b4afb4fbf4e3a74493d4aeab676bcf067f972abf2644adf13a65364b3e935aa7f4d7f9f46201b449261d413aeb115951df8ee4f4a553f28f761bc4668d977acfbab3fda1809e494ef094997b4209ab4ce1669a9cc5755d2194c3b5ffc81776278e8fcef89de70325454d5b8ede8d755be7a1a29a5bfe2a4137329762c6485782d4375cc512ea9df5a54dd34d6fbc944ffa7caec674ac760b16d39f415952fe34b47e910925e5eaaf96bf1804c9aecf2523d036205adae65dfb1eab65d13d7cf7b867a593d317a1ca3d55edb71b0a67d9f566f605d8b2c940ea1a0d5721c2f7efc541e8590fc76575d57daa682c2b623279bf71e73dffa6ceae665e55f633ecc565456df75b8a2b553aa491beaa4fcf78017b45af1bfb5a4dd0b43a4bf17eae909d7d319cd8dbb9faddf79c43b31343f7acb3b7947f93719068badb4a1bdbc79475ebf82178fc18fb146ab131fc2645cb2b1ff72235d92489d215ca311b4654d3bca9a7664d2a9c5a9bbf3a3b7fcd3a3728fb3b3388a5db55bca9ab63bca6b55bba8971c1884506f348bffbe2a3cc03217a4636219eeaf289e46d096366c2b6dd8c6715c2c1408ccbb830beec0fcf48a6f36f71e526fb214b82a1d65358eb21a476935d1ee3a1b0983101aadf648c027f2e0442c9acda4f3e29680747688217f46e4ad31d91c269be3fe16e5c978746d7e602c14888502c9d5683a99cca492ff398730c9f3bca0d569b47a41ab15b47a41abd39bad269bc364731a6d0e93cdb9511fb4906211429b93e4f0ec6a34a4e61d1eef23ed098df939efe63e9dd1ac339a0b5c95ac0bc97b0c6651902e161409e4c7d02ad2152bf2686c3ac82a0f4218265c9386916c786981a8419ece4005c9310821e998a310e1979b89687089e84185d16a57f3d35150128310161457103d80566089cedc912e67962f6b768002188450d0e92d4e82d59157163d6a1b48f530d24da60a8a735a1b1b3612364b53d94b081ea965d2e9c09cec8bc6e7c8374db609367a42b88f5508c99612f513f6330a8b878311c247a3050821fc2736212caa26db5b627192785b5f25792786888e3798ad16677e2c21070a6013426b61a989e495fdcae2acf84136ca9bb9d34f747c515513e9d2f1b081315bae987477dbf99101992ac95134e80fccbb899a14d7a871df6f608559084beab6121d3f73f7ba1cabb8e7ce3344b023da9aa26a8410fe8459080bab1a8916ea892c2f2e4edd93af1e3ae964c27deb33a226b6a2320c5883f5988550d0eaca5b3a889a4c5cbf205331d4dc835748773b22fd57c386c7720b9beab6dd44c7fba747561667642a86423a9524ff5de02b5abb64a906f216cb10da4bab49b73dbb73f1b44cc55018ebfd9874fa5261651dd16361d80c186fe656bd6d0fd1f17ecf18e94b399944834b13fde7495b55b4ee94a318c86b8c4358d5b69b745183e10befa9602869f6f61fff837465279dd1bc2197cd841c310ea1a0d3d7771d266a120dfaef5c7c4fa67a449ae8bfe073133faaadd9be5fd0e5cdd61aa018f67b0bd7ee3840da19ba6f5d6138902de8f5dcfdec0fa4ad3482b6aee3801cf540be631f42adde50dff91469ab9b677fc36447a1d5c84affe95f6733c4db48546eedd69bf2669b375012fb10721c57d779887429a7442cd2fbfb7f215dea3347a944fcdaefff251e0e9036d408dac6eea765a8083602558450d0e9db0e7f95b45524e0eb3bfd2bc5d6874ea792fda75f0ff9e628dad6751e3215e0cd043c9a2a42c8715c6963bbab966c4837c771cbb3933d6fff9c74cc0a8554227eed9d5ff83d34d31a0d666be3ae67242f09360cb58490e3b8b623272976230cccbbaf9e7a95e21251bc783878f5d4abcbb39374cd9bf7bd80556ee109541442b3bdb0f5e0098a8621dfdcc5377e2ad3f352dff4c8a5377f4aba8ed37d8eb2da2ac2d179b0d9a828841cc7d5751c2a6d68a368988c477bdf7d6de8d37724bc344d2713772ebddffbce2f13b108dd27085add8ee7bfb3a9f636010aeada228fe3b8edcf7e3be8fd29d5e56576eae6e5b99181e6bdc7aab7edce6dfb8aecdcbd9b772e9d8e8783397c08d77af0258b03cb58c097e04ffce41f58d7f0a0e5b9c9aba75ecd65a36c83d956ddbeb7a67d9fc162236a984e256786fb266f5cc87d358da2eae63d27ff2b96b1802fa5c610721ce719ba76ebdc5b397e08cff3f6d26a57dd96a2aa265b51e9e3e61067b3d9d8cad2d2ec84777cc8e7be27c9c05493cdb1ff3b3f3198f1761ebe9cea2e47d754b5ed8e878323573fcae543b2d96c60de1d98778f7067388e335aed667b91566fd4ea0d8256974aaea612ab896838bcb420ed887041a7effeca7f41024124958690e3b8a63dcfc5232bd38357a5fac0783898e33d9e183ccf771e7f056bfb8278ea7a3afa806d474f9637e7d962105b0fbf4cba86156c72aa0e21cf6b3a5ef85e6dc741d68588c2f39aedcf7eab7607a64a0019558790e3389ee7db0ebfdc7ae084ca1f336a04a1f3f82b782f0f14d47b4fb85e43f751a3cd3178ee2d15cca97f049dc1d479e2fbc5584d14a8e44708398eab68e9b497540d7cf846d0eb615dcb17145636741cfb2ee9542c80fbd47e39ba9ec551bcffdb7fddb8eb199e5745d9bc46d3b2ef853d5fff0b24107291373de11a5e23b4ec7fa1b461db9d4ba79766c619565254ddb4e5e04b052eecf509b952e988193116a7eedebdfc01dd2cdb5c14b82a5a0f9c28ae6951f8bcb051e5594fb89eabb6b5b8a66561ec96fbd615bf675cfeed62f8a2eac69af67d654ded2a7f540bf9258f43c8711ccff3654d3bca9a764483fee9db3d33c37dabd190e467315aed955b7755b7edc6121520873cbe1c7d58369b5d599cf57b46fdee91e5b9c95cde6768f5c6c2cafaa2aaa6a2aa465b7119ba3e904f7ef7840fe079de5e52692fa96cd87924934e85fc0b91c062647931b2bc1809f892f1482a99482556d72d58c80b3a9da0d56bf50683c56671b82c8e62b3a3c8e270590b4b54f20c1636bc0d15c2f53482762d900fffaf6c269d4a26341a41d0e9d0c501731b36844fc06b049dc1c4ba0a80cfe18a0b803184108031841080318410803184108031841080318410803184108031841080318410803184108031841080318410803184108031841080318410803184108031841080318410803184108031841080318410803184108031841080318410803184108031841080318410803184108031841080318410803184108031841080318410803184108031841080b1ff0f2591d4e650cb8ac00000000049454e44ae426082');

INSERT INTO issuers(issuer_id, did, name)
  VALUES('3b87a9d7-2039-4d0e-b62e-c3abbdf7be75', 'did:atala:a1142655959f6cd18a8cbbab0ca83e87a41d15718f669660975190e9f1b03cb6', 'University of ვალე');
INSERT INTO participants(id, tpe, did, name, logo)
  VALUES('3b87a9d7-2039-4d0e-b62e-c3abbdf7be75', 'issuer', 'did:atala:a1142655959f6cd18a8cbbab0ca83e87a41d15718f669660975190e9f1b03cb6', 'University of ვალე', E'\\x89504e470d0a1a0a0000000d494844520000012c0000012c0802000000f61f1922000019f249444154789cedddeb735be59d07f0737474bf59b22ddbf2fd9ec4719c382197869040695202840d9d4ee9526097996d677667d899eeecabfd0ffa626767b69d76bad00edd9deed2422114d8964ba0504888e324384e9cc4f74b6ccbb62ceb66499674a47de16d9a865cf43cd239bf23f9fb19dec09c47fa25f8eb737b9edf231e7de1070200d0d1511700b0d1218400c41042006208210031841080184208400c2104208610021043080188218400c41042006208210031841080184208400c2104208610021043080188218400c41042006208210031841080184208400c2104208610021043080188218400c41042006208210031841080184208400c2104208610021043080188218400c41042006208210031841080184208400c2104208610021043080188218400c41042006208210031841080184208400c2104208610021043080188218400c41042006208210031841080184208400c2104208610021043080188218400c41042006208210031841080184208400c2104208610021043080188218400c41042006208210031841080989eba00b89bd92bfd173f78957554fb9eaf75ec3dac443daa39f3fa4f03b3e3aca31e7afe5fccf63225ea5114ce8400c41042006208210031841080184208400c2104208610021043080188218400c41042006208210031841080184208400c2104208610021043080188218400c41042006208210031841080184208400c2104208610021043080188218400c41042006208210031841080184208400c2104208610021043080188218400c410420062a5b65db69c4eadad86d762113995ccc869399dcac8b24e27e9f47a9da497f40683c962b2390c669b288ad4c5020842b1873023a783be99b07f36b2341ff6cfc7c381d45a3c9781a24e67b23a2c4eb7a3a266fd1f6755bda437285d30c097156508d756c3bed1c1a5e9e1c0f531399de2f8846c2693888612d1d0cadce4fa7fd14992aba6b1a2bebdb2b1d355d358c87201eeaa984298cd669726afce5c3eb334792d9bcd14f6c333b21c989d08cc4e8c9c79df5a5651b77967eda69dd6b2f2c27e0bc097154d0817c62f0f9f7e371a5850e1bb62a1e59133ef8f9cf9a0a6adbb6df7579d9e5a15be1436ac22086134b03878f2d5a06f5af56fcefac6067d6383d5ad5d5b1e386671e2ac088ad07808b3935f7c7aedd4ef33729ab08885f121fff448c7de23cdbd0744112f75a0c0b41bc28c9c1e78f715dfd8207521822008723a75f5b3777c6397763ef6acc9eaa02e074a8a467fafa7d6e27d275ed448026f08faa64efdea87a1c559ea42a0a4683184723ad5ffdb9fdf7879a0298968e8cc6f7e12981da72e044a87e64298cd6607defd6f8ac730b992d3a9736fbf1c5abc4e5d089408cd8570b4ef8385f121ea2aee219d5c3bfbe6cf62a1007521500ab415c2d0c2f5b1fe0fa9abc8492a11fbe2dd5f663332752150f43414c26c461e78ff956ca6c0536194135ab87eedf4efa9ab80a2a7a157143397fb565796f2fc10b3dde5aa6e7078bc167b99c9e694f4069da4cfc869594ea7d7e289d57022128af8e7c3feb9647c35ff9a272ffcb1b6b317536a201f5a09a19c4e8d9e3dc93ddc64733474eda9e9e87154d4e43824e29f5f9a1e9ebb7a3eb2ece3fede6c367bf5d3b7f73cf93dee4f00d04a08af5fee5b5b8d700c34982ced7b1e6edcb65f27494c031d955e47a5b775e7a195f9a9d133effb674638be5d1084e5eb638b9357aa9ab7f00d07d04a08672ef7718c727b9b773cf2d766bb2b9faf767b9b761fffbbc5c92b973efc0ddf2f82f1731f2384c04d130f6682be698e6bc2aa96ae3d4f7e37cf04fef9d39ab73cf0f43fb96b9b39c6aecc4d44fcf305290336204d8470eeda05d6216e6f53efd1efe8a4429ec90d66eb9ee3dff5346de2183b3578ba8095c086a289102e4d5d633a5e6f34f71e7da6b0095ca793f4bd479fe178dae91b1d2cf83a63d820e843180b2dc742cb4c4336ed7fc464732a548f6430eef8fad3acfd66528958705ebb53ed40cbe843e89f667b2c6971b8eabbf62854cc3a9bdbd376df5759472d4e687db61d68137d08596742376efb0aebdb080ecd3b0e98ac76a621fe9951858a81d2461f42c6e78a62eda65ea54ab9896430d66fddcb34241af065644c250566c421cc66334cbd9b1c9535667b9972f5dcac612bdb456f4696f3997c031b16710813d11053e3d08aba36e58ab985c5e172547a99868497b0e81e98918730cc74bcc3c3968a3c791a3b998e677dcc0b209087706d35c474bcdd5da55025b755565dcf747c221254a6102865e421649baba9da0de13a4725db5bfb04e3ef1400813c84a96482e97895db0d5a1c6e4160d8bc2911450881197108336986aebe3a491275aa16ac9324a3c59afbf1e9e49a72c540a9a20ea1ccf0685489c9a2f7643059723f98b653381429e210ca2c6742399554ff6db88e651229df3e6db0c11187d068b1e57e70369b55ffa68b698a5c369329a24655a011c42164dd00301e5951a8923b613ef762176e60441d426705d3f1098210325c308b3a49440881117508cbd8421857fd6db89c4ae67e3076bd070ec42134d91c4c3fb8f1b0da67c2643c9afbc1acab9f0004f2100a82c0b403aecaf784a9b538d33da111210476f42164ba2255f9729475cb172bb6d406765a0821c30f6e221acc66b3ca15738b58c8cf74bccde551a81228615a0821c3993023cbc9184f7f5e3e113fdb225d7b45b5429540092bb2100aeade16861666988e77553728540994300d8490f13e2a1e0e2a53c8adb2d94c90258416874bb9468c50c2e84368719633bde056ed4c189c9f4eb3acb4aa645c860fb08e3e843a4932d91896eaaa16c2a5a9ab4cc7f3f5cf07a00fa1c0f88054b5b71473c303b91f2c198c95082170d1c4d66836b727e8cbb5873cdfee65ac56e627e361869784d5ad5b31670df8682284dd0f7da3fba16f5057f117a6064e311d5fdfb55ba14aa0e469e272546be291a06f6c30f7e31d153515f5ea354485128310dec6e899f799d6e6b6f41e54ae18287908e1ada28185d9abe7733fdee6aaacddacc6f61850aa10c25b642f7df81ba6ed3e3bf61d11456dfd35aa39bd56211baa4b88b67e7ac84d0e7cb6323f95fbf1e575adde8eedcad5c3279b29facda132990dd4b70e21fcb3d0e2ecb5cffe37f7e37592b4f5c1e38a9523080267c79a12d8a18def4ca8b54b921c1565d14a588b452ffceebf987e7c3bf61eb1972bbb6c82afd56a299c09b97e8fa8b07bac12104241100439953cf7d6cf997a67b86b5b5a762afe50942f8499e20f21dfef11a626b1daa18997f5b4d2c9b5feb77e1e5a64d85ad06475f43ef21d152e7e384358fc8dc0f9fe08457a26dce8214cc657cfbdfd72ee93e60441d049fadea3cf986c6a6c4dc317c2f45abce095a82cc5fe4710455d91de136ee81046030bfd6fbdcc34475410c49ec3df72d7362b54d22df842984c147708b3990cc7d63a3a7db1fe30176bddf9bb3e7476e8e33759778fe83a784ccd77121bf34cc8711a1488f60b2a8862ad3b1f6bab91cb1f9f5818bbc43a70f381c79bb6dfaf444977a2379a38462513b18257a226be10f2fd5d69c1c60a6136234f0f7e3efcf97b4c4be60541104571cbc1279a7af62b54d89df075134e157b08b9ea577903d9022a9d10faa7876377bdbbcba4d353174fc542cbac9fac93a49ec3dff676f4e4511d27bdd12ce90dacd7cc19399d8caf32ed78a5298968906354f1b63f2f9d104e0f9e5e181f2af8c79aacf6de479f737b9b0afec939325aed1ccdffe39160f18690af9797b168cf8445f948573565d5f5fb9ffa47c2040abc5759f1085bef704de12b1e97a3a5476ce93db069ff515147fcfe973384aaef9c534031aee28b37843813de9ebdbcaa71db57c813280802dfac00d65d343485ef37883ad327948010de5e34b0f0c75ffeebd5cfde61da9f50097cfb5b4496e70b5e893a32727a35b8c431d0e6aa2c7831ea4008ef2823cb13e73ff9f47ffe2d303b4e5886bdbc8a6354c43f2f0845b9b437b2ece358c724ea2484b064c5428133afffc7f0e977a996abf3ad964a27d78af48a34bc34c731cae6aad0c2bd031f843017d9b1fe0fcfbef912c94b70b3bd4c6f34730c0c2f31ac0bd18e889fe742daee2ee2fdb010c25c2dcf8c9e7eedc72a6f15bc8eef8a34303759e842d410989be018c5f757a411082183d595a5d3affe7835c8b67368fef8ae489767460b5e89d292f155d63d21d7d92b6a0a5e8c6a1042366babe1be375e54f92d1cdf6c816860616d355cf06214b53c33c2f73c897642459e1042668968f0ec9b2ff1cdf4e7535ec7d9dedb3f3352d84a94e6e73a7b5bcb2acc76868dbdb40621e4b11af45ff8dd2f55eb8d692d2b37db5d1c037da3cccbb508653399c5099ed9bfe575ad052f464d0821a7e5999191be0f54fbbaf2ba168e514b53d792f1d58217a390a569ce6a8b3d84a53377b4be6b4fee976db1903fe89b0e2dcee5f3467bbcff234fd32675ee46caeb5ae7ae5d601d95cdc8f32303ea2f83e433c7b2fbc0cd2aea11426da86ad9c23a646d35e21bbd3875f114df03cf6c363378f2d5079efebe0aaf893d4d9d822072fccab83ed45f14214c25627c2bd16c6e0fdfb5ba766ce8cb5193cdd1b4fdfe83cffe73cfe1a7f8eeec575796262efcb1e0857d99d9ee727b1b39068697668be2f1cce4179ff2b539aceddc51e85ad4b6a143f82762dde69d079efe7e4dfb368ec1a3674faa339386bbc1d4d8d99385ada4e0d2c9c4d445b65d596fd0e05e20ac10c2ff6730597a8f3ed3baeb41d681722a3971e113052aba554dc776bebe9a81d909da39e8f73435708aef958fd3536773f3ac32d11484f02f6cda7fb479c703aca3a62e9e62ed1cc5c164b5f33d231504e1f21f4e68769798787865ecdc477c636b3b8bfe342820845fb6e581c72a1b3b9986a4936bb357ce2954cfcdea36efe21b180d2c8cf3fea02bedd247aff32dda14753a6ff1df100a08e1ed883d87bf65305998c64c5f3aa3503537f376eee09e1a32d6ff21df2a2145cd5ceef34f0ff38df5766c2fea8932372084b761b23adaf77c8d694834b0c0b70687894e929a79bb0f6764f9dcdb2f6b6a36e9cadce4d0c727b887b7ee3c54b85a282184b7d7d4f315d6dfb2f3a317152ae6660ddd7bf996170a82908886fadf7a99bc61c7ba5868f9dc3bbfe0be53f5346d72547a0b5b121584f0f6449dc4fa8e7b61ecb242c5dc4c6f343776efe51e1e5e9aed3bf122f95cb6c8b2efcceb3fcde7d54e4ba99c060584f02eeab6ec627a25100d2cacc5a2cad57343cbce43acb7ac370bfaa63f7fedc784cd2f02b3e39fbff6934434c4fd0915f56d15f59c2b4b340821bc2393d551ce382931705d8d75b4468bad63df917c3e6135e83ff5eb1f724c46cd533693193d7bb2efc44bf9bcd1117552d7a1e3852b8a1e4278379ec64d4cc7077d330a55728bc66dfb9c9eda7c3e2195880dbcf7cab9b77f91cf1989497869eed4af7f34f2f97b7c5b61dfd0bce3405137b3f8b2d299c0ad848a8676a6e3c37e957a2b89a2aeebd0f1cf5ffb499e7d0d172786fcd3c3f55dbb5b773d6871b80a54ddad22fef9d1be93beb14bf9776134dbcb3a181f5c6b1f6508e574eaf4af7f947b2bc1ee879e74d7724e19e1e3a8acd149fadc27168797d46bb9ebf6363574ef99c9fbfd64464e4f0f9e9eb9dc57d3de5ddbd9eb69ea2cd4a29074726d716268f6ea79ff3467d38a2feb3a745c32180bf251da4119c2586839b2ccd0d5479fc7d3083ea2a87354d68416aee7787c3a9950734fb2ae834f8416660af20a3e9b91e78707e687070c666b554b57796db3dbdb6c73570a82c8f639d94cc43fbf323f15b83ebe3475957553b7bb6be97da0bab5ab801fa811a421645cc56775962b54c95dd85c9edc432808422cb4ac5a0875927ee7a3cf7ef6cabf17b0e14d2a119bbdd23f7ba55f100483d96a2fafb63add1687dbe2741b4c169dde20e98d92c1206405399d94d329399d4cc563b170201e5989875722cb3e85de43ba6b9b37ed7f54894f26471942a6a5b406b395e43ac4c298fc443428083c0bfff8589ce53d479e3af7d62f94687a9f4ac456e62656b81a811696c96aef7de43ba2ae349f2352fea99836cd25390d0a8260b63b998e57ff3d7855f3964df71f55f94bd524198cbd8f3e67b2b1fd8f28229421643a135a9c6ee52ab90b83c9ca747c92a2557eebce4379be39d42c496fb8efd8f345dd56f49e10c27b3098d99e06a555ec477ab3f6dd0fb34e3ad73e496fd875ecf9626fa6764f64f784722ac934a39fea7254a763fb2be26b9452101d7b0f0b8230aa622346454906e3aec79e2ba5e96977421642a61b4241102c0e9a33a14e627b6946bb80bd63ef61bbbb6af0c3d734b254829bcd55b9f3b1e7f836e1283a642164ed32c8fa94b250589fc865d46acb7d27deceedf68aeaf3effc27ebaf39eda86adeb2fdebdfe65eb15574c8ee0999cf8444f784ece8f7c77554d4ec7fea85eab66eea4298893aa973df915dc7fe66e32450289633a1d16297f406e58a293d069365e7a3cf2e4e5c19fae4b7f170716cd95b51dfb6f5c1274ba07b1aabe208a1b58ce65ab4d855b56ca968681febff68e2fcc7844f8ceec964736c3ef07809b4f1e543f76086e9fd04d153991220e90d9dfb8e3474dd3771e193eb43fd859dcc993fb3bdac69fbfd8dddfbf44613752d64684228a7926bb148eec717cf0da146599ce55d878e77ec3d323d787aeae229753a00dc9da3a2a6a5f760eda61d2aece4a1713421647d344af592b0c418ccd6b6dd0fb7ec3cb43831e41b1d5c9cbcaafe9b0c93cd51dddaedede829f957f0b9a309612cc4fa7e0267c282d149fa9af69e9af69e8c9c5e9abae61b1d5c9e1965ba30e16073557a9a36d7b46f73799b44916d7954c92b8e3321ee0995a093f4d5ad5bab5bb70a82108f0483bee9d0c274d03713f6cfe57f86345a6c4e4f9daba6d155d3e8aa6e3098d9a6e06e285421647a4928e24ca8348bc36571b8bc1d3debff9a4ac4d6d707c623c17824985a8bc9a954269dfad31ac294288a92dea0d31b25bd5ed21b25bdc168b55b1c2e8bc36d76b82c0ef7467ed0c28ae87294e54c68b2d975127ae1a8ca60b61acc56a7a78eba900d8166c60cdbfa09079eca40292308613ab9968c333c22b716d9b5289e3a001b8210c6232b4cc713efbc937333b875ba126dc100ca29829f18da09d1acb3bd58973e01108490f5294b9674851eebfa403c430256451042da99c7ec67428410d8108450d2b3fd98a6d6085a27ddf4ed6c3d63104260451242b6f6a1b4b38d59f7d0d39b36d06a5428088a101a8c4c6d7c99de67141c6b0b4393c5a1502550aa689e8e9aac0c3fa9f1f00ae12352d6172a46ab5da14aa054118590a59bb29c4ec52341c56ab907d61d6d4d082130a209a199b1a57934b0a85025f7c4da908ae9240f205085907555446841a51d706f918caf3275285e9ff7ac5c3d50926842e8a8f4321d1f981d57a892bb0b2d326c8a260882dd5d52db38833a88425851c3747cd0374dd2a128e89b663a7e03b6eb83fcd184d0eef630b5f791d329ffd435e5eab913fff430d3f1f6729c0981194d08459de4a860db66607ee4a242c5dc492a1163bd172dabaa57a818286164ab282aeadb998e5f18bfa47433a25bcc0d0f6459d631e924a9acba41b97aa054d185b0812d8419599eba785aa1626e6bf6ea39a6e3cbaaead1ab1f389085b0bcae9575aef3d4c067aa4d610bfaa658af45ddb52d0a1503a58d2c8492dec0dafe359d4c5c3bf57b85eab9c5e8d90f5987789a362b5109943cca95f5759b77b20eb93ed4bfa4fc6352fff4f0d2e455a621269bc35ddbac4c3950e2284358ddd6cdde9d327bf1fd5f25a24125ea5927a75397fff006eba89ab66d682c0d7c284328e90d356ddb584725e3ab7d275e52eee670f0835759276d0b82e0edd8ae4431b01110377a6ade7180a347e0eaca52df1b2fb22e32cac5f0e7efcd8f0cb08e72547a712d0adc8843e8a8f456b76de5181859f69dfad50f9767460a574bf6ea67ef8c9d3dc931b2a5f781c295011b0e7dcbc3f6dd0ff335cc5dbf2ebdf8c1abc9f86a9e35acc5227d277e3671fe138eb1269b73c36e310b0541df95c8e9a9adeddc3e37fc05dff0d92bfdbe9181faaedd4ddbefb7b92a5987cba9e4e4179f8e9fff389d4cf015d0befb616c7309f9a00fa120085b0e3eb1343dccda52e906399d9aba786aeae229a7a7b6a6addb5ddb5256557ff73636722a19989b5818bb3437fc453edb80392abd0ddd7bb88703081a09a1d162eb3af8c4c07bafe4f939e1a5b9f0d29c2008a2a8b338dd1667b9c55e26194d92dea0d34919392da753896830160a445716b3994cfe95771dfc2b51a4bfa487a2a689100a8250bba9777162a8504b25b2d94c2cb4ccda99825563f7bef23a4c55837c69e8b7f8b6af7dabacaa6836c4737a6ab71c3c465d0594020d8550d21b763dfeb7c47b30e5466f34f71e7d06cdb6a12034144241104c36e79ee3dfd5780e2583f1be63cf5bcb2aa80b8112a1ad100a8260737bf67df31f385e36a863fd748df93150409a0ba1200816876bdf37ff9e75a1930a0c66ebae63cf57d4b751170225458b211404c168b1ef79f27b9dfb8e889ad9f8d651e9bdffa91790402838ed3e5a1045b16df7c3150d1d97fff0c6fadb3fc24a1abaf76e3ef038ba578012c4a32ffc80ba867bc866b373d7ce0f9f7e4fd1658477e2f4d4753ff48db26ab45103a568f74c7883288a759b77d5b4f7cc5d3d3f35783ae29f57e77b9d9eda969d87bc1ddbb15a17145504215c27e90d0ddd7b1bbaf7aecc4fcd5cee5b9c18e29e6b7a773a49ef69ea6cecd95fd9d0a1c4e703dca268427883dbdbe4f63665b3d9a06f6a71e2caf2cc6864d997ffbef626abdd5ddb52d3d6ed69dec2de7403805ff185709d288a6e6fb3dbdb2c08423623479617c24bb391e585443498888612d1d05a2c72e729daa2c96a333bdc1687cbe22c2ff3d4b96a1a59378a022894620de1cd449de4f4d43a3db537ffc76c369b49a7e4746a7df144369391f47a9dde20e90d92dea89d371f00a510c2db1245513218efbeaa10400b704200208610021043080188218400c41042006208210031841080184208400c2104208610021043080188218400c41042006208210031841080184208400c2104208610021043080188218400c41042006208210031841080184208400c2104208610021043080188218400c41042006208210031841080184208400c2104208610021043080188218400c4fe0fa00c755f296147d20000000049454e44ae426082');

INSERT INTO store_users(user_id) VALUES('77398291-5d7a-44f5-ab15-2866a88125e8');
INSERT INTO participants(id, tpe, did, name, logo)
  VALUES('77398291-5d7a-44f5-ab15-2866a88125e8', 'verifier', NULL, 'Output Input Georgia', E'\\x89504e470d0a1a0a0000000d494844520000012c0000012c0802000000f61f1922000016de49444154789cedddf7731be79907f02d00089020580176112c129b2c89a464259263494e645b761c9feee662a739c9cccddd2f49fe8fccdc0fd7e6e6925c2ec9c57771e2894bac5867c54551b11a658a6aecbd809d0489def67ee04c26769af4ec8b7d7681efe707cfd8e3e7e583f2dd5d6c795ff9d4b7bf2b01001f85bb01807c8710023043080198218400cc1042006608210033841080194208c00c2104608610023043080198218400cc1042006608210033841080194208c00c2104608610023043080198218400cc1042006608210033841080194208c00c2104608610023043080198218400cc1042006608210033841080194208c00c2104608610023043080198218400cc1042006608210033841080194208c00c2104608610023043080198218400cc1042006608210033841080194208c00c2104608610023043080198218400cc1042006608210033841080194208c00c2104608610023043080198218400cc1042006608210033841080194208c00c21046086100230b37137605299742a16da4ac622895838158fa6d3292d9dcea453922c2b8aaaa836c56677385d766791dd59e82cf2c80a36674084104a922425a2a1ad9585edd5c5edb540787335bab5118f8424497bc07259569c6e8fcb535654e62baea829aea8f6786b6d8e82acf60c39237f43988c4556a687d7e6c6371626c39bab7a86d2b44c747b33babdb93e3fb9f35f6459f1786bca6a9b2aea5b2b1a5a559b5d44cb909bf22e84b150303032b0347177737146d31e745ff7b0342d135c9e0f2ecf4fddbaa4a8b68a86d6ead647aa5bf6da1cce2cfd4583adcd8d0f5ffef5c356f90f7ca6b6ad3b1bfd585abe8450cba4036377e6ee5d5f9f9fc85ef6fea84c3ab53235b4323574fffc1bbea6ce86bd872bea5b8c6c201b92b1487079fe61abe2e1ed6c346375b91fc2642c327dfbc3993b57e311e66f403a950c8c0e044607dce555fefd47eb3a7a1535f7df7ff88b72f94b908c4526fb2f4c0d5c4e2713dcbd7c4c687de9ee07af8ddd78afe5e013f59d871455e5ee0838e5660833e9f4f4c0a5b11befa71231ee5efea4582878effceb131f9d6f7fecd9ea9647b8db01363918c2d59991fbbf7d53e7094fc344b736fadf7eb9a2bea5ebf8e9a2322f773bc020a742988c47872e9e991bece36ee4a1adcd8d5ffad93fed3e7cb2a9e77159c675fffc923b215c9f9f1838f74a2c14e46e8428934e0d7f787669e2de81a7beecf29471b703c6c9858daea6696337debbfefa0fac9bc0dfd95c9cb9fcca3f2f4ddce76e048c63f910a612f19b677e3c7af59ca665b87b1123198f7ef4eb9f8c5c7de7c1ef9b034bb3f6e168747bf3e65b3fda5e5be46e44bcf11bef4736d7f69dfc22ae25e63c0b7fc0db6b8b37def84ff64bf0d913181d88858207bff0cd9cb9d90dfe28ab1e8e0697e7aebdf6bd1c4ee08e8dc0d4f5d7bf9f8c45b81b812cb2e49e707371e6c69b3f34e042bccd51e0f294db1c05367b81cde1b41538b54c269588a712b19d7f46826b99742aab3d0497e7afbdf6bdc37ffd0f76676156ff1070b15e08b7d716fb7ef55f594aa0bdc055d9b8a7c45befaea8729757b98a4bfffcffaf699948703db4b6185a5fda589c599b1dcb4626b7d7166fbcf9c3474fff3d9e51cc49160b6124b876e38d1f24e351b1c3169556fa9a3b7dfe8eb21aff433d232fcb4a51696551696555cb5e4992d2a9e4daece8f2e4e0d2c4fd443424b0c3e0f2dccd333f3af4fcdfe13c4deeb1d2279a8c47fbdefa513c22f2cb5db96b8fffc063dec63d9224eb1f4db5d97d4d9dbea6cece637f1518e99fbc75697b35a07fd81debf39377de7d75ff535f12352098846542a865d2fd6fff34bcb122683cb9aebda7b9f798bbbc4ad0801fa3a86a5dc7c1ba8e836b73e363d7df5d9f9f1032ecc2c8ada2326feba39f13321a9884654278ffc25b6b73e342862aaeace93a7ebaaca651c8687f5e457d4b457dcbc270ffd0a55f0b39973b7aed37c515d53b47bf901bac11c2c0c8ad993b57f48fa3da1d7b3ef554e3fe2306df245ddbd6ed6bea18b97a6e7ae043fdf7c1dc7ef7d5a395b58525e5427a037616b84e18de58b9f3fe2ff58f5354e63dfac277fc071e63794cc1e670763efe8583cf7d43ff95f75422d67ff6e56c5f1a01c3983d845a263370ee67fa1f8daf6aee3cf2c56fb13fb0e7f5b71f79e1dbfa7f886eadcc8f5e3d27a4256067f6108edd788f30a1d027b43efab99e675f32c9cd5f45a59547bef8adaae64e9de34cf65fd8589812d11130337508b756e6c7fbded73948db9153bb0f9f1472054214d5eee83ef5d5aae62e3d83689a76fbdd5fa45349515d0117f38650d3b4bbefbfa665743da0b4e7534f35f71e17d49148b2a21e78fa2b3e7f879e4122c135fd1b296067de10cedcb91a5c9ed333c2eec3275b0e3d21aa1fe11455ed7ee66bdec6363d834c7ef45b71d74e8187494398888647aefc9f9e11eada7bcd7f515b51d5ee535fd5739e26934edfffed9b025b02e39934846337ded3738bb6c75bdb75e2b4c07eb247b53b749e345a9d1d5d991e16d81218cc8c218c04d766ee5c2597db9d853dcfbc64a135588a4a2bf79d7c41cfa9a3e10fcf1a3cb73f0864c6108e5e3da765d2d46af9c0535fb2dc6c6555cd9d2d078f93cbb7570381915bc2ba0163992e84e1cdd5c0e86d727943d7a1ca5d7b04f66398d6474fbacb7de4f2f1be0f30319445992e84e37d1f90e74d2b2874b71d7d466c3f86515475ef89bf211f9486d69716c7ef8a6d098c61ae10c642c185e18fc8e59dc79eb717b804f663b0b25a7fc3de47c9e5137d1f086c060c63ae10cedcb942be3aeff37754b7ee13db8ff1da8e9c2a282ca6d50697e73702d362fb010398288499746af6de755aad2ccbd63d10fd7df602979e1b0ca6072e0b6c068c61a21006460612d130adb666f77e3d67354ca5a1eb51a7bb8456bb387e37e7a781cc3d260ae1dce00d5aa12c2bad874f8a6d8691a2da5a0e1277865a26bd3044ff510d2ccc12c248707d7d7e8a565bdbd65d545a29b41d66f59d87fee26c8b7fcadce04da1bd40d6992584f34337a997b96433dfa54da3a86a53cf315a6d687d49e78def6030b38430303a402baca86fceb1dde08ebaf61ef29d77e4371358982284a1f525f2f3380d5d87c53663123687b37a37f18acbe218aeda5b89294248bed5c3e12acae1c9ff1aba8817eea35beb5b2b7ae70401c3982284cbd48569ebda7b155515db8c7994d5f8c98f1a62ad5f0be10f61221a264fe554d7d12bb619b3a96befa115aece8c88ed04b2873f84abb3a3b4f3a22e4f797145b5f07e4cc5d7449c942db834277cd91cc812138490bacdf635e99a25c912dce5bec2920a42a1a665d666c784f703d9c01f42f262295579104249c7ce707d61526c279025cc218c87b7a25b1b84429bc3595ed72cbc1f13224f138ca981ad823984ebd42f4ae5aeddb292b3e7457f5f598d9f360dd4f66a40fff2016000e6106e2eced00acb6afc421b312f59514aab1a08859a96d95c9a15de0f08c71cc2ad15e25d8ea5d5bbc4766266e4178b4bf696c01b426d6b85b29ab4a2da3cde3ae1dd98968e102e88ed04b281338491e03a6d865f8fb72e876f94f94308616ee30ce1f6da12adb0ac268f8e452549b23b0b694f8a84375774cce00a06e10c617893f8e4445e1d8beea0bd642d938904d785370362b18690faf8524e3e40f8e715525f32794b0786e1dd13aed20ac9df48eb226f77b0709af9718630ba45395272b88a2c3dc32f0d398411d20d496024b6106a994c3c4c999cafa8d42bbc19f32b2a23beead8f6a6d046403cb610c6c241da9a1379f8835092247b81cbe12a221446439ba27b01c1f842180ad20a2db7ec9928b4174e7e9fc1306c21244f14ed28748bedc42a1c2eca0b4fc622b85468726c214c4623b442da51590e20bff0448cf8568331d842485e76a280b443c801f41052df6a30065f0863c46f06eda82c0790b73e08a1c9f11d8ec629b76e4b381c7d7829ccf8646e6c214c27e3842a5996edcebcbb52bfc34e0e219eaf3737c61052be198a6a23afea6e75aa4a5c9a02935c981c5b08699b6745b509efc42ac88f50d20e3ac0306c21cca49384aabc7a96f713c81ba0743a25b613108bf3de514295ace4f39e90f8da696f3518c66221c49e9000213439be1092eedec66f4202dcb666728c21a42c0223cb797a6a54922449267e58b455c8c1306c2194495fa94c1e6fd433d4f32b79bde5b202be102aa410a611c2879627eb0558175b08156208f3f76c3bf9a71dedad06c330ee09299be77c0ea18e3d2142686a6c1f8f6aa3dc8495cf27fac887e2367b81d84e402cbe1092be19d81312a87687d84e402cb610da48df8c4c3a9db739243ffc45dbde8161f8f6840ee237231e0989edc42ac8cfe6daa86f3518832d840e6721ad306f9f134f44895b9f3c9c2bd95af842489f31256ff784c4179eb7138258055b08ed4e84f0e12422e4597988071d600c0bee09a9df45ab4bc4285b1f45b5d91c4ee1cd80406c2174ba4b6885b1f096d84eac82b67487d3ed11de098865bd1046a80baa599a96c944488b5839dda5a27b01c1f87e1316b868a7cef373d5cbc8d63aedd95cf2c60e0cc37957216d231dd9dac8c347c5c99b1e57719eae9f63219c212c2aad2054699934edc0ccd2c21bc48370da9b0c46e20d2171e1cb3cfc5948de1392571705c3b08690fafd08ad2f89edc4fc42ebcbb4c2fc5cd8d85a7843e8a3156e2cce88edc4e4b44c666b798e50e870b9edd4db03c1309c21f454d6d0a63fd95c9c16de8c996daf05d229ca5cc91e6fadf0664038ce10aa76476109e5b4413cbc1dddde10de8f696d52f7fc9eca1ab19d4036304f7ce0f1d6d10a3703797444ba1120eef9c96f2f188939842555f5b442f2cec18a824bb3b442f2db0b46620e61598d9f56b83a3b22b411f38a6e6d844997640a0a8b6947fb6030ee3da1af8e36e353687d39125c13de8f092d4fdea7159237706030e610ca8a5a52d540ab257f3bad65697290565856eb17da08640bff8c94150dadb4c2a589dc0f612a115b9f9fa0d592df5830187f08bdbbf6d00a370253c978546c3366b3323d429b6ab5a0c8535c512dbc1fc806fe107a7cf5b4bb3ab44c6669fcaef07e4c6571f436adb092ba6903e3f1875096656f631bad76e6ee35b1cd984a3c125aa2feeef5f9dbc53603d9c31f424992aa5bf6d20a834bb3dbab01b1cd98c7fc601fed5854b5d9c9db35309e294258d9d846bb5021e5f2ce509bbd779d5659d9d886a9ef2dc41421546d766f23f1f06961b89f7673b3c9adcd4d902f8456b73e22b619c82a53845092a4daf66e5a612a119ba3ee31cc6cb2ff02add0e628a86aee12db0c64955942e8f3b79367221dbff9418eed0c834b732b5343b4daead67de4637b60619610ca8a5adb46dc19c6c3dbb377af8aed87d7e8b573e4dafa8e5e819d8001cc124249921aba0e936b276e9ecf999de1e6e2cccaf430add65d5e5556db24b61fc8361385d05deeab68d84dab8d4742d30397c5f6c365e4ea3be4dac6fd47047602c63051082549f2ef3f4aae1dbbf15e74cbf28fdb07466eadcd8ed16aed05aebab61eb1fd8001cc1542afbf9d3c055b3a99b877fe75b1fd182c198f0e5e7c8b5cdeb0f7302e0f5a91b94228cb72cbc113e4f295e9e185e17e81fd186ce8e219f23ac4aacdded4fdb8d87ec018e60aa12449b57bba0b4bcac9e58317dfb2e852be6b73e373837de4f286bd87c9d7788097e942282b4aeba1cf91cb13d1f0c03b3fd3348b2d56118f6c0f9c7b855caeda1dcdbdc7c5b50386325d082549aa6def29d63157dfeaece8c815fa0946e369994cffd9ff89eb5877b1a9fbf182c262812d8191cc18425996db8e9cd233c2c4cdf3167ad470f0d2998d854972b9c3e56eee3926b01f30981943284992b7b1cdabef89b8dbeffec2124f39cd0ff6e9bcc2d976e4699c14b53493865092a4ae63cfebb9073295885f7fe307265f3a26303a70e7bd5fea19a1acc65fdf7950543fc0c2bc217479ca5b0e3da1678444347cedb5ef9b36878b637706cebda2e71c92ac285d274e4b12653d0f300ff3865092a4e69e633a9734494443d75f37630e17c7efdc7ae77f752e39dc72f009cce694034c1d425951f73ff9a2a2daf40c128f84aebcfaefcbd4d93bb3401bef7bffd6d9ffd199408fb7aef5d06745f5048c4c1d424992dce5557b3efdb4ce415289d8cd333f19bdf61b49d28474a5a393f8476fbf3c72e51d4dd3d5896ab3ef7ff2055931fbc7070fc2029f6253f763bea60eddc36863d7dfed7bebc7f1c8b6809e48b65616aebcfa6f42ae9d741e7bde5d5ea57f1c30030b845092e47d275f7079e8f7b2fdcecad4d0859ffee3f4c065836fa9492562f72ffceac39fff2b79d5ebdf57d7d15bdf7948ff3860129608a1642f70f53cf3352157c376f270f9957fd1737dfcc1699ab630dc2f30f91e6f5dd7f1d3fac701f3d075cec3481e6fedfe27bfd4fff67febfc35b5637b3570f597ff5156d3e83ff099aa962e5916bf314a271373837d53b72e095c3dcae92ee9fdfcd731854c8eb14c082549aa6aee6c3bfaecd0a533a206dc084c6f04a65d9eb2c6473eed6bee2a2aad1431aa165c9a0f8cdd9ebb775dec5219aaddd1fbf9af3bdd2502c70433b0520825496aeafe4c221a9ab8795ee098d1ad8da1cb6f0f5d7ebba8b4d2d7d4e1f57794f8ea6c0ee7430d9288863602d3cb93832b5343d938f7a3a8b6de675fc2f2d739c962219424a9edc8a954223e73e78af091c39bab93fd1727fb2f4a92e47497b8cbab8a2baa5c9e729ba3c0e670da1c4e9bbd40d332a9643c9588a513f1643c16de5c0dad2f85d697b2fa10a3ac28079efe3279021e3039eb855092a4aee3cf4b9a3693cd690e63a1602c145c9de15f945b56d4034fbd88f97c739835ce8efe01b9ebc4e9a63c787e67e728b4ba751f7723904596dc13ee683ffa4c81ab68e8f259f6fb60b2c4ee2cec79e6a5f23acc239ae32c1c4249929a7a8e1596540cfce6e7e96482bb17c18a4a2b7b9ffba6a013b6606ad60ea12449552d7b3fe529ef3ffbb2c0cb71ecbcfef6fd4fbe682f7071370246b0e86fc28ff1786b8fbef89ddcf8e1242b4adb9153079ffb0612983f2cbf27dc617338bb4f7d65eefe9ec18b67528918773b44ee72df239ffddbd2ea5ddc8d80a17224843bea3b0f55eeda73effceb667a7af081c88ad2d4fdf8eec327753e3c0956946b1fb9d35dd2fbf96f2c4f0d0e5d3c13de5ce56ee7815436ecee78fc393c9a94b7722d843b7cfe0eefae3dd377ae4cf49d677c80f02ff2786b771f7e52c4d3926061b9194249926445f5ef7faca1ebf0ecdd6b93fd1762a12077471f53e2ab6f3978a2aaa50bd33441ce8670876ab3fb0f3cd6b8efc8e2f8dde9db973716a678fb9115b5baa5ab71ffd1b21a3f6f27601e391ec21db2a2d4ecde57b37b5f78737561b87f61b8dff88b8aa5d5bb6adbba6b76efc7b22df009f2a96f7f97bb0706db6b8bcb93832bd3439b8bb35a269da5bfa2da1de575cdbea60e9fbf03cf01c29f92177bc23f545c515d5c51dd72f0443a950c2ecd6e2c4c0557e6b75703d1ad753d4feecb8aea2ef31657d69454d597d5f83ddeda6c3cb30f39264f43f83baacd5e5ed75c5ed7bcf3afe95432b2b91addde886e6dc4c25bc95824118ba4e2d1742aa56552994c46922445511555556c767b41a1c359687715b9dc25cee2d2424f796149b9aca8ac2f08ac27df43f809aacd5e5c59a36761368087858325006608210033841080194208c00c2104608610023043080198218400cc1042006608210033841080194208c00c2104608610023043080198218400cc1042006608210033841080194208c00c2104608610023043080198218400cc1042006608210033841080194208c00c2104608610023043080198218400cc1042006608210033841080194208c00c2104608610023043080198218400cc1042006608210033841080194208c00c2104608610023043080198218400cc1042006608210033841080194208c00c2104608610023043080198218400cc1042006608210033841080194208c00c2104608610023043080198218400cc1042006608210033841080194208c00c2104608610023043080198218400cc1042006608210033841080194208c00c2104608610023043080198218400ccfe1fcded3c93170fc6790000000049454e44ae426082');

INSERT INTO store_users(user_id) VALUES('abcb20d0-fad7-46bd-b10c-10ac42b23199');
INSERT INTO participants(id, tpe, did, name, logo)
  VALUES('abcb20d0-fad7-46bd-b10c-10ac42b23199', 'verifier', NULL, 'დევიძე, სიხარულიძე and დევაძე', E'\\x89504e470d0a1a0a0000000d494844520000012c0000012c0802000000f61f1922000023f049444154789ceddd69771b577a27f05bd81702240882fbbeafa248915a6dc9922cd9f2dab6ecd8e9763add49ba7392994ebf9baf30933367924c3a337127ed8e1d6f6d3b76cbb62c5b5e64a9b58b14c555dcc57d05411004b1a350f382393a1a89a2ea2954d5ada29edf4b9f5be035847fddaabb32c77ef1b70421448f867605107ad8610811a20c4388106518428428c310224419861021ca3084085186214488320c214294610811a20c4388106518428428c310224419861021ca3084085186214488320c214294610811a20c4388106518428428c310224419861021ca3084085186214488320c214294610811a20c4388106518428428c310224419861021ca3084085186214488320c214294610811a20c4388106518428428c310224419861021ca3084085186214488320c214294610811a20c4388106518428428c310224419861021ca3084085186214488320c214294e9685700a9d2cd732726ba2ff32cbcedf197f36a5a24ad8faa614b88106518428428c310224419861021ca3084085186214488320c214294610811a20c4388106518428428c310224419861021ca3084085186214488320c214294610811a20c4388106518428428c310224419861021ca3084085186214488320c214294610811a20c4388106518428428c310224419861021ca3084085186214488320c214294610811a20c4388106518428428c310224419861021ca3084085186214488320c214294610811a20c4388106518428428c310224419861021ca74b42b80104c687539bcb6cabfbc2535dd68b54b579fe4610891cadcea3837d973857ff9ed4ffc30a7b251bafa240f1f4791ca24581654deeac890a82662c110229549c463a0f296540c2142a202b584468b4d67304a571951600891cab02ca025b4a429bd19241842a43aa096d08a2144487409484b882144487c0936cebf30861021f125e28010aae29d1007ebe5160b0743fe9568682d1a0ec6a3e1041be75896d16ab53a834e6fd41a0c7aa3c59ae634985368d754a1202d216349754a581591a83e84e135dfaa7b26b0b21458590aae2c454381782ccac6226c2c4a08d1687506b3d568b55b1d2e7b46ae23b7d8e6cc228491b38641dff2f2cca86f717ad53d1bf0ba6391109fab74069335cd6975643af3cb9cf9e566bb43ea7aaa05ff8e19b32d55abd34b5a1951a832840936ee1e1f589a1cf64c8f0456963629c9c663b14828b0b2b43c736bfdbf182db6ecf286bceae6d4ac0229ebc879e726e6877b16c6fa42ab5e01d7c7a361dfe28c6f716676f00621c46c4fcf2caecaaf6db5bbf2c4aeaacaf0ef9851c5b328515d08fd9ef9e9beb699c18e583828ec132241ff44f7a589ee4ba959f9653b0e6695d58b5bc35824347db36db2e74ad0e711f16343abcb13dd9727ba2fdb5db905753bf36a5a54718f9702ff965015bd324445210c78dd03174f2d8edd14eb037d0bd31da7de4ecdccaf3df07c5a7661f21f188f86c76e9c1fefbc108f8693ffb4fb5975cff69d3d31d276a662d791fcda168679e8bad658ded3d63084a289858343974f4fddbcc62512a27fb86f71faf247ffb7a8716ff5bea7345ac1df0637d3df3170f15434b42666e5ee2f1258ed3df3f178e785da03cf3bf3cbe4f9a30a0169095d92d6442c4a0fa17776bcf3f4fbe1b51529ff0837d17571797ab4f9e91f0be84c8b04fcdddf7eb834392445cd36b7b6bcd076e25f4b771cacd87584d13c144d62826509e178165645d72851f6382137da76e6ea27bf963881ffc9ef99bff4e13fddeebfe1c9333d7ae1fdbfa792c0751cc78db69fb9fac9ebf27c4bd4719cf84f43d42934841cc7f59ef964e8ca6939bff45838d8f6e91bfc5f3ba7faaeb57dfa9b68282069adf8f0ce4d5cfee89f37ef28de1ab43a1dff11269ea341d42931841c97e8fee683a9be6bf2ffe9041bef38f5cee278ff034b8edd38df7be663295e538509afad5cfdf8f5b5e505da15911aa3d5f3ed168e0400bb6050a4c410f67ef7f1fae018155c82bd71ea9de599b14dca4c745d1cb87052b62af11409faaf7cfc7ac0eba65d1169e90c269e25fd9e79496b2216c58570a2ebe2747f3bdd3a24d878c7a97fbfdf40dffc684ffff9cf65ae124fb170f0fac937251d23a1ce6c4be3597275694eca8a884659215c9eb9d5af8c1626160e5e3ff9d6bd43527ecf7cf7d71f701cdf0e3af90556963abf7a4fc9354c92d99eceb3a477768c7f572a450a0a613c1aee3cfdbe72deb2d69617facefefeceffc2c6a237be7c87ff60312dee89c1916bdfd2ae8554acbc071ea2a1c0aa7b56d2ca884241e3848397be14f74d5a6f34eb8ce6f52d462281d5682808bd2fcef45fcf2caece2edf76bb86a2bc7159d33252d2b3529c5926ab5dab37ea0cc604cbc6a3e16828e0f7ccfb97e692ef5f196dff3ebbbcc1e6cc4ebeb64a63cfcce75fd83d3ea0fcd9b64a09e1cafcc454efd5243f84613469d985aea22a476e494abaebaed54009965d9ebdb578ebe6fc487724c8776a4bdfd913e979a506738a776e7ca2fb7232d54bcf2bcdaddcee2aae32a5a46d5e32e4f72e8cf64ef65e159c792ec1f69ef964cfcb7f25f3921119a4650366decf0e7595b51e96ae32a2504a086f9efb3499d718bdd15c50bfab68db9e4d7edf1aad36a3a022a3a0a26adf53e39d17c63acef119478a8602fde74f361e7de5e6b9cf04bf60e4546e2fdbf1982d23876779b3cd51bcfdd1a2c647e687bb072f7f155a5d16f04757e627267bae1636ec1670ad92192d36b3cd11f2f35a9bb2b6bcb0ea9eb5bb72a5ae5532141142f7f8806f7146d8b50cc3e4d7b656ed3da63759785ea2d5e9cb5a0e16d4b5769e7edf3335f2c0f2b38337345addaa5b480dad0e57fdc117d3f34a055ccb304c4e65a3abb87ae0c24961a3a6c357bfceabd9b1f5d65b641456f0ff42a6fbdb6b5dcf495a9f2429a26366a4ed8cb00bf54673cb737f567fe838ff04de6630a7b43eff173c9f55a66fb6c16b47b2cb1bf6bdfa4b6109bc4d6730d61f3a5ebbff39010f96d15060aa17b063bc5a6496d4f22f3cd37f3d1e8d485799e4d10fa1676a64657e42c085667bfade577e91515829f84f330c53b9fb68f523cf08fe844d94ee78ace9d88fc46a858a1af7351e7d45400e6f759c03ed8ca40ace8272fe5f6c3c1a9ea13df2bc39fa219c1474ab365aed3b7ff03351a6c997343d5ab9e7c9e43fe74e45dbf656ed3d266ea7486e5553c5aec7a15745027e61cdb89269757a506338de7551c933bf29873016092d8e3d78a2e65d345a5dcbb33fb5a4f21db47da0b2968385f5a275606495d6d51e90e425a47ce7e359a5801fdfbac9a4bb9d1528bfb6857fe1a0cf3337d4255d659244398473439d021e966a1e7d46f4feae9afdcfa6660106a0eec79492d6f0f8cbd20d0cd43df6a2de68065de25f9a53c5983588b3a0e281233d771a69fb4eb18d21e510ce0c74402f49cf2b2d6cd8237a4d345a5dd3b1d70474f0dc65db913f828604c468b555ed3d06bd8afa745cd1310c5358bf937ff980d7add8c690660823c1b595f929d0250cc3d4ee97aabbd96c73543ff274329f905dd620c36613f9b5add097e1b9a14e2e013bd64ff90a1bf668f506fee587ae9c56661f15cd102e4d0e4187bf73ab9af90f790b905fb3233daf44d8b51aadb66adf53e2d667438c4653de7a0874493414d87c71961ae94d9682ba5dfccb8756bd135d17a5ab8f60d4430853d2f4a81435b903537ff0b846ab1570656e6593887d450ff85b554dd02dbadd9383125586a292a64741db738db67f2f78b34ce9500c21b734390cbac0995f266933b8ceea70097be72cdefe88e895b91f46a3cdabd901ba646982da4638d231a5a41635eee55f3e16090d5d392d5d7d84a116c2b565377483c0bc6ad8cf4eb0b29683a0970d42487a5ea90c37883b15d401ba2508217ecf7c78cd275165282a6b3904ea099beabdea5b9896ae3e02500ba16f11f64568b4baacb23a892a73178339a5b811d6ace55635495499fb595f0f05bac433057bf45005bdd15cd6027843e638aeefec278a5af44c2d84abc019db190515fc3717495e49f37efe8d21a3d1648bbd9d3e1f992535a0f2d0be68b528debe0f743ff22dce4cf624b52a4d5cf45a4237ac257416944b54930d255836c17b05bd33af2cf9014601328b6121847ee76ac168b4f5075f044d9018bef2b512f6aa5c472b841c740e87cc9bbd2fdeeae3ffc4925158216965ee2735ab00d437e85f9adf7aa385eb1cb9c50575adfccbc722a1c14b5f4a571f103a210cafadae9f1fc893ce60b265c8ba53c3128f7586b725b95849308d569b0ad9eb21c1c6fd9e2dbb3169d5de6306b3957ff9e99bedbe05453c9fd3092174a9b8dd9523f3360dde59be43db3a83d19e496d1793b49c225079614b9355416fb200274b707de73e55c2766c744218f4c14268cb90757b82f09a2f12f4f32c6c77e5513c9f2c15b88bd1d6de2a3fbf668723b7987f79dfc2d4c2689f64d5e18b5208812da1ccbb86f9219bc6ca3c3c789794f44c5079e8ed4f6d98ba033f6018480fcdd56fa83786b41e47612748cb7cc6d59a77917f61badb0a5a1d2ed06f2eb42ae6f9c10a64cbc8c9aed8c6bfbcdf333f3fd2235d7df8a01342fe0f7bebf8ef7c2e8ae00ae0974a37841aadce6473f02fbfd55b424208a9d87904f4823072ed3be92ac3079d10c6c2a0211a06b47c33793cb7d35b27dba4edfb01dda16291905a0e0c13ccea70e556032630f93df37c36dd930e9d10462133d90d668bb0650d8285796f04aed1eaa0ab194467b2da41e5d5726058324a9af683ca4f745f92a8267cd06a090137634917aa6f88ffcf54e6e7e40d19535241e5a321c5ade5119dcd990d1abc5d1ceb0ff95724abce03500821974880ceee927d4618c7ff1e610206400ad09610f82ea05645db004b9c382e41e550da751442083d3d4fe696301e8df0df1188ca94d1bbeb00fc7e40ef02ea95555a67b4d8f8979f1bea94ac2e0f402184d07d3e34f2eee21e8b405a69d91f95efa533c21697287069b914188d26bb1cb0b425e8f34097d789854a08617388351a597b65d81860cb74458410b8c2eb2169090921d9e58da0f273c374b663a31142e0447e99bb46d938a0a1d62920847a604b08bacba89a23b7d8087961a6356a4fa56306164246de9690ff3242420868259144a075803e89a817c330a075cfa1556fd0476146910a1e4789bc3b11801a6a8d86fe611ed09bd4565d52b821e82a332aa3f6547e43b050411f5f9305d92c5d112d2130840f4f4b4808714243383d2a514d364121840abf7383b6006214d112c2ea20f74d8d2aa3d56e4dcbe05f7e79e6967495b91f0abf21f09d3b21ef391e904509b0c2d280ae66e41ea696901002da7c2012f4435717244f0d2da1bc3f1ad03d42093f6868cbc6d15e3e27b314e03217d06a5251d06809b58a7e7c023ddd29e1b42de8e3bacce3aed44177275a7d1842c868609d19a02da192a781544f09ef571cf0715de67157ea6ce9d812de4307dc615ee6f56fa0df28c7d26f09a1370299c75da933d952419b0f84d75624abcbc6288450ab37807e073287105437362e6b2bbd21f03440050cabc8896134a0ad10e53fb1834e0f3b68a6555cee9610f01b85ae089102b40e0fdbe328210434792dbc26f7a2675a21044cb964e33139c797413708d0920b89c043f870b5840418c2041b9779a1099d1042e73dc7a3f235863aa399ff2b84325a42d8846c25acfc9019b41b02fa9526894e080dc0b5b0723e21300cc3ff1ea1844d93c02134015e90b6068d16b62495854ce24f1e9d10821e0f88ecefcafcef119180dcb32bee1505cef080de01ef83fe5421fea0afc10f4508a15bb3c81c42fe9b5628e1ec5be8342bbd59841082fa90e59e78780fe8e60ca0e56cc9a31342e826658a0d613c1a96792ec1bdf86fd0b84e949610369a4a3b84e0d570f236f3d8126ec00cd96b987a63087d2416e59d1036c396f6bc22f0660ec0495d49524708437e59376f374336d50ef8289f7304da2f9cd1684c29b017f20d815a42ea93fb143eb38fd2e3a83d1d3493686d1970424bf22c76400865aedb5d62e1206850cb949226ca416e0c64b091fa13bbc27754a11342ad4e0f3ac6241a0ac879c2b81916429a67df42cf1b14ebe40c2d2484d4a7348077d97c185a42023f584fce0607f44b55590821f7974d80363b9579e2e1bda077010ce1c6d6bcf2fdd6f54633ff0e52ffd23cc55d5ba0eb6e408dfc260c90de1dea531aa0f319a05bb926896208b340e5d73cb236387617df03ba136c9ce241f0bec52950f914874b94bf0bdaff9ffa76c3a0d9858c46f3b084d0e6849d32bdb23029514d36043a0bde3b37215d4d36c171dcaa7b1674893d1376c6fdfd287c71d05d404db1de28f7f922d44268cfc8064de7f72fcd415faf9301fab17a67c7a4abc926d69617400f5a7a93c50ce90fdbfca3f8178e047c14cf85e7382e1a5ce35f1e747f1105b510321a2dff473e42488265e57cea036dd1b534352ce70de236cfd430a83ca879df9cde68e67f0f4db0ac9c9ddb778906fda0ad80e43f698be6b699a95905a0f22bf3f23d915a52d3f92ff96163512a9bc62e4dc24228d6b3e83ad0dcc3a04fd6e91677024feb7b785a4242485a7621a8bc774eced742263dbf8c7fe9c55b37a5abca86126c1cba532df40bdf9c25d5c9bf30c5811cd08c2242e3f4659a2174641781ca7ba64740db632729a3b0827fe1b9e12e999f48dde303a015370ca371426e2b0f041a4df5cbdbb97da780d70d2a2fd6502a7f344368b63b4077d35838e85b80f5c827c35558c9bf702c1292f960ad99c11ba0f269d905e2f6bcaba525048710f2ff250aca4729805a1b42c8d2e4904435b997d99e0efaf798ecbd2a5d65ee128b84dce303a04b3220f7143e405f8e6f719a5607e99a1736d74aacf90cfc510f21ec97e19e902f848410577135ffc2ded931d9c62aa67aaf429f7e450fa10db2bd7c2c1ca432d39d4bb0fea579c8158c58d36bf9a31c42677e1968db79dfc2949c9ddd79554da0f24357be96a826774ab0ec78d705d025a69454685ff40399ede9a08e44efecb8b815e063d50d1b5eb6a639e5df8d8e72087506932307d03dc37109395fbd52b30a40735c97676eb92706a5abcfba99fe76e842dedccaeda0b5633cd921038f9e190aa3382bf3b0c94c76c8f8b058e81faf975dd6002a3f37dc294d45369657bd0354beeffb4f24dd302f16090d5d390dbd2aaf06f67fc113a875758f0fca3fd3dd031cc5014dd2108b024258be0d74935e9e1997732e626e5513a87a21ffcae0a553d2d567f8ca69e803b9dd95079d2ecf535a16e0271b8f863dd3b21e46cd2558f0a42251e733f0443f8446ab2d2da71872053737dc255165ee654a49cd2aab075d32d97365a6bf5d8acab8c70726baaf40af2aa86b95a2328410476e09689dbecca338cbb3e3a0a7128661400fd862a11f4242484e39ec8974faa6243ff1fb296f3d0cbda4f7fb4f966744ee290df9bd5ddf7c00ede8379853f26a5ac4adc96d7aa3392d1bf0443a37dc25e79ee5f3c3dda0f2f6cc7c9dc128516536a18c10566e07ad655e5b5ef04cc9f76063cbc8c92cae015d9260d9f6cf7f2be2a86624b0da76e23702ce4828697a540bdc7513c4550418c56163d199feebd255e64e09360e7d62721555495499cd29228406b335b3a40e74c944f725892ab3a1b2d643d04bd858b4fdf337a76fb625ffd743abcb573ff93574270b4288de682e6cd8937c0536e12a86fd70c7bb2ecab30de9fc682f7445ff431d42424861fd4e50f9c5b1fe907f459aba6c202dbb30a7a2117a1597607bbefb8f8e2fde8a40d6b3dd6561b4f7e2effe514002092125cdfba57ebeb2bb7241871a047d1e516e4c0f34d6710e545e6fb2883e94ca935242e82c28074d83e2b8c444d745e9ea73af9afdcf0a9b7bb970ebe61fdefe9f4397c1bd9a6bcb8b1da7deee38f5b6b03d5aac0e5749d3010117023179d5cda00b86af7d2bf5610f8b63fdd03d07328b6ba4184ae5432921248429a8df05ba60b2e772322d0c94d162abda7b4cd8b5f16878b4fdccd937ff7be757ef3eb073828d45e786baae9f7cf3c27b7fbf30da2bec2f1242ea1e7b419e5dc3f26b61bdaf91c0eae045094771b8043b74f92be855120da5f2a1a0f3220beb778db69de1df7bc6c663631d67ab1f7946d25adda9b061d7dc70a7e06e4f361e9b1bee9e1bee268431db1d3667b6d996aa3398740653828dc722e168d0bfba3417f0ba412bc1379457bd43dc854b9bb0a66538728b41b3d226ba2f6795d54b54c35b1d7ff07b40f34589d9e670e6974a51193e1414429dc15458bfeb16e4517eb2e74a49f301a3c5265dadfe7fccf6277f74f177ff18012ed6be07175a5d0ead4ab5d8dcea70d51e785ea20fdf50416d2b706a28d775fabd3d2fff57b35d9c3d6f6ef32fcd8db67d07bd2aaf6607c5c3de94f3384a0821c54d8f82a6cfb2f198806f3c19468badf9a93f51f2b1ef3a8371c7d37f2af378574e659309728a0e2124125c6bfbec0d710fa68e8602d7bf780bfac2c96834f9b5520da5f2a1ac101a2d36e8a3f964cf55e806b8494acb2eac7bec0539ff2204b3edf13fb28ab4b9287f1aadb6ace520f4aa80d77de5e3d7a1db4fdc4f2c126afffcdf42abe04fcbad6a166b133a61941542424859cb415063c87189be7327645e309a5fdb5af7d80f94775a2d537fe845e8243bb1e4d7b6421b4342c8daf2c2e50fff4ff2eb30c36bbeab1fbf2e60e30586d194c30781c5a5b8109a6d8ea26d7b41977867c767063a24aacffd1436ec69387c9c56a7f6bd1886d9f6f84b0575b0e1561169b45a61bfe648d07fe5e35ff79d3d217846dbfc48cf85f7ff01da19b32ea7b251fefd2ceea2b8101242ca5a0ff1df6e70ddc08553f2ef6c995fdbbafdc91f6af50699ffeebd345a5de3d157a59b23ca537edd4ed0ead03b70933d97cfbef93f862e9f060d3b7967c7af9df8d71b5fbe23ecdd52abd357ee3e2ae0427131c77ef1b7b4ebb081b18e7303c0a1a4cc92da1dcffca944f5d944c0ebbef1d5bb32bf97dec99a96b1fdc91f81765296cedaf2e2c5dffdef64369e63188d23b728b3a4362dbbc8e6ccba7782443c1af17be63c532373c3dd49ee1f55bdefe992e6fdc97c8228141ac2041b3fffeedf057d1ed055f5075f848ef88b22c1c6fbcf7f3ed97355febd8c722a1beb0f1ea732f7ff7e46dbbe13719b0fa3c5a63799b57aa346a38d47c3b14828bcb62acaf76c77e5ee7de517a21c999a2485869010e2991ebdf6fb7f015da2d51bf6bdfa4b6b5a864455dadcaa7b76e0c249d9b6e2b665e4d43cf2b4b300b65d9d0cb844a2edb337e45ce6228056a7dffdd25f2be4f181fe6de07e9cf965d0ad25d858f4c6a9b7691dce6c77e5ee7ce1e72dcffe54ea79c066bba3fed0f17daffe5281092484301a4dd3b1d768dd0a79aa3ffc9242124894dc121242a2a1c0f977ff17b4c725b3a476c7333fa63b7eb0ea9e9deabb3a3bd829e21a5686d1b88aab0beb7765145529a757f67e025ef7a50fff49ce25bcfc95ee784cf0346029283a848490b9a1aeced3ef41af2a6b3958b9e74929ea03c2c663cbd3a34b53239ee911ffd2bcb03719a325253dbf3ca3a0dc55546db4ca36414f042bf313ed9ffd1bf5637aef9253d1d8f8c41f2bea2ea6f4101242babff9706600bc1cbbe1f197f36977d9df291a0af89766032b4b01ef52c0b714f6afc463513616616351361e671846ab3768f5069ddea03759ad694e6b9acbeac84849cf92688f2679f897e6da3efd8d9c8b5d369757d3d270f8b8123a63eea48210b2b1e885f7ff01da53ca309ac6275e15b01297064e79936f4413f479da3e7d03facf2785a26d7b6b0f3ca7c0af5a59b7840d69f586ed4ffe90d1c0e64c735ca2ebebdf2dc87e6299208afb5988c892eadcf7ea2fa10b7fc5a5d51b1a0ebf547be079657ed52a082121243533bfe691a7a157718944e757ef2c8ef74b5125c49fce60dc76e495ed4ffc31742294286c1939fb5ef91be8ca6339a9e071f4b6de331f4ff55d835ec56834f5075f54f2bfc1c3231a0a8cb67f3fd973599eb31cf5264b79eba1c286bd4a5e7a46d415c204cb5e3bf12fc2ce15a9d875a47ce7e362d7080911f2af8c5cfb7676f0867451d4198c850d7bca5a0e8a7b24a344d41442424834b476e9835f09db676d7dfd91fc67eea00dc522a1b9a1cee99b6dbec519113f362dbba8a0ae35a7a2510913eb79525908c97fae04fd67616b265233f39a8ebd26ff2990681301afdb333de2991e5d9eb925ec9f556f34a7e7953af3cb328aaa143e536743ea0b2121c4b73873edf7bf1676f891de68de76e495cc12d88eda48165c60c513587107573c41df52d0b71c8b84d858948d47d9583491486875069dc1a0d519744693d9e6b0a66558d29cd634574a7a96a206dfa154194242c8f2ccadb64fdf10fa52c1146ddb53b5f7988a9e58d016a68e218a7ba5e795363ff527425ff0b889ee4be7dffd3b11cf8a404830b5869010e22aae6e79f627825bb390dfdbf6e91bdddf7e24e7698708dd4bad8fa3b779e726da3ffb6d32b3f5194693595a5bb46daf6cbbe5227427d5879010b2ea9e69fbf48de4f7984949cf2c6cd89357ddac8ac125b4656c8510124242abcbed9fbf99e48e23ebb47a437e6d6b71e32396541cc94072d822212484c4a3e1ceafde734f0c8af2690cc36496d695343dea801de58d10d8d609212184e312fd7ff86ca2fbb2889f99965d58d2b43fabac5ed5235148c9b6ce1caeb5e5c59981eba2af5d5a999fbcf1e53b5687abace5606e6513a351717f325226d5b7841c975818ed1dbb7161657e42eabf65b6a797ed782caf66074e404522527108136c7cb2f7ca78e70501678024c394925ade7a38bfb6155b45240a558690e31233fdd787af7e43719cdd92eaacd87524a7723bbe2ba224a92f849ee9d1beb3bf0f78ddb42b42082129e959957b9ecc2aada55d11a4626a7ab78986020317be10b0f39a74d696173abe78cb995f56f3e8b3b68c1cdad541aaa49a967071acbfe7bb8fe43f7a89278661f26b5b2b763f61b4a4d0ae0b521915b48409363e70f1d444d745da15d90cc771537dd7e686bb2b771f2ddcb6175f14117f4a0f6178cd77fde49babee59da15e1251e0ddffcc36733031df5878e2be7a803a4708aee64f72d4c5dfae0576a49e06dbec5e94b1ffcaafffc49361ea35d17a402ca6d09176ef5759d7e3ff9dfb125d5e9cc2f73e49658ece946abcd68b5075796dc9343eef101efdc04976045a9ed5d382e31de79de3d31d078e415a90f69426aa7d08e99b9a1ceae6f3ee01209c19fa037590a6a5b0bea776fb218221e8d2c4d0d2d8cf6b9c707243ab784d168ca5a0e95b71ec6917d743f4a0ce1747f7bef77ffc171024f63355a6c15bb8fe65537f39f5cc62512cb33a3f3a3bdf3233d5274c0a66517361dfb9129254df44f465b80e2423837dcd575fa7d610964349aa26dfb2a763d2e78552e97482c4d0dcf0d752ddcea15b69bdbfd18ccd6c6a3af6614568af899686b5056083d5323ed9fff36c10a794fb3a43a9b8ebd26569f241b8bce8d744fdf6c13b6e1f786188629df75a4bcf5b0581f88b6060575ccb0b168e7e9f78425d0555cdd78f45511cf1bd1ea0df9352df9352d01af7ba2fbe274fff5e44fe1e6386ef8cad7c1154fc3e1e3d043a6d016a6ac96d03d31d8f1c5bf4377132d6d3e50b5ef98a4a75ec5a3e1a9be6be39d17449932ee2ca8687eea35dcc906ad53560809219ea9e1eb27dfe23f3251de7ab862f75149ab745b8265a7fbdb6eb59f0df9935d3c6577e5eefcc1cff4268b281543aaa6b81012423cd3a3d74fbec9e7f18fca594b5c829decb932d2f65d92fda87657dece177e46e5c83ea4284a1cbc72e697b53ef7670fdcd5b7a4793f95d3ce188db6a871df811fffb792e603c98cfeadba67da4efc26991d53d1d6a0c41012421cb925adcfffc5266f4daee2eaaabd4fc959a5bbe80ca6ea7d4fed7bf59769d985823fc4b738ddf9d57b1c277c4e02da02141a42428823a7a8f5f93fdf308729e959db9ff8a112562ad89cd9bb5ffaebca3d4f086e12dd138303e7bf10b756485d941b4242485a76e1bd6f4d3a8369c7333fd1198cb46a75178661ca5a0eed7af12f4d29a9c23e61bcebc2ece00d716b855444d1212484a466e6ef7ce1e777f622d61e785e817b633b728af7bcfc5f044f15e83b7b02cfa57968293d848410bb2b77d70b3f3798ad8490ecf286bcea66da35da98292575f7f1bf4acf2b15706d3c1aeefef623d1ab84544105212484d8327276bdf89776576efdc11769d765335abda1e5d99fa6651709b8d63335bc30da2b7a9590f2a92384849094f4acbdaffc8df247b7b57a43cbb33f31db1d02ae1dbcfc15f6943e84541342428812ba43f9d09b2ccd4ffd58c02edd01af7b6ea84b8a2a212553530855c4eeca2d693e20e0c2a9beaba25706291c86502a652d07050c5a2ccf8c055696a4a80f522c0ca154b43a7d51e33e01172e8ef58b5e19a46418420915d4ed143093c63b3b2645659062610825a4379a050c57c870c61b52140ca1b4d2734ba09744826bc2b617402a8521949625cd29e0aa68c82f7a4d906229688f992d29b772bbaba80a7ad5fa1c3df490c0104a4ba3d5192d36dab5408a868fa3085186214488320c214294610811a20c4388106518428428c310224419861021ca3084085186214488320c214294610811a20c4388106518428428c310224419861021ca3084085186214488320c214294610811a20c4388106518428428c310224419861021ca3084085186214488320c214294610811a20c4388106518428428c310224419861021ca3084085186214488320c214294610811a20c43881065ff0f7e9ac0378192af5a0000000049454e44ae426082');

INSERT INTO store_users(user_id) VALUES('3c45f4eb-2041-4202-bad0-f617b7785db5');
INSERT INTO participants(id, tpe, did, name, logo)
  VALUES('3c45f4eb-2041-4202-bad0-f617b7785db5', 'verifier', NULL, 'ჯანაშია-ღარიბაშვილი', E'\\x89504e470d0a1a0a0000000d494844520000012c0000012c0802000000f61f19220000138249444154789cedddf97314e79dc7f1a7e7d068343a47f73dbad08584109210924060131b7cc54770115c7692ddaaac77bd5e3b5b5bdebfc1552e7bf3db6e364e6a0b077bf70707276b6c880f8c8541080b09049206dd0259d2e8968691e6dc1f146b8902a29f9eeef94ef77c5e3f51521f0f14efea9ee9a7bb85c3afbec900808e8e7a0000910e110210438400c4102100314408400c110210438400c4102100314408400c110210438400c4102100314408400c110210438400c4102100314408400c110210438400c4102100314408400c110210438400c4102100314408400c110210438400c4102100314408400c110210438400c4102100314408400c110210438400c4102100314408400c110210438400c4102100314408400c110210438400c4102100314408400c110210438400c4102100314408400c110210438400c4102100314408400c110210438400c4102100314408400c110210438400c4102100314408400c110210438400c4102100314408400c110210438400c4102100314408400c110210438400c4102100314408400c110210438400c4102100314408400c110210438400c4102100314408400c110210438400c4102100314408400c110210438400c4102100314408400c110210438400c4102100314408400c110210438400c4102100314408400c110210438400c41021003103f500246afff03fe66e0f3d70b128b3c51c9f149b941e9f9a9590969d909ea7d3eb43303c00f1d41aa1486e97d3ed722e4eddbaddf72d634c6f305ab30bd38bb6671457194d66ead10130a6f90837f1793d8ed17ec768ff8daf4e66145515d4b6c6a766510f0a225d6445b8c1eff34dd8bb26ec5de98515652d4fc42424538f0822578446b8616ae88663d45eda74c856b3977a2c10a1f0ed28f3fbbcbd5fff6fe7a9e37e9f8f7a2c108910e19f4d0df6749d3e1108f8a90702110711febfa9c19ec1cb5f528f02220e22fc0b03973e5f9ef98e7a14105910e15f08f87df68ba7a947019105116e363ddc8b8321841222bc875bbd97a987001144add709cdf1d65897f3ee9f04027e9fc7ed75aff93c6b814020988d4f0ef494ef7d823121b8310288a2d608ab0f1eb9dfaffc3e9f737e7a69e6bbd9f181c9c16b3e8f9b77e3ab2b0bcb3393712999c18d114014b546b8059d5e1f9792199792995d565bb9ffe991aeb6818ecf782fc42f4c8d2342080d8d7f26d41ba38aea1f6a7afed528b3856bc5c5a971858604b089c6235c179792b9eb899f72dd49b8323faddc7800ee16111132c61233f2f2aaf6885f7e757951b9c100dc2d5222648c15d53d240862ffbeabcec520bf6205102982228c325b123372452e1cf0fb7d9e3545c703b02e8222648c2566e48b5fd8e7f5283712800d911561544cacf885fd88104222b22234184de217c66742088dc88ad0eb5e15bfb0de18a5dc480036445684ab2b0be217e63a6c02484610e19263627ab837f4fb658c2d39c4dfa324e88d46058702f03d82b9a3fddf7c3233664fb39557b43e658eb7866cbf5ef7ea82e8c96851e618dc4501a111ea08e7278667c6ec8cb1e991de99f19b4575070a77edd7e943318ca9c1eb01bfd869dc3109298a0e066043a84f47fb2f7cbaf167bfcf7bb3fd4f5fffee6dc7485f08763dd27d5efcc2962444082112d2081da3fdf313239b7e786771f6f21f7fdbf9f17fb996e795dbf5cc987dc9715bfcf2964444082112cad3d180fdc27d9fa13435746366ec6651dd8182da5625ce4e6fb67fc6b57c42bad8096e00410add917072a067eb6391cfebb15f3cd376e29df50f8d329a19b32f4c8e8a5f5ea7372465dae41d03c0fd8428c2402070b3fd8c98259d0b331d1fbddb79eab86b7941aebdf31e0693b26c7a03ae4f408884e87474a2bf73658ee336d9a9c19e99d1fea2fa870b76ee0bf2b59e8ed17eaec320632c35af34983d027009c59130e0f7f11e8bd8fad9e9854fdbde7f6776fc66307b1fb8c4b76b41a7cb2adb19cc1e01b88422c2f1eb1daea53969eb3ae71d974efefaca27bf5b5d9172abbb63b47f61728c6b95b4820a534c9c847d0148a3f8e9a8cfeb19e8f83cc88d4c0e5c758cf615371c2ca86911741c67a7bc8741c658def6ddbcab000443f123e1d8d50b6bcea5e0b7e3f3b8fbcf9f6a7bffdf666f0d8a5c45c26130213d37256f1bffe800a4533642af7b6da8f3ac8c1b5c999bbef4fb5f759d3e21266c0987c1d2a6c392c605209db211ea0dc692c6474c3cf7b38bf19dbdfbdc7b6f0d5f3917f0dff79d9e120e832979db92738a821e1d001f65231474babced8dad2ffd6b71c34179ef91f5bad7fada3e3effc12fe76e0fdf7301fec3a050da7428f88101f00ac5b7a37a6354c9ee1fb4bef8466e6583f8870e8ab13c3bd9fee1bf779ff960edcef2dd3f778cf4f11e06334baae253b3651c1b8048a19bb666b2c46d7fe8b99663afa7dacae4ddf244ff9573c7df1ae96adb78e3fc4dfe6b83258d8fca3b2a0091427d3f61ac35bdeec99fcdde1aec3ffff1e234c76d0d5bf3ba577bbffee3addecb95ad4f7bddabbc6f92c8a9a8c76d13404538fcea9b44bb0e4cf477d92f9c96fb0e26c1186df6acde11bf82de606c7de90d93255ed661008845f86a3421ab74674671d568f7f9c1cb5f7ad65c326d36c05520632c7f47330a0442c4ef27d4e90d05b5ad3915f5031d9f8f5dbbc0fb16c1e0194de6c25dfb43bc5380bb85c5230f8dd131e57b9fdcfbc2bf6496ec08f1e3950a77ed379acca1dc23c0266111e1ba98046bcda1634dcfbf929455109a3d9a2cf1f93b9a43b32f80fb09a308d725a4e7363ef772ede33fb124a52abdaf928683b87917c885e93bebd30b2bd26c65e3372e0db4ff69edce8a12bbb024a6e454d42bb165002e611a21fb7eca5b7669edd0b76787af9c93fd4565258d8f0abab03b11800814eeff0bf5c6a892c6475a5f7a23a7a25ede296fd3c337364d7603204178b19edbf2ec64fff9538ed17eb93668888a2ed97d30bfba19874420a4a608d7cdde1aec6bfb98eb49be5b8bb5a657ee7fda9a5d28d70601b8a82f42c6d8f753de3e95f1b18899db6aca5b1ec7d419083d9546c818637e9f77a4fbfc907c53de0c51a6e28683b61dcd5c8fb10108928a3f0be9f486c2da56196f415abf51b8edfd5f8a7f8c0d40f0541c21632c10088c5ee578d792182b7353977effabae4f4f487bc82200aff0bd4e28c6f4d075e7bc43892d7f77b37b7aa4b7a4e1a08df3218b00bcd47d241ceafc4ab98dfb3ceebef3a7be3ef1ceecf880727b0150718473b787791f24238173de71e9e47f4a7e0438c003a9f87454de279a6eedcf8f00af7fd856b337c817d4006ca2d623e1cadc9463846fea4c62465e307bf479dcfddf7cd2f6fe3b33c1bda0066013b54638d4f9156301f1cbc72567ec39f2caf6879e0bf2f1a7ce7947c7c95f5f39f59e8cf30420c2a9f27474756571a2bf8b6b95fcea26c6586e6543724e51f799ffe67d63e1269383d71ca37d45f50f15ec6cc5d92904499547c291aeb6809fe36934469339abac76fdcf3109c98d3f7a795be323415e78f0793df60ba7db4ebc2de38472884cea8bd0eb5e1dbfdeceb54a4e65fddd77d00b82aea8fee13d47fe21f89bf79d0b3397fff09bce53c7e57e70234410f545387af582d7bd267e794110f2abf6fcf5cf13d2729a8fbe965f7d8f5ff19a1aece93efd41f0db81c8a4b208fd3eef6837df3cb5b4827273bcf59ebfd21b8c15ad4fd73df537264bb0afe6ddb6074fd107895416e1edbe4ededbe1f3ab1ff03cb5d4fcd2bdc7fe39bd68bbe451651455e17644904c4d11060281e12be7b85689b5a627e7163f703163744ced632f561f3c62888ae61d954e6f286d7e8c772d800d6a8a50c274edfc1d4de217ce2eaf6bf9f1ebbc4f3db5d5b4c424dcfb7417400c3545c83b5ddb68326797d672ad628e4fdafdecdf95361d16790123ca1c5b5477806b17009ba8264209d3b5732aea24cc8f1104a170d7fea6e7ff31d69afec085b7ed7954c2192cc0dd541321ef746d4110f2aa38ce4537894fcd6a3efa4fb61d2d5bbc1b232e25138f0f86e0a9234209d3b5536d65417e54d3e90de5fb9e6c78fa6fa36313eeb940f9de270521a4afaf014d524784bcd3b519633699def4929c5bd272ec179925d59b7e9e5e58999c5324cb2e20c2a9204209d3b563ad69c9b925720dc06832d71c7a61c72347373efee9f4fab296c7e5da3e44381544c83b5d9b89b8402f4156e9ce9663bf58bf289fbfa339262159f65d40640af75b99244cd73644456797f15d9910c91c97d8f0cccfc7ae7e935dbe4b89ed43640af70879a76b33c6722aea83bc73770b8220e0bda220afb03e1d95305d5b1004596e8c000899b08e50c274edd4fc327c5a037509df08254cd7669c934501c241f8462861bab6252935254fb62b1300a111be114a78ba767e75f316b3cc00c25398462861bab6212a3a07570e4085c23442094fd7ce299772cf0400b9708c50c2746dc6047c25032a158e114a98ae9d6a2bc5950950a9b08b50c2746d26df3d1300a11776114a98ae6d494cc1950950aff08a50c2746dc6986b79a1effc29cfea1d258604a0b4f09ac02d61ba3663cceff30e779e1befb95458db5a50bb4fa70fafbf14c0d6c2e8482861baf6ddbcee55fbc5d3e7de7b6b72e09a8ca302505a18452861baf65f732dcd5ff9e4bd8e8fde752de10d2da00e6114e1d8b50b726d6a66ccfef589b747bbcff35eea0008bd308ab0e6d00b499936b9b6e6f3b86f9cfb43c747bf5973067b74055054184568494cd9fddccb652d8fcbf8cdcacc98bdedfd7766c707e4da2080ecc22842c6982008053bf7b5fcf8f5c48c3cb9b6e976393b3e7a57c2ad8900a1115e11aeb324a536fee8ef4b9b1f93eb901808f8fbda3eeef9f2c340c02fcb060164148e1132c604415758dbda7cf4b584f41cb9b639ded37ee5d471bfcf2bd706016411a611ae8bb5a6ed39f2cab63d87747a51ef487aa0a9a11b9da78efb7d7cd3e2001415d61132c60441575477a0f9e86b19c5d5b2dc2ee818e9eb3a7d2210c0a50b0817c2e157dfa41e83587e9f777aa4f7d68dcb33a3f6203fddd96a5acaf73e29d7c00082a1a669963abd21a3a82aa3a8cab53437dcd536ded32ef903de48575b5c4a664e799dbc23049020dc4f47efc91c6fadd8f754eb4b6f6497d7497eb2d38db327799fe606a0045546b82e3a36a1fae091ddcffedc1c9f2461759fd7d37de6037c3804722a8e709d35bbb0f9e86b6905e512d65d9cbe3576f51bd98704c045f51132c68c2673ede33fc9ddbe5bc2baf68b673c6b2ed98704209e1622648c0982b0fdc0b3b9950dbc2b7addabc39d98d106943412e1baca03cfacbfc493cbd8b50b3eaf4789f10088a1a90805415773e898d164e65acbb3e69ae8bfa2d090001e48531132c64c3171a54d8779d79ae8ef5462300062682d42c6584e453def8380e72746dd2ea742e301d89a062314743a5b4d0bd72a81807ff6d6a042e301d89a0623648c6597d5f2de78b13039aad06000b6a6cd080d51d1d62cbeaf49971c130a0d06606bda8c903166cd29e25a1e8f48042a9a8d90f796fc55e7a2422301d89a66238c89e7fb8234e0f7e3c9174042b31146c726f0ae8279334042b311eaf47ade2f480d4693428301d8826623648c093a8e08f506a3a0d3f2bf06842dcdfeb70bf8fd3e8f5bfcf20653b4728301d8826623f4ba57b99637442142a0a1d908ef2cce722d1f136f556824005bd36c84bc336062ade90a8d04606b9a8d707e728c6bf9586b9a422301d89a36230cf87dd3c337b856c19110a8683342c7a8ddb37a47fcf27a83313e354bb9f1006c419b110e7d7b966bf9e49c6219df4c0ac04583113a46fbe7bf1be15a45da634b0164a1b508bdeed5eb674ff2ae956a2b55602c00a2682dc2eb674fba96e6b856b1661746c7262a331c8007d35484f68ba7253cbcd056b35789c10088a49d08072f7f31d8f105ef5a3109567c20045a5af84ad0eff3f67cf9e1edde6f25ac6bdbd12208125fae06200bd547b83c3b79edb3ff599cbe2d615d4b526aeef646d98704c045c511fa3cee818ecf87af9c0bf825be3abbb2f587bc37fe02c84e9511fabc9eb16b1787be3deb76ad48de48467175726e898ca30290466511ae3997c67adac77b2eaedd919e1f63cc6489ab687d4aae510104431d11fabc1ec748ef84bd7b7af886e493cf0d3abdbef6b1174d3171b28c0d2048611da173616676fce6ccf8c0cc989deb59155babd8f7c3c48c7cb9b60610a4308ad0eb5e732dcd39176796672617a76f2d4ddf5ebbb32cfb5e6c352dd25eac0da01082085dcb0b8397bf08f87c7e9fd7e7f5b8579d6e97d3ed7272dd7c244dc1cebd652d4f28bd17002e0411ba5d2be33deda1df6fe1aefd12de1f0aa0b4303a1d558e20e84a9b0e17d4eea31e08c03d683f42534c6ccda117acd97c6f4a0308198d47989469db79f80593259e7a2000f7a5d908f5c6a892dd3fb0d5b4088276ee14014dd26684a9f9a595079e31c725510f04e0c1b416a12529755be3a319c555d40301104b3b119ae3128b1b0e6697efc2f927a88b16228cb5a6e7ef68ca29afc77d49a0462a8e501074698515f9d54dc93945d46301904e7d110a829098999f515c95595c8d6b0fa001aa89d06832276515a4e66f4b2fda8ebb90404bc2374241a7b724a6c425672465e65bb30be3523218c313994083682314747abdde603498ccd19638534cbcc9126bb2c4c724a4c425a75b1253b85e3a0fa052c2e157df0cf12e0301bfcfe3d6e90d78070b002339120a820e2f8807d880ebda00c4102100314408400c110210438400c4102100314408400c110210438400c4102100314408400c110210438400c4102100314408400c110210438400c4102100314408400c110210438400c4102100314408400c110210438400c4102100314408400c110210438400c4102100314408400c110210438400c4102100314408400c110210fb3fe2209fd6765065b60000000049454e44ae426082');

INSERT INTO store_users(user_id) VALUES('1ef53e06-a645-4e13-b34a-1d20e185ca21');
INSERT INTO participants(id, tpe, did, name, logo)
  VALUES('1ef53e06-a645-4e13-b34a-1d20e185ca21', 'verifier', NULL, 'ტყემალაძე-ქარჩავა', E'\\x89504e470d0a1a0a0000000d494844520000012c0000012c0802000000f61f1922000017fe49444154789ceddd59701cc77907f09e9d3db0bb0016d7e206010204011e02ef53d46dcaa24245b654921c3b4ee28a5d51c5d663def294373f2595bc247639153b4e594a9545c9d651d1455d340f90840402e001100097b8886b71ef62afc9032a34c303e86f31b3df1cffdf23d5836940fbdfaf67a6a75b39f6da4f0500f071717700c0e91042006608210033841080194208c00c2104608610023043080198218400cc1042006608210033841080194208c00c2104608610023043080198218400cc1042006608210033841080194208c00c2104608610023043080198218400cc1042006608210033841080194208c00c2104608610023043080198218400cc1042006608210033841080194208c00c2104608610023043080198218400cc1042006608210033841080194208c00c2104608610023043080198218400cc1042006608210033841080194208c00c2104608610023043080198218400cc1042006608210033841080194208c00c2104608610023043080198218400cc1042006608210033841080194208c00c2104608610023043080198218400cc1042006608210033841080194208c00c2104608610023073737780c1e52fde19ea69976cacba3d4ffef5df1bda1f7038278650757b5289b86463b7d7676867009c381cf5e405e41b7bfd41e37a02209c19422f2584a4c40264c18921f4f82995300f95108ce5c410922aa1979258802c3831841e4a71233506c8822343e8f3cb3726954d802c38328479012114c9c6b83b0a467362081545f1f8f2241be3ee2818cd8921149468a11282d11c1a42f968e1c60c18cda1212454420c47c1600e0da164b45caa5bf5788dee0c389c434328590971410839e0d0104a5642dc1a851c7068085109c13c10c2d5e0ae0ce4804343283d1c452504c339348492e9c2701472c0b121c47014ccc2a121941d8ea21282f11c1a42d5e375a96b2f72854a0839e0d0100ab911296ecc400e38378432550e6b5b400e383784329510ab3c410e3871f1df4c3a151dbd918c2faddecca5aaaac7939b2e81933925845a263d3316991aba3e35747d662c9249a7d63c24934e7ff4f37f28a9de5852db585ad354505629bf2806803cfb87303a7a63e4eac5d1dece354bdfbd92f1a55bfdddb7fabb85109ebc4059dda6ea965de1fa16c5a51ad0537028db863036171dba7c7ee46ac7d2ec942e3f30195f1aeded1cededf4e405aa9a77d4b4ee2aaaacd7e52783c3d930848bd189ebe74f8e5cebd03219237e7e32be14b9743a72e974b038dcb4f789ea965d8ae2dcfb5bb07ecab1d77ecadd07ddcc4f8d5d3fffc9586fa7a669393b692054dab4f7899ad6dd18a342766c12c2647ce9f297ef0e5fbe2044eee277277f4151f3c16fd6b4ee66393b589a1d86a323573b2e7ff1fb446c91b10fb1f999ce0fdf18b97271db132f0442258c3d01cbb176255c9a9dee3ef9e6e4cd5eee8efc91eaf6341f38dab0eb115c2882240b57c2f1819eaf3f78437ecfdddc48a792574ebd37dad7b9fbd9efe7e5177177072cc0a2dfd65adfb98f2ebcf3abac1398971f5a73d0e852dde51bb764f7f3676f0d9d7afd5fa22383d91d0e8e62bd10a612cb17dffd55efd90fb3bb07e3f1f95b1e7ef6d1efff5db0b87cadb6da9ee37f75f0c5578b2a376471a2446ce1ec899fddec3a9bc5b1e028161b8e26628be74efc6c7e6a2c8b631545d9d076b8f9c0d195add132a9e4eaed33e9b4a669c5d51b0fbdf4e3d1dece9ecfde4ec4164867d432e9ae936fce4fdfdafae87398f2060f62a510ae2781815069db375e2aaede78fb5fe4a68fa654b7470851d5dc565adbd4fde95b637d9dd453dff8fa94964e6f7be2dbd403c1212c13c2f524b0beed70cbc3cfaec4e9b6744a2284a9e4eda3bcfee0ae63df1bed7da8eb93df52af45235d6714976beb63cf938e0287b0460893f1a5736ffd3c8b04ba54f7f6275fa869dd73ef7f92ac8477fd4b55735b4169e58577fe833a25f546e71f14976bcb23cf918e0227b0c08d192d93bef0ee2fe72747a907fa8285075f7cf5be09144264d26b5c130a21d2f7bb6ecc2f293ffcf24f4a6b9ba8fd19fceacbbef68fa94781ed5920843d9fff2e8b7bfdc1a2b2c32fff245451f7a00652c3d107544b4f5e60dff33facdabc83daabde331f4e0c5ea11e05f666f6100ef5b4472e9da11e152c2a3bf0c2dfe4e587566923331cbd6f255ca1b85c3b9efe4ed5e69dc4ae695f7ff0ba5e6f57813d983a84b3b76e767ffa16f5a86071f8c00baffa8285ab375bf311851022b36ab55414d78ea75fa1e630b91cbbf8de7fae126f701af386309558ee78ffd732f5ea4ebe40c1fe6ffdc8172c58b365269d5eb34d7aadebc6951c96d535cbf64f0821c4fce468f7c913a443c0c6cc1bc26ba7df8fcdcf900e71a9ee3dc7ff72f551e80a2d93d6b4b55ff95dbd12ae5014d7ce63df0b16954975f1ff0c5fb93071e32ae910b02b9386303a7a238b4bc1b66fbcb4ca9d983bc9dc9511ab5e13dec9e3f3ef79ee072b1371e4757f7a229d4c900e015b32630833e974d727bfa5be1dbf71d723f2976792a35c99c7182b8245653b9efe8e64e315b1b968efd90f4887802d993184d7cf7fb2307d8b74484169e5e643cfc8b7974c97cc70f4b670436bddf603f2ed8510835f9d9a1d1f221d02f663ba102e2fcef55ff89474884b55db8ebe22b3c1cb6db2c351e94ab862cb91e38150a97c7b4dcbf47cf636e914603fa60b615ffbc7d43ba29bf61f2d0c57930e911d8e522aa11042f578db8ebea22884172666c622787cef70e60a616c3e3ad4d34e3a24581c6edcfd28f54492e9cae2695e71557dcd96bda4437065e870e60a61dfd98f641edfdd69cb91e359ac35287b4d48acc92b361f7ac6edf5c9b79f1d1f1e1fe8c9e244600f260ae1e2cce4f0958ba443c2f52de186d62cce95964b5776f35a7c81fca6bd4f920ec97aa100b001138570a0e3739907e8b7298ad27ae47876e7921c8e66570985100d3b8ff80b8be5dbcf4d8c8c0fe0cad0a1cc12c254223e72b5837448e5a6b6fc9235d789b93fe9471459cef074a9eec6dd8f930e895c3a9dddb9c0eacc12c2e12b1dd4e9238d7b1ecffa74d23366b2ac844288daad7b7d81b5a7b0de3619b9169b8f667d3ab02eb384f066176d925ab8be85fa58e24ed28f28b27fd7c1a5ba1b763d22df5ed3b49bdde7b23e1d58972942181d19a02e5dd1b8e789f59c51325d92f76f1e64c3f683a409a5433ded06ed240566668a1046888b73e6975494d46c5cbbdd83e5a0120a21dc5e5f75cb4ef9f6cb8bf37856e140fc21cca4532b5be1caabdbb66f9d27952c71f213b81fa476eb7e527bea431ab001fe104e467a49b7645caa5addb2de1dc8a467ccac6b382a84280c5717866be4db4f46aee1a57ba7e10fe1d8f52e52fb8ac66d5e7f709d27959e31a3431e48753b9d4a4e46aeadffa46021cc21d43219ea5550b51e1b71eafb52efeaaa36ef545c84bf3375700e56c71cc2e9e1fe647c49bebdeaf1521774b92f83dea2b82f8fcf5f52d328df7e7ce032ee913a0a73086ff5d3c6a2e1fa16d27b830f2279db33eb696b77a968dc26df38195f9a1e19d0e5bc6009cc219cbcd9476a4ffa34af427a02b78e2124bc64387103f3481d84338489d8c2627442bebde252b37b67e25ed2254ed3a518e6e5874215847ba4d3c3a8840ec21942ea47ada8b28ebaa2d983c83f85d7eb8141d98616f9c67313c35888cd397843d84f6a5f5243de83e541e4eb9b5e9785a5947b335a26333316d1e5bc607eac2124de7e207d8e57277fb1b7ce996bb71555d5bb54c20a00b837e31c6c214c2ec7162893b65daa5a5455afd7d9e59fc2eb756f46757b2417265e1145081d832d84336311d2f2bea18ababbb6da5d0f4225d463d2cc0ad2d3c299b18896a12db70316c51642eaa69fc595ba9541c151098510c5550df28dd3a9e402e5d63158175f08892f1092a641af497e2a8c5ed7844208ea5bc80b53b465c8c1a22c14c2ecdfa3bf57eeef8e0a217c8102d28217d43f1158144f08b54c66313a2edf5ef57803c4bdc756271f2d7d5f2c2a2c27d47384d0217842b83833415ae4b7b0ac9ab4b6fcea32e9b4fc3d211d2ba120d6f3856984d0117842383f49fb78159455e97876d20d4f9d2b611921844bb351cc9b71029e1052773ea3ee83bb3a5271d3f1c68c20ff221af50f0556c41342ea029bfa8690f4d441dfe12869e33421c4d2ec948e670773e20ae10ca93df5b3bb3a52aef41d8eaa1e2fe90629f50f055664814aa8282e7f61898e67278d30f5ad844208d26ddef8c28cbe6707136208a1a669f18539f9f6790545a4a9cf6b62ac84428820a5aaa3123a0143089717e748b3220394ed8d64d0ae09f59bb6b6c21f22547584d0091842481d62912ea264d01e51e837817b05e9d78923840ec01042eab7bb2fa87b08392b21e9d7492ec7f0a8d0f6184298585a20b5d7bd129286a3ba5f13527f9df8c2acbe1d00b36108617239466aef0b16eadb01d27054f7bba3d410269709ebb28215592184817c7d3b401a611a530909f3609371da9f0b2cc70221f4faf50e21e99a50ef1b338acbe5c923ac19974cc4f5ed00980d470829ebde0b21dcde3c7d3b40dafa53f71b334208b7d727df1895d0f62c5009491f5919a41933466c5446fa5a49e19ad0ee582a2135843a5742e27094bb1212bfb3c072184298a25ce4a86e0f695f3119bc8f2804f16b25b98c6b429b630821e9e9b3ee6351c1fd8842a012c2ffa7c336635419cac451d5a37f087dc1c290fc5a2f8afedf53a44aa851d601012b62082169f6b62ebb11de65d3bea736ed7b4af71f2b8ff44b91beb3c08a1886a39934611b5add2f08cd40a15457acc36d7bb9fe886b998c1084d5ef5d760c21e9974225b4bd5c7fc4a91f29c5a5e7ebbc2641faa5486b438215e5be12524368c34a48faa5301cb5bd9c5742e2f73ae9f2c92a48c3512d43b884062bcafd479c70412884d071e16d13a17cb3e09ad0f6721d42ea359ea6d9b00e60840977ca7508a9cffd6c3918231537239e9482a9983d84b61c8c912e8c1142dbcbf970545188f7066d58094933d11042db63b8f748fa54d93284b4d9b308a1dd993d84b61c8eb2cf9e0553317b086d7923113766e04e0c21747bbcf28d6df94a6b8af24bb9dc08a1cd3184d0eb0fca37267d5ead82b494a8272f605c4fc00c58424858c250d332a9c4b2719d61415a65c7a7f78a8f60361c21242ee69b4ad86d7d07d28a15d43f17588ed92ba1b0e3c29ba49557755f801ccc862184d44f95cdeecd64d269d20a6eba2f400e6663894ab868504f5850377841086dcf0295d0667b83c5e769bf0e86a3b6c710427f016dfbeb1871675f938bcd47e51b7b7c7e95f25815ac882184790545a4592036db329a14c26071d8b89e8049308450519440a854be7d8c387e3339d26ee1c12284d0fe785670217dc1c76d361c9d2355c232e37a0226c114c222c2676b7971ce4ed3b8311c85bb58a0126a9ab63833695c67724b5b9a9d926f8de1a813705542da676b7eea96413dc9b1a5d969f94da91445210d19c0a27842985f522e04612dc385a931e33a934bf393a3f28d03a152bc4ce8043c21f4f8fca45b0ef3d336a984f3946f9350459d713d01f3605bdfbaa8b25ebeb16d2ae11ca51292fe44605d6c212caedc20df786976ca886dab738f341c2da2fc89c0ba182b21e113a669daecad21e33a931bc9e5d8d2ecb46463d5ed292cab32b43f60126c21cc2fad20cd8a8c8e0c18d799dc888e0cc86fc551585e63cb1da9e05e6cff9b15c5152aaf956f3f6dfd104e0df5cb37c658d43938bf6b4b6a1ae51bcf8cddb0fae630d3c3d7e51b93fe3860699c210cd7b7c8374e2596497735cc26b91c93efbf4b7597d66e32b43f601e9c210c55d491963f240de7cc263a32a869b21784a5b54daadb63687fc03c3843a8284ab8be55befdf8408f719d31daf8e065f9c6e1862dc6f504cc86f9fe5bb88110c2e8c820699d32f3d0b4ccadebddf2edcb297f16b03aee10d66f96bf11af69198b16c3e9e181446c41b2717e4985bf90b60208581a7308dddebce2aa06f9f6b7fa09f5c43cc6fa2ec937268d0ec006f81f075735b7c9379e8cf45a6efe9aa669b7fabbe4db576fde69585fc08c4c10c2cd3be55fd849a792a3bd5f1bda1fdd4d0f5d5f5e9c976c5c50565518ae36b43f6036fc21f4f8fce51bb7cab7bfd975d6b8ce18e146e71fe41bd7b4ee31ae27604efc211442d46e217cf266c622a4b7f278c5e667c607641f4e288aabba6597a1fd0113324508cbea37fb8205f2ed2d540c23974ecbcfb62babdf8cf5b61dc8142154145775cb6ef9f623573be4576a619449a7867adae5db934604601ba608a110a26eeb3ef9556792cbb1c8a5d386f64717433ded8998ec6e36be4001e9da186cc32c210c1687cb3712e66af55ffccce4c5309d4af69dfb58be7dfd8e87b1ac93339925844288c63d8fcb374ec4164d5e0c073bbe585e927d32a17abc1b1e3a68687fc0b44c14c2e2aafae2ea06f9f6662e86c9f852ffc5cfe4dbd76ddbeff1f98deb0f9899894228e8c570e0ab2f0cebcbbaf4b57f924ac86e30acb85c0d3b8f18da1f30337385b0bca135bfa442be7dfff99326dc2e667e72f446e729f9f6559bdaa87b36829d982b8442284d7b9f906f9d4e257b3effbd71bdc982a665ba4ebea965649f0d2a8ad248f995c17ecc164251ddb2b3305c23dffed6f52ed23b0a46ebbff0d9cc5844be7dcd96bd05a595c6f507cccf74211442d9f2c871d201dd9fbe257f1fd2507313237de73e946fafba3dcd078e1ad71fb00413865094d43456346e936f9f882d747ef086fc929e064925e21defff3a93266ca5d8b0eb91bcfc90715d024b3063088510ad47fec4a5aaf2ed276ff6f69efdc8b8feac49d3b4af3f789db4f7a0d79fdfb8fb71c37a049661d2100642a5f56d874987f49dfb78b4b7d3a0feace9eaa9f7e4df9658d17ce01b6eafcfa0fe80859834844288a67d4f115f29d03a3f7c636a88b0c0ae5e063abe18e8f89c7448415955ddb60306f507acc5bc21f4f8fc5b1f7b9e7448269dbaf8ee2fa3a383c6f4e8fe225d67ae7cf90ee91045511e7af2456c35012b4cfd39a8dcd456d1b49d74482ab1dcfef62f266ff61ad4a5bb0c5cfcacfbe409ea511bda0e630350b8cdd42114426c7bfcdb5e3fed3dd7743271fe77ff6ef48bbf5a26d37df2c49553ef510f0c1695b51c7ac6882e8145993d84be407edbd197491bdc0b21b44ca6ebe49b9d1ffdb74133bc63f333674ffc5ba4eb0cf540c5e5daf1f477487bc281ed993d844288707d4b76f39b872f5ff8f237ff3819b9a66b77b4a19ef653bff9a7e8c860160737ef3f8a8128dcc51a6f91b63e7c6c6e62687a98bc45e1d2ec74fbdbbfa868dabef9e0d3a4a9e1f7151d19bcfa87f7b3bef1136e686dda8769a27037e5d86b3fe5ee8394446cf1d4ebff9cf53b138aa2841bb634ec385c52bb495188835b2d33317875f0ab2fd6f3fc23102a3dfcca6b786910ee6599100a21e62747cffcf65fe5dfd3bb2f5fb0a0a2717b59dda6e2ea8dab6fcc965c8e4d0f0f4c46ae8ef575c9ef24715f1e9fffd04b3f0e1687d7f343c0aeac144221c4f4707ffbdbbfc8a453bafc345fb030bf389c971ff2e40555b7475194743a958c2fc517661767266273515dcee252ddfbbff5c3e2ea8dbafc34b01f6b5c13de5652d3b8f399ef76bcff5f5a86304ffa419617e79617e7d6ff7356a1b85c3bbff9674820acc2027747ef52d1b86dd7b13f274defe6a2b85c3bbff95dea7c03701aeb85500851d1b875f7b37f61f2a76d2ed5bdeb99ef556e7a88bb236076960ca11022dcd07ae085577d01c2e2f9b9e4f1f9f77feb47a88120c3aa21144284ca6b0ebdfc9350452d7747ee965f527ee8a51f93966f0427b370088510fe82a2832ffe2df5cd43435535b71d7ef9353c8d007916bb3b7a2f97aa6e7decf9707d4bd7c937e30bb38c3d717bf3b63efa5ccd96bd8c7d002bb2d873c255a412f16ba7ff27d275467eb9411d55346ddffae89f62c118c882e52be16d6e6fded6c79edff0d0a12ba7de9d18bc92b3f31686ab5b8f1c2fad6dcad919c166ec13c215f925e57b9ffbc1ecf8d0f5f327c7fbbb35cdc025d842e5b54dfb9eaa68dc427dd30ae04e760be18a5079edee67bf1f9b8b0ef5b40f5dbea0ef52f9aac75bb9a96dc3f6fd4595f53afe58702cfb5c133e98363376737ca0677cf0cac2d458d6b5d1172c28ab6bae68dc5656dfa2ba3dfa76119ccc0921fca354221e1dbd313731bc303dbe189d882fcc26628bf7dd53deedf5f9020581a2b2fc92f282d2cae2aa8640a834f71d0627b0e770f441dcdebc707d4bb8bee5f6bf689a968c2fa553894c3aad65322e5555dd1eb737cfe473e2c04e9c15c27b298ae2f5078558edc5420043597bc60c800d208400cc1042006608210033841080194208c00c2104608610023043080198218400cc1042006608210033841080194208c00c2104608610023043080198218400cc1042006608210033841080194208c00c2104608610023043080198218400cc1042006608210033841080194208c00c2104608610023043080198218400cc10420066ff0b5bdc00aa917bf4d10000000049454e44ae426082');

INSERT INTO store_users(user_id) VALUES('2a73d9ee-10cc-437c-8f4c-dbb1fb95555b');
INSERT INTO participants(id, tpe, did, name, logo)
  VALUES('2a73d9ee-10cc-437c-8f4c-dbb1fb95555b', 'verifier', NULL, 'ჯოჯუა, ზარანდია and კობერიძე', E'\\x89504e470d0a1a0a0000000d494844520000012c0000012c0802000000f61f19220000244c49444154789ceddd79741c459e27f0ccba2f49a52a4925a974dfa7254b962c5bb2658c1b6c83693747afc18d7b98e947f3668686e9e965f7fffd8bf76898ee376f1f0bcd4c338081610173196c0c18593e2459b264ebbeefab4ab74a7557ee1f9af6ba25bb149195915155fa7dfeea67222bc26e7d15599911bf608f3cff320300a047427b00006c77104200288310024019841000ca20840050062104803208210094410801a00c42080065104200288310024019841000ca20840050062104803208210094410801a00c42080065104200288310024019841000ca20840050062104803208210094410801a00c42080065104200288310024019841000ca20840050062104803208210094410801a00c42080065104200288310024019841000ca20840050062104803208210094410801a00c42080065104200288310024019841000ca20840050062104803208210094c9680f00dc9d736d756172706e7c70d932b13a3feb7139fc34566a23228c0906737a4c4a4e64ac996559d1c60902c71e79fe65da6300ff9f7d797eaaefe6646feb8a758adf27c8559a84ac1d49051551a62461c70608819930585886bb075b7e9c9f180cf073dc8eb5d1f66ba3edd7228cf15995f7c76715330c4c8c410d42489f65b8bbe7cad72b73d3c27eeccadcf48dafdf8b8849c8af79c8989c2dec870301410869b22f2f74d67d363bd445ae8b15eb54e3993f251756e6d53c2453a8c875047883105233dd7febd6771f795c4e11fa1aeb68b48ef5ef3af6373a834984ee001678454101c771ddf55fdef8fa5d7112b8cebe3c7ff5a3ff6d1ded15ad4780084228368ef3ddbaf0d1d08d4be277ed71399abffc33e430d8400845c6b59dff70a2bb9956f73eafb7e5ec3b8bd323b406003683108aaaafe1c2546f2bdd3178ddaee62fffc3b9b6427718e03608a17866063bfa1bbfa33d0a866118977df5e6f90f1986a33d10c0301042d1b8ecb65bdffddfe0f9b9b78ef58ddcbc467b148061e0158568ba2e7de176acf1bb56a5d3c72467e9e35334fa18a5462795297c3eafc7e9b02d5a9666272cc35db6452b8f8fed6b389f9853225769f88d0a080542288685a9e1c99e1b3c2e34266767961f302667de75e959942929317767febe87e72706fb9bbe9f1bebc3fa70b763adaff142c1fe47780c0c08084228061e5f05156a6dd1c1c74d1905288d0de68c4a73c6447773c70f9f7a3d6ef45ec6da1bb22aee57a8b5b8c3030282ef84c42dcd8ce1be9ad346c7569ff80d62026f33e795ef7eec39acdb4b9fd7337aeb2a562f40701042e2466e5ec16aafd2e9773ffa6b954ecfa3afa8b8a4f2877f299162dce08cdebacaf9bc3cfa0242811092e575bba607dad1dbb31269d943a7949a08de3d4627a4e5561f416fef5c5bb58ef5f3ee0e040e4248d6f440bbd7ed426f9f51b63f2ace1c60a76925d5faf854f4f6d3fdb702ec1104024248d6ec50277a63b94a93b9eba010ddb279d547d15bcf0c76709c4f887e011f104282388e9b1b1f406f9f56522d952b04e93a3a310d7d32743bd6962d3cab6980c04108095ab14ee2bca067cdf9bb04ec3d75c71ef4c60b934302760db04008095a981a456f1c9d98aa8ed00bd8bb29a310fd31e93c84901e0821412b7318f778b129b9c2f62e952b62904bcb2c5b2684ed1da0831012b48a53bbc9909429f8008cc9a89f695f5ec45a6a03040421246875c182d892652591b189820f203a3103b92d67431e2d10168490149fd783fe5446a3374a6572c1c7101913cf4aa4888d6d8b10423a2084a4386dcbe88d3591061263602552ad3e06b131ecb5a70542488ac386f133ad8e8826340c5d741c624bd7da2aa13100ff2084a4789c76f4c672629b89541151882d9d10424a2084a4f8bc1ef4c60a62dbdbd17763b81d36426300fe410849f1e28450a8d56a9b29d4a8f1f6796143131d104252b066428984d4ff1172a51ab125d680818020844101fd45022e99024218ec2084a4487072c5f948ed2492485187c171c1528e71bb8110928235b991dbce871e4212ab05000a082129329c672de46642f4df05e41e0e01ff2084a460553df37a492d9e468f3784901608212958c53cc91d54881e4238c797160821295815d33c2e07a161f890cb19aa791559048183109222952bd02743b79de731155b428fb73a8ac82272b0250821416ae4bd11e47630789ca821d444925a440efc831012a48b8e456ce9c0d9f784c5ed449d63d59146426300fe41080942df2c6f5f5e203406c7ea124a33954eafd4e8088d01f8072124283216b596b6c7e5207447ea58459a63f5f1c9247a072820840445c5256154972053e205f1fc507d7c0a89de010a08214152b9426f429d619666c7498c61757e06a55974421a89de010a082159c6e42cc4968bd36382f76e5f5e407945a1d446c0ed28451042b24c1985882d17a684af81bd30358cd2cc945178d7e3b8813820846445c62622d63b73da56962d93c2f63e3f3188d2cc9459246cbf000b8490b8849c52c49658e7a86d89e3b8d9a1ae2d9ba9745146b3f0c5bf013a082171c985152c8bf4ef3cd1dd2260bf8b53c328af3d528aab5862c535000a8cc3cd838a75ac6f639d4c969548a4ac442a95c9e44a8d5ca5516a74c1b03d47a5d3c7a5e7cf0c766cd9726d696e7e62d06046af5defcf687bc3966d24525972e16e41ba03bc856a08079abe47f9c2a3506bd591d1ba6853646c62549c39ca9482bed35c4019e5b52821641866a0e97b4142e8b4ada01c826dce2bc3da72054808d5102272d96d2ebb6d69667ca2bb996118a94c6e306798328be2b38ad1cb90054e1f9f1a9b9a6b19e9d9b2a575ac4f90c9b0aff1db2d0b374965f2acca4301760402b7bdbe0c783d6ecb484ffbf71f7fffd6ff6a3bf7bee04f23fdc8ae7a9065915e03745cfc34c012a08bd3a3e31d4d5b364b2bdda7d2a1d6e706e46caf10dee6f37a277b5b2f7ff08796afde5e5b9a13a1c7a838735261254acbd5f9d9eefa2f7877e471396e7efbe19695a3146a5d46f901debd00016dd310de3633d879e9bd57875b2f89d057ee9ec3885fc0466e5e1d6eabe7d185cfeb69fef26d94f5a285f71d9729943cba0082dbee216418c6e7f5745dfab2e5ec3ba4ebc0cb559aa2838f2336eeaafba2bff102c360d40275d9571b3e7903e5795562eecef8cc62f44f06444108ffcbcc407bebb9d3e4ea7fae336514a414552136ee6bf8b6f1d33757e767b76cc971dc4477cba5f75e5d9c1ed9b2b14aa72f3c701c710c400461fe7414cbcc40fbc0f51fb22aee27da4bfefe632b73530b535ba7856198b9f181fad3af9a328b12734a63527236bff6b42d5866873ac73a1a11b72c4965f2b2a3bf80c26a410542f857fa1bbf33a51744c42490eb422295953d74eaca87ff6a5f41da4dcf71dc74ffade9fe5b0cc36af546a53652ae54f9bc5e9763cdb660c12cd3c6eef8c9cfa39077570171c0ede85fe17cdede6be748f7a250eb2a8eff4aa9c5a889c8300cc370b645ebfcc4e0cc60a765a46769660cb7506256c5c1f8ac1d989d02e220841bcd0e75ad58a748f7a2d5c7541e7f56e4b22e832d3f369ef9d3d08d3a94ef99403410c2bb18efba2e422f3a435cd5e37faf8912afc699cfeb991bebebaeffead27bbfbff2e11fc7da1bc8151d06e8d823cfbf4c7b0c7cdcbcf0d1d2cc5f6d45e7389fd7edf2b89c5eb733c053be543afd7dcffc4f71f6b9baecb696afde467c4e2338a94c9e525c95517e1fac20a5285443e887cfebb52dcc2e5ba7e6c6faa7076e79dd2e1e1f52f3e48b441fcfdc89f379bbebcff27b3b2f0899429956ba2fa3ac3618369d6c436118c23b79ddaee1d6fafea60bb82fe28b0e3e968cb6ca4c2833839d1d3f7cecdcb03f4b44ea48c38e434f08b5910aa00bf3ef8452b922b3e2e0de9f3f8f7bbbb5e15e5704a68c827d27ff393177a7c8fdde665f9e6ff8e48dcebacf49af1c021b847908d745c424943ffc37583b095717283c3f94ab34250f9ca87aec39f4aac142e346da2e379e79c3ed2075400dd86c5b849061187d7c4a4af11ef4f68e15a4eaf1244427a667ee3a2091525b47b130397ce53fff95503162b0d9760921c33099bb0e22d67a6118c6615b0af0112b3f2ebbadf98b3fdff8fabd2db7e412b5b634d7f0c9eb884be14080b65108156a2d7a895bcee7f3ba499d9e7b2f4b3363973ff8e3ecf0d625d244e05c5b6d3af3a6637591f640c2df360a21c330faf854f4c65e0fa973e4efca32dc7dede3d783ea87debeb2d8f8e99b6ea79df640c2dcf60aa1026799984fc410ce0cb4377ff51f01de822ad4ba08637c74629a3129332a2e491365443f8ee65e6c8bd65b173e0af043807fdb6b17854c8eb1975cb4ef840b93c3ade7dee7900f97bf935ca936651699320ba3629336af08f7793d2bd6e9f9c9c1c99ed665cb04bfe1cd0c760cdda84bdfb99fdfe5604bdb2b84584b25c5593eb2b634dffcd5db3ce640a52622abf2fea4820a3fcf51255259942929ca9494be73ff8a75aae7ea3796e16e1e83ecb9f2b531290bfdcc5380657bdd8e627de3c29a36f9e17cbed673a779bc944b29de537beaa594e23de86f32226212761d7ba6f2f8af941adc2d540ce7f3755cfc94cae3e2ed804208972d9328672490e91a7d8f122b95cb090e85611886e96bfc1677698e54262f3d7cb2f0c0717e13b53139bbfac9170de674dc0b17a747c73ab62ee90d78a010c29e2b5f377ff9e7e62ffe6c5f9e17b35f8fcbb188fc13af506b48efa2589d9f196cfe11eb12895456fef02f13b203da98abd4e8763df277c624ec43607aaf7c034f4a49103b840b9343d6d15e86616687bbeadefd7d7fe305d1de4acf0c74a03ffcd044219d671688ce1f3fc37a18c3b26cd9d1a78dc9d981772d95c9cb8f3d837b44b6db691f6ea5b6d5238c891dc29eabdfdcfedf3eafa7afe1db4befbdcaef6901aee1b6cbe88db5d164436819ee9e1b1fc0ba24b3e2fed8b43ca106b07e5b2b5769b0ae1a69bb0cfb8005276a082d233d0b93c31bfe706d69eefa17ffdef2d5db88858ff8b18ef6623da3473cd993b7bec60b58ed0de674c1cf8d5047e88bef7f02eb12b7d33e82f3bb0ca01033845cefd57bd6509a19ecbcf4eeef079abe237477dad780f7434fb4249975b417eb790ccb4a0a6a8f231e6581c594511097968f75c9c8adab9c8f6c75d6ed46bc104ef7b7fb9f8bbc1e77efb5f3f5a75f5bffd22820eb682f4a55dcdb24525974429ab063b813d68d31c330293bf64418e3090d267fff31ac1d1b4edbcaac285f1fb60f9142c8715c5fc3799496b6456bd3676fb59c7dc7beb22854efb8d36074629a5446eafd847d65c18a7046da6d12a92c73d77d8406c3308c26ca68ce2bc3ba04de55084ba4104ef6b46095d99b1968bff4ee2b03d77f087c97b765a4076b1a641826362537c04efd18efbc8ef5d6db9c57c6e3f53a96f49dfbb1dec758477a9db66572e3d96ec40821e7f3e2ce45ccfadde9d56feadf7f6d6eac2f90defb311f81b01249621ec11a13537d6d58ed4558b4a98d8e8dc379eeca713ec48387010a314238d6d1c4fbbdbc6dc1d278e64f37be7ecfb1ca67abbb65a467717a14eb92b8f4027233cf8a750a6bc7ba3e3e451b1d4b68307732179463b59f19ec2434926d887808bd1e777fd377017ec874ffcdba775f196cf91177ab01ee34c8304c4ad16edc4bd04d0fb463b54fcc292533908de2d2f2b14e89999f18f0b8c4def41cae888770f4e65541be3f78ddae9ecb67ebdfff17f477dc3ca6c12853724c4a0efee8505947316ead59964dc8292137983b49a4b2f8cc22f4f63eaf57f087d8db16d9107a5ccec1968b027ee0eafc6ce3a76fb49e3b8d126c1ed360eede23bcc685c4e37260bd1e8c8c332bd4e21d5681bb1c0777c50fb817b22194cae4d9550f087eecc9546f5bddbbaf0cdda8f3f3d698c734189392c3635933bab9f141ac4348639209cec99b1993b3b0d6032c4c0d131bcbf6423684ac44925254557bea7f64551e12768facc7e5ecaeffeaf2077f989f18ba6b03fc6990cddd7b38f081f981fba624264580b5dae8e44a75641c46bdd3d5b96958472a08319e8e4ae58aecdd3fa97dfaa5e4c24af4a2832856e6a61b3e79bdedfc07ceb5953bffdc32dc8d3b0d266417932eb98b35245622c1dde510384322460d7c8ee3689d631366c45bb6a6d446141d7cace6a91705dc0ab06eb2e746dd3baf0cb7d6dfbed9c35d1ecd4a24d9550f0a3baa0d388e5b9a1d476f1f618c17bffe6f14ce4cc8d0382c202c89fd7fb3ce60da75ec99b9f1819ecb5f2dcdf22c3db499c7e5e8baf4c578d7f5c2dae3b8cf3f1886492aa820bd6d626d690eeb7c282a95f023e392b0daafcecf101ac9b642a7d093312973ef7f7b7eb2a7b5f7ea39017730ad58a7ae7dfcba5ca5c6ba4a2a93670bbd4b6833dcc371a330f32008adde2853a8d0bfe9adcc41080540b1d0139b98bb73ffd3bfcbab3e2a57e2c5c62f0eb76e526a49b5521b29dc00ee0e77d2d019e2088dc42f16ab5fdba2955fa5467027cad5d62452597a596deda997d24a6bb04e4d128a5ca9ce283f204247b8e7ab88798c36ef7e399f17ceab085c50943c94ab34f9fb8eed3bf9bb84ec12710ea9be2da3fc80a0f3f03dade1ac9e95cae42a5d14b9c1f881fbdd18ebef05ee2a2842b84e1365283dfcd4de9fff43742276413e7e94dac8d4926a71fa72e07cf5d5107e4a2460d70ee1b67d6e5b4114c27551a6e4aac79e2b7be89722ec1ec8ae3c446ef3ee9d389fcfb18ab18096d634c8308c4a8bd7b5807bafb7ad202d836fca28884bcb1beb6cec6ff896d031ee5a7d4c524105894fdeccb9b682b5608df42e5e7f5d6f3ad0c23f7e5bccc09d823484cc5f96bc9973cb069b2f0edda813fca0b2ecaa0759894837022ebb0dab3d6e1204849bffa03acb2d4405ddede80652b922bbea81da532f25155408bbe46d76a873c36237725c76bcc99ce24c285328b156f9e2fe7e019b057b08d729b591c5f73f5efde40bb1a982557ff9cb62b74b2214f0c3fd495560d6e4159642ad456f0c85f103171a215c17618cdff5c8df56feec59a19674795c8eae4b5fd6bfff2ff31383827ce0bde0ae1fc0dae42e38ace3a83c4ed84811a8500ae13a635266f589e74b1e38a18ed00bf281abf3330d9ffc9fd673ef93ab20e671e3558290923f95cd0f9902a377afc72dda6922e12a781fccf8c526e6ee8ccf2a1e6ebb3c78fd0741ee88a67a5b2dc35d599587d24aaa033f657a03aca5db0c660c04873b0fbb9d0ec1f76d6f2ba13713de2691ca32ca6a05dc82b4be51b8fefd3f085eb8c1135221c49d87bd98f33cd8208443c8300cc7712337053e9f64757ea6f1d3375abf392de01b30dc9990ca325adebd075ea0799b0bd1dbd1ff323bd881bb301ad1545fdbec705776e5a1b4d29ac0ef4e711fc0b22ccd10e2fe7d61234580427b261c6cc13be9168bd7edeabe7cf6d2e9d7e6c6fa03fc28ace5320cc388b68ae0ae2498bdfbe090a6c0847008e72786700bc9f0605bb0349e79937709f075d83321d510e2f6cef9e0e9684042f87654d88aa6fe4df7dfb48c746755dc9f56ba8fc71736dc995022f4e3592cb8b7a33e2fcc840109d59970757ec6328c71c018c33001162ff3ba5d3d57beae7fff352bfe0135b80bee70432b30ec9b6751b780869f500de160cb8f0c8371c05884317ecf13ff5074f0b100cb9fda162c4d67fe74e3ecbb585b7870274fba47e1e27ec7934842f87e2a1884e43f9f637569b2a715eb92d41d7b1986492eac342665b69dff10b70eef06d303b72c23dd991507d377d6a2040cfb068feaf3460ef39503dd6fb0612024fff9865bebb11e8bcb95eac4bf1c46ab8932563dfe5c4ed50301be78f07adcbd57cfd59f7ed58270ec2eee773cda33215e08e9bed50c03a117428fcb817b5c735261c59d3be85956925971ff9e27fe3ef0cdfbb645ebf5cfffade5ec3bfe0b37b2d8b7a3546742ec1086e4fd54f008bd108edcbc8a75321ecbb2a9c57b36ff79545c52f589175277dce53fe19a19686f3bf7819f06b83321dda3ff707b87dbd10085d83f9fcfeb1969c35ba716979eaf8e34dcf53f4965f282dae3bb1ef9dbc077b2e7ecf1b784558259c926b442284e9d9e301662219ce86ec1dd0e9fba638b7a6ab1a9b9fb9efaad09e788cc0de2338b0d667f47a928308b82d33ded08b777716a4686b1500a21c7714337eab02ed1194cc6e4ac2d9bc9559ab2a34fef38f4048fddb412a92cb7fae8169fafc4db294f7b26c408a14ca1147ce7d776134a21e4b15c3bb5642f7a6373feae9a275fc4ad7a9a565aa389bafbedee6d72cc72156e27de4e7c6161edcfc4fdfd02360ba510e22ed7962bd5e6dc32ac4bd491d1bb1ffd75eede2388bfdd156a5de6aefbb61e09e6eda8d3265205aacdbc6e17d63c8cfb57039b854c08792cd74e2ad8c5637d0ccbb219e507f6fefc1f7506d3968d73f63c8872078b3b5d8856066e3307668d0fdc491e6c163221c45daecdb26c4a31c6bde80691b189d5277e935652e3e76c8c889804c4f2c158f5cb18fc2408087712c6fdab81cd4223843c966bc7a6e56df955cd3f895496bfff58e5f1bfbb5751fafc7dc7581669edb242adc59a93c9959c42e81a6fc7963a229ad048b68fd00821ee726d8661d2043ae9c5989c5df3d43f2564efd8f0e7a68c42635226fae760fdb0523c6f0cb76b75248430502110421ecbb57586386372b65003902bd5a5874f963c70e2f6d73f89549a57f310d68760fdb07add2e5acf667043a8b9c74208802e044288bb5c9b417841cf4362eece9aa7fe69fda57c6a4935ee219e1acc19c3b648a4768ee0fdc2ed68e0827de92d8fe5da3285ca9c87f76602913a425ff9b367476f5e31e797635f8b3963ac2eccfa5f854306675bc09a0959b81d0d5cb0871077b936c33049051501eedcf58365597ee78ae2eed8589e9de0d14b806c8b7358cb65d4117ad84211b8a0be1de5b15c9b6559413646082e322611abfdd2ec38a19108d869642cde5f0adc55508790c772edd8d43cdc6f6be250e9a2b05ea9adcc4d8b7fc6c3d2cc18567b08a1208237843c966b33988b454586759814e7f32d4c055483838785c961acf6421d8fb5cd056f08792cd7d646c7c6a408f6664270b8f38675b497d048eecaed585bb6e07d1185995010c11b421ed5b5537754fb5965465d545c12567b9143681dede3388c15114a8dee5e6b890096200d218fe5da32852a09ffcd81988c499988cbdcd62d5ba6043c94664b96916eacf6c6a4ad376a0214411a421ed5b593f2f9ec9910935ca5c1bc7fe3a67a5b090d6603afc73d33d881754930dff98796600c218fe5da0cc306f32399db7017d34df4dc2034920d66073b71dfc70ab830709b0bc610f258ae1d9b961b9c6f263688c1fcc15db14e89f3c270bceb3a567b6d742c7c21144ad08590c7726d46b83d13a44527a6e196b1192279fcdbba15eb14ee43a0b8b43c4283d986822e843c966b6bf531a1f2fd442295c56396759bee6f5f5b9a23349e753c1e4427e6ee243192ed29b842c863b936c330f695c5eecb67dd0e9ac591d025622e2ee7385fefb5738406c330cccadcf4545f1bd625dae858784d2fa0e00a218fe5da0cc3f8bc9ea196ba8b6fbf3cd0f4bdf84bbd7019cc19b8dfa6a67adbe62706098da7abee73dca32fcc300d0a2a8842c863b9f69d3c2e47efb57375efbe32dd7f4bc051098e65d9c49c52dcab3a2e9ef17adc820f66a2bb796e7c00f32216ee4585154421e4b15c7b33fbf2c28dafdf6dfaec2dfbb2bf135ae84a2dd98b5b3077757ea6e3e2196187615bb0f0f84c534601eede48e05f108570f4d655a13eca3ada7be9f4ab236d97715f758843a5d3f3980c27baae0772a7b081dbb1d672f61dafdb857b6146f901a1c600d60551084b0f9f8c4e4813ead3bc6e5767dde74d9ffd1bc542ba7e6494d7f258e6da59f7c568fbb5c07b773bed8d67de5c9d9fc1bdd060ce08f0d471b059108550ab8fd9fdd87379350f09b859db3ada5bfffe6b7363fd427da05074069329a300ff3aaee387337d0ddf0672a8bd6dd1daf0f1ebcb96491ed7a2941b07b88228840cc3b02c9bbe737fcd932f0af8ebd665b7357df6168fad89a4f1fd75c3f5375e68fcf44d5e2f0fb989aee62b1ffe71656e1aff5a26363537262587c785c03ff6c8f32fd31ec35d709c6fe8c6a5be6be7057ce5905cb4bbf0c071960da2df3bbdd7ce0f347dc7ef5a56224d2eaccc28db8ff29884e37cd691dede6be7f84d800cc348a4b27d277f1b126b03434e908670ddeafceccd0b1f2ecd08b678d29451507af864f0d426f27adc97de7bd5be3c1fc887e8e353e3338ba24c4991b1891bd6c4d957169767c7e72787a6fada02fc6e9c5579287bf74f02f904702f411d42866138ce37d8fc637fe3b73eaf30c7b8c7a6e5951d3d25c13c449e9cb9b1bea6cfdec2da4deb8754ae902bd512a9cce372785c0ea1fed1740653f589df04cf2faf301344f76677c5b292cc5df7559f78213e6b8720db052dc3ddade74e0bf5431f3863727656e521a13ecdeb76395697d696e65c769b5009942994650f9d82049213ec33e19d7c5ecfec70d778e775eb486f208f071986492badc9df774ca881058cbbfef9bf5b4670b7508a64e7d15fc46716d31e45380bf699f04e12a92c3eb378d7b1676a4ffdf7d492ea407e370fb7d6e3eea023892d79e0046e75607164ee3a0809242d9442789b3ad250b0ff91da532f99f377f1aeecd479f10c6e353772e42acdee477f1d6c394cdfb93f67cf83b44711fe423284eb54baa81d879ed8fde8b3fc8e43f07adc6de73f089e2f874a4d4450e5307de73edc93a7003f211cc275067346f58917e2d2f3795cbb343b3e7af38ae043e24da989d8fde87306733add61b0ac2467cfe1bc9a87e90e63fb08f910320c2357aacb1efa6572d16e1ed7f65e3bef76da051f126f4a8daef2f8b3e9657c56960a42a1d6551cff152c4f1353388490611896658bee7b34b9b012f7428fcb31d4125c2bda588924affa68f9c3a794da4891bb8e49c9a979f205ac138841e0c2eae54fe17d3fb32d5a7137a18fdeba9a5971502a93131a153f71e905b5495903cd17876fd491d8cebb81561f93b7efe1b8343e77f52040613213ae635949e9e1a7e44a35d6556ea77d52acf29e58a472454ed503fb7ef1bb94a22a72758db5fa9882da9fee3bf95b48202da1f4b21ed1587b43fb0f9f605d6230a7ef7ef43942e31184c7e59cec69196d6f58b14e09f281ac441a979e9f5a5c654cce0ae6033cb683b0ba1d5d97545031d8f223d64e9f85c91197dd86757ea0c8640a654af19e94e23df6e579eb689f75b46f6ebc9fc723a5f5f2903129390673a64ca1243154802b0c43c84a2469a5359d3f7e867e09c7f9e6c60712b277901b9550d49186e4a2ddc945bb198673ac2edb162cb6458b6dc1eab4af7add4eafdbe5713b7d5eaf54a690c9155285522657aa22f45a7d8c2e3a561b1d8b5b7a1888200c43c8308c39afacbbfe4bac15cc8bd3232111c23bb02a5d944a17654c86d391425b583d98b94da650191233b02ee1bddb15800085670819863160beec0ae6128920bc856d08a34c78c7e23a6ce21dc709c09dc236849a48bc6a289ccf17fc25f441580adb10f2383d4f848529006c16b6219448a5b885646472786f062808db10320c8375de8354266725e1fcaf018256d8fed8713e1fd6410b3225bcc50674846d083d2e07567b584a026809db10e25689d7c0715f8092b00d21ee0a189dc144682400f817b6215c981ec56aaf33c4111a0900fe856708399f7776a813eb129809012de11942cb48afdbb186de5e2a9347c626921b0f007e846708079b2f62b5372665c1590b8096300ca165a467616a18eb127e654b011044b885d0e372745c3c837b556c5a2e81b1008024dc42d871f10cee999b0673864aa727331c00b6165621ecbd768e47f1c2b4d27d24060300a2f009e1c0f5ef079abec7bd4a1365802f8480ae707824e8f37ada7ff864a2ab99c7b56925352c0b5537014d211fc295b9e95b17fe73697682c7b5dae8d8e4a22ac187040096100ea1d7edea6ffa6ee8461de7e379747661ed4f7137fe0220b8900ca1d7e31ebd756db0f9a2cbbecafb43e2b3761893b3051c1500fc8458089db6e5d1f686b1f66bce35fef1631846a98d28a87d44a851011088d008a1d7e3b60c774df6b6cd0e75f2bef9bc4d2295961d7d5aa98910646c000428a843685bb4ce8df559c7faada3bd58b52afc2bd8ff537d7caa509f0640808228841e97d3be3c6f5bb2ae58a79766c79767279c6b2b82f792565ac3ef606d0008a11042fbcae2c0f5ef39afd7e7f5783d6e97c3e6b2db5c761bd6e6237ed277eecbab7998742f0060a11042977d75acbd41fc7e33ca0fe4ee3d227ebf00f81744b7a3e4b0ac2477ef91f4b2fdb40702c05d847f08951a5de9e1930633de4969008826cc43189d90b6f3c849a53692f64000b8a7b00da154aec8defd93b4d21a960d9f9d22202c8567086353730beffb993a229af64000d85ab885501b1d9b53f5607c5631ed8100802a7c42a88ed067551e32e797c3fd27082de110429dc1945ab23729bf02f625815014c2216459495c4641ea8ebdc6a44cda630180bfd00b21cbb2fa84d4f8ace284ac1df0ee0184819009a15ca98e4e4c8f4dcd316516c12e24104e823784ac44aad5c74418e3a313520de68c88987886818a4c200cd10d212b914aa532b94ca9566923949a48a556a7d4466aa262228c26ad3e06ebd0790042147be4f99745ee92e37c5eb74b2295c1192c00305466429695c001f100dc06efb501a00c42080065104200288310024019841000ca20840050062104803208210094410801a00c42080065104200288310024019841000ca20840050062104803208210094410801a00c42080065104200288310024019841000ca20840050062104803208210094410801a00c42080065104200288310024019841000ca20840050062104803208210094410801a00c420800651042002883100240d9ff03ca469a8607da21080000000049454e44ae426082');

INSERT INTO store_users(user_id) VALUES('b32494ab-9ff5-4433-85c2-988a1dcd5b04');
INSERT INTO participants(id, tpe, did, name, logo)
  VALUES('b32494ab-9ff5-4433-85c2-988a1dcd5b04', 'verifier', NULL, 'ბერაძე-თედორაძე', E'\\x89504e470d0a1a0a0000000d494844520000012c0000012c0802000000f61f1922000013e349444154789cedddf9731be77dc7f16717376f90e07d81a24891922553b264599625c576ec58f25d2769eb389e64c6936626757fe95fe1df3aedb49e36339eb4c92471a234b122abf5a5da922deb9668ea222952bc09920008102008e2ec0ff2a8aa284bfb05f6e177b1fcbc7e7e96f872866f2eae7d56d9ffe65b0200f8a8dc0300ac758810801922046086080198214200668810801922046086080198214200668810801922046086080198214200668810801922046086080198214200668810801922046086080198214200668810801922046086080198214200668810801922046086080198214200668810801922046086080198214200668810801922046086080198214200668810801922046086080198214200668810801922046086080198214200668810801922046066e51ee03e02e38321df98f6f5e5b5cd9e964e79f300e8cee81106a746ae9ffe58fbfa86ce1e440885c5e84f47ad7627697d747e56d2240092183d429b8316e1c2dc7462292a691800198c1ea1abac927844d677fd92945100e4307a84659e7aea21637d5fca98044012a347687316394bca498744023efff8a0a479007467f40885101575add443064efcb78c4900642880086bdb37510f09cf4ef8ae7f25631800dd15408435de2ed562a11e75f5f8e1743221631e007d15408456bbd3d3b2817a543c1a1e38f9818c7900f45500110a21dab6eec9e1a8d1de13a4afbc01b0288c082b1bd755d4b5508fca6633bd1ffe164f4ac1e00a23422144fbf62772382a160e5c397648f7610074543011d6b47557b7925f190a2126ae9c991eb8a8f73800ba29980885101bf7bda45a72b9eca3efe81fa2c119dde701d045214558545ed9f1c8d3391c984e262efcd7aff0e2108ca990221442acdbb6b7a6ad3b8703a3c1d9de8fde1522abfb4800792ab0088550b63cf59745e555391c39337469e0e487ba0f0490a7828b50d81cae6dcfbe6e73b8723876e8ccd1e9815edd4702c847e145288428adaadbf1e21bd48bee6feafbe4f70b7353ba8f0490b3828c5008515edbb4fdf91f5bac36ea81e954f2fc915f26e331195301e4a050231442b81bbc3b5e7ac3e62ca21eb8b410bcf8c16fb259bc49038650c0110a21dcf5de5ddffb590eefd3f8c70686ce1e95311200556147288428aef0ecfadecfdcf5e40b7f87ce1c5d0cf9658c044052f0110a21ecaee2875ffe4943670fe9a84c3a75f9d33f49190880c20c110a21548bf5c1effcb5b78776c553607c105f2b05762689f0a6ee3dcfaddbb68f74c8c0c90ff10e0df032558442880dbb0f346ddca17d7d2c1c9819c63ea5c0c96c110a211e78fc65778357fbfa1be78f499b05e0fe4c18a1a25ab63ef39af6cf0f43be31ec82018c4c18a110c2515cba69df8bdad7fb86fae40d03706fe68c500851dfd953d9b84ee3e2d9e12b528701b807d3462884e87aec398d2b1743fec5f939a9c3007c133347585ed3e869eed0b8d83f36207518806f62e60885102d9b1fd1b83212f0499d04e09b983cc29ab66e8d6f93622728e062f20815d5a2f116f6910022041e268f500851d5d4ae65592a114f2e2fc91e066025f3475851dbac7125f6440416e68fb0a8c2a37125220416e68fd062b5d95dc55a56a653881018983f422184c6fd11714d13b05813115a6c762dcbecf43da300f2b72622cc66325a96e5b0711b40fed644845a5eec29aa25b7dd8401f2b426225c8e45efbbc65154ba0a9300ac64fe085389b896cf1e4a3d75ab300cc04ae68f301a9cd5b2acccd3207b1280bb327f841a2f8f28abae973d09c05d993f428dfbc794e24c084c10a11042d89c45c515b9dc7814207f268f30b114d572a1a0bbde2b84227f1c80bb3079848189212dcb48fb9402e80b110af1f599108087c9230c4e0edf778d6ab196d734aec230007765e6089717235a36322caf6d522dd6559807e0aecc1ce1ec0d4d5bfa96d734c99e04e01e4c7606c8867ce3f3d323f3d3a3f3532389a5fb7f65540831da7b6239165dbfe38992ca5ad9f301ac648e08b3f353a3d3d7bff25def5b5e5c201f9ccd4c0f5c9c1ee8ad6ddfb4e1d1fdc59ab7c300d0456147984ac4c72e9d1aedfd221e0de7fdc3b2334397e646ae7a7bf6acdff1a4c6eb8001f257a811c6a3e1918bc7c72f9f4e259675fcb199747af8dca753fd17363ff95d8d1b9602e4a9f022cca453372e1c1f3a7b54dee668f168f8cc7befb46ddbbb61d77714d522e951006e2ab008e746fbaf7cf65e2c1c90ff50d91be73f0b4e0e6d3bf0bab3a45cfec3c1da55301f5164d2e9abc7fe7cf6d03bab52e0d7c233135ffefe9f71af1890aa30225c5a983ff987b7477a3f5ffd878e47c3270fbeadf1eb6f0039288008c333e35fbcfb8fe19971ae015289f8d943efa04390c4e8110627874fffe9e7c9788c778c4c3a75eef02f345e1f0c4062e808e746fbcf1e7a47df0f2172964e26ce1e7a47e38e3500da1937c2f0ccc48523bf4ca792dc83fc9fe4f2d2f9f7ff3d9588730f02a662d08f28e2d1d0b9c3bfc8a740abdde969eea86c6c2baeac29aea8ce66328bf3b39180cf3f36109cbaa1714fee951643feaf3efaddb6677f882bf1412fcafe37dfe29ee14ee964e2cb83ff12f14fe776b8a7b9c3bb758fa7b94351ef7e9e4f25e293d72edcb8706c692198db4374ed3ed0b66d5f6ec702dcc18867c22bc70ee556a0bbc1bb69df4ba59efb6c5e68b53b5bb7ec6ad9bc73f2eab96b9fbf9fc30d7a074e7e58d3b6b1d85d9dc390007730dc6bc2b9916b1357ce508fb2586d0f3cf1ca23affcf4be05dea2286ad3c61d7b7ef0f7d5de2eeac365d2a9be4f0ee2566aa00b6345988cc7fa8e1ea41ee5282edbf9ca4f9b373d9cc3eb344771e943cffda8f5c1ddd403e7a747c6fabea41e05b092b122bcf6f9fbcb8b11d221ae32f7a3dfffdb7cae8e571465e3de17d63ffc6dea8183a73ecae1a92cc01d0c146124e09bbc768e7488dd55b2e3c53774f98275c7cea79a373d4c3a24198f0d9ffb34ff878635ce4011f67f7184f42a4b512ddb9fff918e17c26ffad6cb958deb48878c5cfc5c8feb89614d334a848189a1b9d17ed2219d8f3c5d5edbace30c8aaa6e79eafb56bb43fb2199740a2743c8935122bc7efa63d27a77439b8c4fea5ca5eeee3dcf930e99b87a16af0c211f868830e29fd6b24bef2d37df4a511429df5969dab8bdac9a7087a674323171f9b48c49608d30448423bd5f90d637763d44ea8448d9f0e87ed20123bd27b2d91cbf0707c01f61626971aaff82f6f58aaa763cf294bc7984109e964e77439bf6f5f168c83f36286f1e3037fe08a7fa2f64d229edebebd76f719654481be76b5ee2c7f753d7ce4b9a044c8f3fc2e9c15ed27a6fcf1e4993dcae76dd26d2c78f33c397e5edfe06e6c61ce1522414f211f6ad28af692aaf5d8d5b4728aadab47187f6f5e9547266f8b2bc79c0c49823f40d7e2504e103fa860d3dd266b9537dc716d2fa99614df79f01b8037784437d94e54add7a5a18f928a9ac25dd2226303e98f3b5c2b0967146984ac4c33313dad7bb1b5a57791fdebaf59bb52f4e2e2f612728c8016784c1c961d2c76bd5ab7e73084f7307693df59b7700823742ea4e9e55c424f25751d74cba3d5370127b930259c14468b53b57e77dd1db29aac55defd5be3e3c3b9949a7a58d03e6c416612a118ff809f77870d7b72a0ac3b4950d5eed8b33e954c43f256d163027b60817e6a6481f4e9431dd59beacba91b47ede372a6912302bb608a9fba9e5b381453ea81192deef0510dc674282f21a5a0c7a7114973a8a4ab5af8f0667e40d03a6c41721e54c6873b818efd4595255a77df1e2fc1cb64204129e08b3d92ce98c51545e256f180d8f5ea97d713a958c47e6e50d03e6c313e1f2e202e9f2a522fd7673ca417139edd171e72620e18970698176aed0714bb51c90ce844288c5b05fd224604a4c11129fb01595d132d017f5c93036410492c238133a8a09ef4feace5e54425a8f0881a430ce84a40f097467779590beac83088184eb8d19da0d2778cf848aa2d85d45dad7234220e18930b91cd3be5851559bb358de305ad829a7e2442c2a6f12301f9e081371428456bb53d23ebfdad91c2eed8bd3a924e9031858e398ce8471c2bef156bb53de249a6720dca04208915c8e4b9a04cc87ebe92829425a003250ff11a470770ad08c21c2743291cd10ae7c35448436ea99101182561c11a6689be41ae1e9a885f88f209d5c963409980f4384d40d20548b55d224f266c860ef43d08c2142d273512104cbae16775055da0cd4df11d6b20238132ac40064a0fe23c82042d08c2342e21f28f52c2403f51f41167bae81662c4f4769af9714d52269127933e04c08daf19f64eecf10bb45d06630c2eb5828140c7f2be4a77606b81375219ebda150304458886ff75323542d8810b4e28890789630c2dbfdf4379310216855084f478d7026243e2556702604cd0ae1e9a8012e0ba2ce80332168c71221ed0fd4089705a512b4ef82e2352168c710a1c5e6108270916e2a618408693358ed848b80618de3784da8283607e1c208ea594806ea0c36272204ad783e53b63909fb2619e14c48bd34c9e620fc82b0c67145483851a41271f6dbdf269616b52fb6586d784d08da3145483c512cc7685b24ea8eb44723e93c0f50004f478510cb8b0b9226d122934e91b6ab206dcd06c013a193b8992f6f84d4f3b0a3b84cd224604a3c11ba883778e1ddd39afa2fc055e696340998125784b43fd3c510e7cdc6a88fee2a458440c01321f556678bf3739226d122160a90d617e14c08144c6742e2b982f94c18a645e8c49910287822b4d8ec7617e11e2f4b91503a49dbad5447b110ed3c8c332190b0edc25052594b599e5d989b9435cabd1f38938e0466b4afb7395c78771448d8222cab6e20ad0fcd8c4b9ae4de228119d2754ca59e7a79c38029154c84e199094993dc1bf50c8c08818a31c246d2faf9e9113983dc47c837465a4ffde702c0f89ab08674897d3c1a8e0609afcdf4e21f1f24ad2fc3991088d8225414957a329c1bed9734cc378985034b0bf3dad7ab166b49659dbc79c09438f7a8ad6a5e4f5a3f373a2069926f423d0dba1bbcb88809a83823f410230c4e0cadf2354dbeeb7da4f5554db4df0840f046e8ae6fb5d8ecdad767b399a9fe8bd2c6b9d3722c1a9c18261d52d5d42e69183031ce0815d552d9b88e74c8e4b573928659c937d84bda6ed46a7796d736c99b07cc8af9be25d5ad1b48eb23fee9e024edec94abecd8a593a403aa9ad7e33e309003e63f9afa8e2dd40db987cefe8fa4616e3737d21f0dce920e69e87c50d230606ecc11da5d259ee60ed221feb18155f8f6ccf0f9cf48eb2d367bb5b75bd230606efc4f9f1a366ca51e72e5d87bd41b0692cc8e5ca53ee9ad5db7c962b5499a07cc8d3fc2daf60748ef910a2142beb1f1cb6724cd93cda4af1d3f4c3daaa1b347c22cb026f04768b1da9aba1fa21ed5ffc591583828639ec1531f93f7b328737b5a3b650c036b017f844288b6adfba86fcf249797ce1ff98f742aa9ef2481f1c1e173e4377eda7af6e07d51c89921fe745c65eefa0ef25b8b11ff74ef07bfd1f116a28bf373173ff86d364b7bb56973b89a36eed06b0658830c11a11062dd43df22ddaae9a699e1cbe78ffc4a974df263e1c0a93ffe5b62294a3db065f32eea6b5a80db1925c2d2aabaface2d391c387be3caa9fffcd7a508e15a87958293c3270fbe9dc316c33687cbdbf3583e0f0d6094088510dd8f3d67b53b723830e41bfdfcd7ff3071e50cf599a41022934e5d3ff3c9e93ffe3cb7af8677ec7c8ab46315c04ab43b574be5282eebd8f9f4d5e37fcee1d85422def7c9c11b178eaddff1eddaf64d5a2e174ea792bec1dec1531f2d4542393ca210a2b4aaae65f3aedc8e05b8c540110a215a1f7c74e2ead9887f3ab7c3a3c1d98b1ffcda6a77d6aedb58d9d45e5edd585259a3dc76fbf86c361b0bf9c3b31381f1ebbea14b79def9b07bef0bd43775015652f6bff916f70cff4f34387be277ffa4df2ea38ad5eeb0399c8aaa2697e3a9e538e9c2887bf0f63cd6bde7795d7e14ac7186fb475e5259b3f9c9efeaf7f3b2a9447c29128a8583c9784caf022bea5aba761fd0e54701182e4221447dc783467ecbd1e670f53cf3eaedcf7201f261c40885105dbb9fad6d7f807b8abbb0586d5b0ffc10f75d021d1934424555b73ef3aad13a542dd66dcfbe8e3d2c405f068d5008a1a896adcffca0ae7d33f7205f5354cbd603af795af0456dd0997123144228aadab3ffd5f6ed8fe7f08d367d398a4a77befc931a5cb60b1218eb73c2951445eddcf58cbbdedbfbd1bbc9788c6506777debd6fdafe15e4b2089a1cf84b7547bbb76ffd5df557bbb56f971558ba57dfbe33bffe26f5020c863f433e12dae52f7f6e77fec1f1fbc76fc7024e05b8547acf6766ddcfb425179d52a3c16ac6586fbc6cc7d65b399a96be747bf3a119e9574db50c5d3bcbe6ddb5ebc0703aba360ce84b7288adad8bdbdb17b7b786662ecd2c9e9c15ebdbee36673b81abab6b56e79b4b8c2a3cb0f04d0a2f0ce8477c866d221df987f6cd03f3e189e9dc866685f4c5314b5bcb6c9d3d2e969e9aca86bc62e15b0fa0a3ec2db6533e95838189d9f5b0ccdc5c281d4f2522a99482797d3c944369bb558ed56bbc362b35bedcea2b2ca627775b1bbbab8a21af751025e85f774f41e14d572332dee410008f0ec0b80192204608608019821420066881080192204608608019821420066881080192204608608019821420066881080192204608608019821420066881080192204608608019821420066881080192204608608019821420066881080192204608608019821420066881080192204608608019821420066881080192204608608019821420066881080192204608608019821420066881080192204608608019821420066881080192204608608019821420066881080192204608608019821420066881080192204608608019821420066881080192204608608019821420066881080192204608608019821420066881080192204608608019821420066881080192204608608019821420066881080192204608608019821420066881080192204608608019821420066ff0b8a38cc16b29b05fd0000000049454e44ae426082');

INSERT INTO store_users(user_id) VALUES('dc9f6e7b-299f-40b5-9a26-06eca872194e');
INSERT INTO participants(id, tpe, did, name, logo)
  VALUES('dc9f6e7b-299f-40b5-9a26-06eca872194e', 'verifier', NULL, 'ტყებუჩავა Inc', E'\\x89504e470d0a1a0a0000000d494844520000012c0000012c0802000000f61f19220000182c49444154789ceddd57741cd77907f03b5bb1bb00166dd1418028045804f62aaa8b6aa622593a921c3b4ee213fb4427961ef396a7bcf925c9495e12fb2827761c5bf28944c9563951a31ac502929040002c00017089de167d17db260f48188605b8df6266bf29ffdf2375077301ed7fbf3b3377ee559e7cf5670200f838b83b00607708210033841080194208c00c2104608610023043080198218400cc1042006608210033841080194208c00c2104608610023043080198218400cc1042006608210033841080194208c00c2104608610023043080198218400cc1042006608210033841080194208c00c2104608610023043080198218400cc1042006608210033841080194208c00c2104608610023043080198218400cc1042006608210033841080194208c00c2104608610023043080198218400cc1042006608210033841080194208c00c2104608610023043080198218400cc1042006608210033841080194208c00c2104608610023043080198218400cc1042006608210033841080194208c00c210460e6e2ee0064d568ef85f60f7e4d3daae5deef6cdc75bf1efd01814a08c00e2104608610023043080198218400cc1042006608210033841080991d1fd65ffcf2ddc1ee36c9c64e97fbe1bff81b5dfb033667c7103a5dee643c26d9d8e5f1eada19003b0e47dd397ef9c61e5f40bf9e00087b86d043092129b10019b06308dd3e4a25cc4125047dd93184a44ae8a124162003760ca19b52dc488d013260cb107a7df28d4965132003b60c618e5f0845b231ee8e82deec18424551dcde1cc9c6b83b0a7ab3630805255aa884a0379b86503e5ab831037ab36908099510c351d0994d4328192d87d3e5747bf4ee0cd89c4d432859097141085960d3104a5642dc1a852cb069085109c13810c2d5e0ae0c64814d43283d1c452504ddd9348492e9c27014b2c0b621c470148cc2a621941d8ea21282fe6c1a42a7dbe370aebdc8152a2164814d4328e446a4b831035960df10ca5439ac6d015960df10ca5442acf2045960c7c57fd3a96464e45a22b6b47a3387d3e974bbb3d325b033bb84504da76646c3538357a706afce8c86d3a9e49a87a453a98f7ff1b745951b8baaeb8bab1af24acae517c5009067fd104646ae0d5f3e3fd2d3b166e9bb5d22b634d6d735d6d7258470e7f84b6a1a2b9b77866a9b158753879e824d593684d1b9c8e0c5b3c397db9766a734f98189d8d2484fc7484f873bc75fd1b4bdaa65674179ad263f196cce82215c8c4c5c3d7b7cf84abb9a4eebf1f313b1a5f08593e10b270385a1863d0f5536ef5414fbdedf82f5b35408e7a746af9efd74b4a74355d52c9c6e3132d1f1d1ef7acf7cd2b0e7a1aa965d18a342662c12c2446ce9e257ef0d5d3c274436e277b3a5d9a90b9ffc67ef998f9b0e3c5ed5b22bcb67070bb04208872fb75ffcf20ff1e822631fa2f3331d1fbd317ce9fcd6879ef3078b187b02a663ee102ecd4e771d7f6bf27a0f7747fec7e4f59eaf7ef3774dfb8fd4edbc0f178a20c9c4211cefeffef6c337e4f7dccd8e543271e9c4fb23bd1dbb9efa614e6e017777c0044cfa6dadf69ef9f8dcbbbfca388139b9c135078d0ea7ab74e3e6cc7efeecd8e089d7ff29323c90d9e1602be60b6132be7cfebd5ff59cfe28b37b306eafaff9dea7eeffe15f070a4bd76aabee3efae7079e7fb9a07c4306278a47174e1ffbf9f5ced3191c0bb662b2e1683cba78e6d8cfe7a74633385651940dad879af61f59d91a2d9d4cacde3e9d4aa9aa5a58b9f1e00b3f1de9e9e8fefc9d7874817446359dea3cfed6fcf4d896fb9fc69437b81b3385703d09f4078b5b1f7da1b072e38d7f919b3e9a74badc42888aa6d6e2ea86aecfde1eededa09efadab727d4546aeb43dfa51e0836619a10ae2781b5ad879aef7d6a254e37a49212214c266e1ce5f105763ef983919e7b3a3f7d937a2d1aee3ca5381c5b1e78867414d884394298882d9d79fb171924d0e1746d7bf8b9aa96ddb7ff27c94a78cbbf5434b5e615979f7bf7dfa85352af757cad381c9bef7b9a7414d881096ecca8e9d4b9f77e393f39423dd01bc83ff0fccb774ca010229d5ae39a500891bad375636e51e9a1175f29ae6ea0f667e09baf7adb3ea11e0596678210767ff1fb0ceef5070a4a0ebdf84ab0ace66e0da486a377a996ee1cffde677e5cb1693bb5573da73e9a18b8443d0aaccde8211cec6e0b5f38453d2a5050b2ffb9bfccc90daed24666387ac74ab8427138b63ff6bd8a4d3b885d53bffdf075addeae026b30740867c7ae777df636f5a8406168ff732f7b03f9ab375bf311851022bd6ab55414c7f6c75ea2e630b11c3dfffebfaf126fb01be38630195f6effe0d732f5ea665e7fdebe677fe20de4add9329d4aadd926b5d675e34a0e4b6a9a64fb278410627e72a4ebf831d2216061c60de195931f44e7674887389caedd47ff6cf551e80a359d52d5b55ff95dbd12ae5014c78e277f10282891eae2ff1aba746ee2da65d2216055060d6164e45a069782ad8fbeb0ca9d989bc9dc9511ab5e13deccedf5ed7efa472b1371e4757d762c9588930e014b326208d3a954e7a76f52df8edfb8f33ef9cb33c951aecc638c15818292ed8f7d4fb2f18ae85ca4e7f487a443c0928c18c2ab673f5d981e231d92575cbee9e013f2ed25d325331cbd2154d752b36dbf7c7b21c4c0372766c707498780f5182e84cb8b737de73e231de2703a5b8fbc24b3c1cb0db2c351e94ab862f3e1a3fe60b17c7b554d777ffe0ee914603d860b616fdb27d43ba28dfb8ee4872a4987c80e4729955008e1747b5a8fbca4288417266646c3787c6f73c60a61743e32d8dd463a245018aadf753ff54492e9cae0695e61456dd5e63da44370656873c60a61efe98f651edfdd6cf3e1a319ac35287b4d48acc92b361d7cc2e5f1cab79f1d1f1aefefcee044600d060ae1e2cce4d0a5f3a44342b5cda1ba960cce95924b5766f35abcfedc863d0f930ec978a100b0000385b0bffd0b9907e837288ad272f86866e7921c8e6656098510753b0efbf20be5dbcf4d0c8ff7e3cad0a68c12c2643c367cb99d744879636b6ed19aebc4dc99f4238a0c67783a9caefa5d0f920e095f3899d9b9c0ec8c12c2a14bedd4e923f5bb1fccf874d2336632ac844288ea2d7bbcfeb5a7b0de3019be129d8f647c3a302fa384f07a276d925aa8b699fa58e266d28f28327fd7c1e174d5edbc4fbebdaaaad7bbce647c3a302f43843032dc4f5dbaa27ef743eb39a364ba24efdfdccd866d0748134a07bbdb74da490a8ccc10210c1317e7cc2d2a2baadab876bbbbcb42251442b83cdecae61df2ed9717e7f1acc286f843984e2557b6c29557b375ef3a4f2a59e2e42770df4df5967da4f6d487346001fc219c0cf7906ec9389ccecae6f5ee40263d63665dc35121447ea8323f5425df7e327c052fdddb0d7f0847af7692da97d56ff5f802eb3ca9f48c190df240aadba96462327c65fd270513610ea19a4e53af822ab5d88853db977a5757b16987e220fc9da98373303be6104e0ff525624bf2ed9d6e0f7541973bd2e92d8a3b727b7d4555f5f2edc7fb2fe21ea9ad308770ac8f36160dd53693de1bbc1bc9db9e194f5bbb4559fd56f9c689d8d2f470bf26e70553600ee1e4f55e527bd2a77915d213b8350c21e125c3896b98476a239c218c4717162313f2ed158733b377266e275de2544d8a614e6e305846b8473a3d844a68239c21a47ed40aca6ba82b9add8dfc5378ad1e18946c68966f3c37318485d8ec8337847da4f64555e43d58ee46bebe697559584cb937a3a6d333a3614dce0bc6c71a42e2ed07d2e77875f2177beb9cb976434145adc349580100f766ec832d8489e5e80265d2b6c3e92ca8a8d5eaecf24fe1b5ba37e374b92517265e1141086d832d8433a361d2f2bec1b29a5bb6da5d0f4225d462d2cc0ad2d3c299d1b09aa62db70326c51642eaa69f85e59a9541c151098510851575f28d53c9c402e5d63198175f08892f1092a641af497e2a8c56d7844208ea5bc80b53b465c8c1a44c14c2ccdfa3bf5df6ef8e0a21bcfe3cd28217d43f1198144f08d5747a31322edfdee9f6f8897b8fad4e3e5adabe58945f4aa8e708a14df08470716682b4c86f7e4925696df9d5a55329f97b421a564241ace70bd308a12df084707e92f6f1ca2ba9d0f0eca41b9e1a57c2124208976623983763073c21a4ee7c46dd077775a4e2a6e18d1941fe4554ea1f0acc882784d40536b50d21e9a983b6c351d2c6694288a5d9290dcf0ec6c415c219527bea677775a45c693b1c75ba3da41ba4d43f149891092aa1a2387cf9451a9e9d34c2d4b6120a2148b779630b33da9e1d0c882184aaaac616e6e4dbe7e41590a63eaf89b1120a210294aa8e4a68070c215c5e9c23cd8af453b6379241bb26d46edada0a5f9050d511423b600821758845ba8892417b44a1dd04ee15a45f278610da004308a9dfeede80e621e4ac84a45f27b11cc5a342cb6308617c6981d45ef34a481a8e6a7e4d48fd75620bb3da76008c86218489e528a9bd3790af6d0748c351cdef8e5243985826accb0a66648610fa73b5ed006984a94f2524cc834dc4687f2e301d1384d0e3d33a84a46b42ad6fcc280e873b87b0665c221ed3b60360341c21a4ac7b2f84707972b4ed0069eb4fcd6fcc08215c1eaf7c635442cb334125247d64659066cce8b15119e96b25896b42ab63a984d4106a5c0989c351ee4a48fcce02d3610861927291e374b949fb8ac9e07d4421885f2b89655c135a1c4308494f9f351f8b0aee4714029510fe3f0db619a34a53268e3addda87d01bc80fcaaff5a268ff3d45aa842a651d103023861092666f6bb21be12d1af73ed2b8f711cd7fac3cd22f45face023362188ea653846d6835bf20340285525db10eb7e565fb23aea6d3421056bf77583184a45f0a95d0f2b2fd11a77ea4148796aff31a04e99722ad0d096694fd4a480da1052b21e997c270d4f2b25e0989dfeba4cb27b3200d47d534e1121acc28fb1f71c205a11042c385b70d84f2cd826b42cbcb7608a9d778aa6ac13a801126dc2cdb21a43ef7b3e4608c54dcf478520a8662f4105a723046ba3046082d2febc3514521de1bb4602524cd4443082d8fe1de23e95365c910d266cf22845667f4105a7238ca3e7b160cc5e821b4e48d44dc98819b3184d0e5f6c837b6e42bad49ca2fe570218416c710428f2f20df98f479350bd252a2ee1cbf7e3d0123600921610943554d27e3cbfa75860569951dafd62b3e82d1708490b8986f326eb5f51d482b5650ff5c603a46af84c28a0b6f92565ed57c0172301a8610523f5516bb37934ea5482bb869be0039188d292ae1a24e3d6141dde00521b43c1354428bed0d169ba7fd3a188e5a1e43087d79b4edafa3c49d7d0d2e3a1f916fecf6fa9c94c7aa60460c21ccc92b20cd02b1d896d1a410060a43faf5040c8221848aa2f883c5f2eda3c4f19bc191760b0f142084d6c7b3820be90b3e66b1e1e81ca91296e8d7133008a61016103e5bcb8b73569ac68de128dcc204955055d5c59949fd3a935dead2ec947c6b0c47ed80ab12d23e5bf353633af524cb9666a7e537a552148534640093e209616e51a91084b50c17a646f5eb4c36cd4f8ec837f6078bf132a11df084d0edf5916e39cc4f5ba412ce53be4d826535faf5048c836d7deb82f25af9c696a98473944a48fa138179b185b0b07c837ce3a5d9293db6adce3ed270b480f22702f362ac84844f98aaaab36383fa75263b12cbd1a5d969c9c64e973bbfa442d7fe8041b08530b7b88c342b3232dcaf5f67b22332dc2fbf15477e69952577a482dbb1fd6f561447b0b45abefdb4f9433835d827df186351fbe0fcae2daaaa976f3c337acdec9bc34c0f5d956f4cfae380a9713e860ad536f79ef958b27132be3c3f39921faad2b54bfa492c47e5efca389caee2ea463dba51de78cf93affe4c8f9f0c19e3ac84c1b21ad2f287a4e19cd14486075455f682b0b8bac1e972ebda1f300ece102a8a12aa6d916f3fdedfad5f67f4363e7051be71a86eb37e3d01a361beff16aa238430323c405aa7cc3854353d76b54bbe7d29e5cf0266c71dc2da4df237e255356dd262383dd41f8f2e4836ce2d2af3e5d356000153630ea1cb9353585127df7eac8f504f8c63b4f7827c63d2e8002c80ff71704553ab7ce3c9708fe9e6afa9aa3ad6d729dfbe72d30eddfa02466480106eda21ffc24e2a9918e9f956d7fe686e7af0eaf2e2bc64e3bc928afc50a5aefd01a3e10fa1dbeb2bddb845befdf5ced3fa75460fd73abe966f5cd5b25bbf9e8031f187500851bd99f0c99b190d93decae3159d9f19ef977d38a1288ecae69dbaf6070cc810212ca9dde40de4c9b73751310c5f38293fdbaea47613d6dbb621438450511c95cdbbe4db0f5f6e975fa985513a951cec6e936f4f1a11806518228442889a2d7be5579d492c47c3174eeada1f4d0c76b7c5a3b2bbd978fd79a46b63b00ca3843050182add4898abd577fe738317c35432d17be613f9f6b5dbefc5b24ef66494100a21ea773f28df381e5d3478311c68ff727949f6c984d3edd970cf015dfb038665a0101656d41656d6c9b73772314cc496face7f2edfbe66eb3eb7d7a75f7fc0c80c1442412f86fddf7ca95b5fd6a5b7edd3645c768361c5e1a8db7158d7fe8091192b84a5752db94565f2edfbce1e37e07631f39323d73a4ec8b7af686ca5eed9085662ac100aa134ec7948be752a99e8fee20ffaf52603aa9aee3cfe969a967d36a8284a3de55706eb315a084565f30ed21a1663573b49ef28e8adefdce733a361f9f6559bf7e41597ebd71f303ec385500865f37d474907747df6b6fc7d485dcd4d0cf79ef948bebdd3e56eda7f44bffe8029183084a2a8aabeac7eab7cfb7874a1e3c337e497f4d449321e6bffe0d7e914612bc5ba9df7e5e406f5eb129882114328846839fc1d87d329df7ef27a4fcf69d985dbf4a0aaeab71fbe4eda7bd0e3cbaddff5a06e3d02d3306808fdc1e2dad643a4437acf7c32d2d3a1537fd674f9c4fbf26f4bac68daffa8cbe3d5a93f6022060da110a261ef23c4570ad48e8fde981a242cb0ab95fef62ffbdbbf201d92575251b375bf4efd0173316e08dd5edf96079e211d924e25cfbff7cbc8c8803e3dbab370e7a94b5fbd4b3a4451947b1e7e1e5b4dc00a437f0eca1b5bcb1ab6910e49c697dbde796df27a8f4e5dba45fff9cfbb8e1fa31eb5a1f5103600851b0c1d4221c4d607bfebf1d1de734d25e2677fffaf7abff8aba6d35dc78f5d3af13ef5c0404149f3c127f4e8129894d143e8f5e7b61e7991b4c1bd10424da73b8fbfd5f1f1ef749ae11d9d9f397dec5fc29da7a8072a0ec7f6c7be47da130e2ccfe8211442846a9b339bdf3c74f1dc57bffdfbc9f0154dbba30e76b79df8ed3f4486073238b869df110c44e116e6788bb4e5de27e72606a787c85b142ecd4eb7bdf35a59c3b64d071e234d0dbfa3c8f0c0e5af3fc8f8c64fa8aea5612fa689c2ad14b36c94158f2e9e78fd1f337e6742519450dde6baed878aaa1b158538b855d313039707bef9723dcf3ffcc1e2432fbd8a9706e176a609a110627e72e4d49bff2cff9ede1d79037965f5db4a6a1a0b2b37aebe315b62393a3dd43f19be3cdadb29bf93c41db9bdbe832ffc3450185acf0f01ab3253088510d3437d6defbc964e2535f969de407e6e61282737e8ce09385d6e455152a96422b6145b985d9c9988ce4534398bc3e9daf7ec8f0b2b376af2d3c07acc714d78435155fd8e27bedffec17fa869c23ce9bb595e9c5b5e9c5bffcf5985e270ec78fc8f9140588509ee8edea2ac7eebce27ff8434bd9b8be270ec78fcfbd4f9066037e60ba110a2ac7ecbaea7fed4e04fdb1c4ed7ce277e50de780f7747c0e84c19422144a8ae65ff732f7bfd84c5f3b3c9edf5ed7bf627a88120c3ac211442044bab0ebef84ab0ac9abb23b7ca2d2a3df8c24f49cb37829d99388442085f5ec181e7ff8afae6a1ae2a9a5a0fbdf82a9e46803c93dd1dbd9dc3e9dcf2c033a1dae6cee36fc51666197be2f2e46cb9ffe9aacd7b18fb006664b2e784ab48c663574efe57b8f394fc72831a2a6bd8b6e5fe3fc282319001d357c21b5c9e9c2d0f3cb3e19e83974ebc373170296be7cd0f55b61c3e5a5cdd90b53382c55827842b728b4af73cfda3d9f1c1ab678f8ff775a9aa8e4bb0054bab1bf63e5256bf99faa615c0cdac16c215c1d2ea5d4ffd303a1719ec6e1bbc784edba5f29d6e4f7963eb866dfb0aca6b35fcb1605bd6b926bc3b7566f4fa787ff7f8c0a585a9d18c6ba337905752d35456bfb5a4b6d9e9726bdb45b0333b84f0ff24e3b1c8c8b5b989a185e9f1c5c8446c61361e5dbce39ef22e8fd7ebcff31794e41695e615971756d4f983c5d9ef30d8813587a377e3f2e4846a9b43b5cd37fe4555d5446c29958ca75329359d76389d4e97dbe5c931f89c38b0127b85f0768aa2787c0121567bb1104057e69e3103600108210033841080194208c00c2104608610023043080198218400cc1042006608210033841080194208c00c2104608610023043080198218400cc1042006608210033841080194208c00c2104608610023043080198218400cc1042006608210033841080194208c00c2104608610023043080198218400cc1042006608210033841080194208c0ecbf01ca991a61e2ec5efe0000000049454e44ae426082');

INSERT INTO store_users(user_id) VALUES('5df20ffe-5aa0-4b1e-a857-7a3a0883dee9');
INSERT INTO participants(id, tpe, did, name, logo)
  VALUES('5df20ffe-5aa0-4b1e-a857-7a3a0883dee9', 'verifier', NULL, 'ნადირაძე-ლომთაძე', E'\\x89504e470d0a1a0a0000000d494844520000012c0000012c0802000000f61f19220000103e49444154789ceddde96f1cf779c0f1d97bb9e4f25a92e221f1d041eaa06ec9b2121f556cc14721d43192da68dda27d5114285020ff465f157dd13745510439dc164913374eec3871625b566d4b9648593c2491e27d2ecf2597cbbd77fa82ad10189238bfe50e9fd9d9efe7f56f761e09fc62f698c3f1cadfff8306408e537a00a0d41121208c080161440808234240181102c2881010468480302204841121208c080161440808234240181102c2881010468480302204841121208c080161440808234240181102c2881010468480302204841121208c080161440808234240181102c2881010468480302204841121208c080161440808234240181102c2881010468480302204841121208c080161440808234240181102c288101046848030b7f400f9585f9c599e1e5d0b4f46c253f1f555d9613a4e3f77f8993f969d0145ad9822dc58094f0fde9c1fe9130f0f28a0e28870797a64ace793c589214dd3a567010accea11c6a391bb9fbe1b1ee9971e04308ba5239c1ab871f7ea2fb299b4f42080892c1a612e9b19fce4bfa7066e480f0298ce8a11e6b2995bef7e7f696a587a10603758ee77c25c36dbf3ab1f50204a87e5221cf8f8e78b13f7a5a700768fb5229cb97b737af04be929805d65a108e3eb2b031fbf233d05b0db2c14e1e0d577f9350225c82a112e4d0e2d8c0d4a4f0108b0ca4f14c3d73fcc6f4397c7eb0b04bd65154e97abb0231914a80a89ec17b661890857e7c623f3134a9bb8bdfed6e34fefd97facba719fa6394c1a0cd805968870fcf635a5f57b0e741f7bfe355f79d0a47980dd241f6126955818bb6b7c7d73d7e91397df703838fac126e4bf98098f0ee4b219838babf6ec3d71f94f291076221fe1fc833ec36b1d479ffb1387437e66a08084ffa0753db732336670715deba1eac65653e701769f7084eb8b739954c2e0e2e6ce93a60e0388108e7075d6e861d0e17034ec3f66ea308008e108d716a60dae2cabacf5f8ca4c1d0610211c616c75c1e0ca60a8d1d4490029b211ea1bab8b06979657d7993a0a204532c2c4c67a369d32b8d8edf39b3a0c204532c2642c6a7cb1dbe3336f12409068847185085d1eaf7993008224234c6d6e185fcca96ab02bd108e331c1bd03162119a1f1f3b6011b234240181102c26423cc0aee1db008e1336644f70e580217c802c2881010468480302204841121208c080161440808234240181102c2881010468480302204841121208c080161440808234240181102c2881010468480302204841121208c080161440808234240985b7a805da2e772f16824b111496caca5123197dbebf6fadc5ebfc757565e53eff195490f88d265db0833a9c45a783a129e5c5f9cdb58096fae2d3de1aefbbe40b0a2b6a1b2a1a5beed706d7387c3c91b04ec1e5b4598cda457664697a78697a61e4497e68ddf663fb9194d6e4697a747c67aaebabdfefab6cebd47cfd7b5769a3a2db0c50e11a693f185b1c1f048ffd2e4703693dee1ab655289b9e13b73c37782a1c6f653cf34779d71ba5c05991378a4228e50d7734b1343d3776f2d8c0d9af194b5e8f27cdfef7e3a7aebe363975e0fed3d50f0d707b6146584c9cd8da981eb937d5f2463eb66ef2b1659baf1f37f69397ce6c8b3573cfe80d9bb43092ab208375616467b3e9e1bbabdcbcf369cb9d7b3323b7eeeca5f55d4eed9cdfda214144d84d1e570effb3f0a8ff4ebbacc530de3eb2b9fffe49f4fbdf467f5ed874506805d15cd77f163bd57e71ff44915b825934adefae5f7e786be129c01f65334115a84aeeb5ffdf63f972687a407817d10a1323d97ed79ef8791f949e941601344988f6c3ad5fbfe8fd2894de94160074498a7c4c65adfefff4b7a0ad80111e62f3cd23f3df8a5f414287a45f313852a8f3f100c3506438d81aa5a7fb0da575691492533a9443c1a595f9c5d5b98de5c5bdef95eee7efacb868ea3deb2f29dbf144a96ad222cabaca96bedac6deea8696a2fabac79f2e2e8d2dcdcf09da981eba9782cef3d66528907377e7bf4f9d7f27e05c00e1106438d4d9da7f6ec3faa743a4bb0ae2958d774e0dca5f1dbd7466e7d944da7f2dbfb64fff5b693cf9457d7e5b73950c4117a7c652d87cfee3d763e186accfb455c1eef81f3df6aea3c79fb83b7d7c2d379bc829ecbddffecfd33affe45de33a0c4156584e535f51da79f6bee3aed727b0af28281aad0c5effcdd9d0f7f327bbf378fcd17460736d7960355a1820c835253641106438d079f7a61cf81e30e87a3b0afec70ba4e5c7ec3e5f14ef55f57dd56d7f5893b9f1d79f64a61474289289a08cb8235879ebedcdc75a6e0f93de47038ba2f7d3bb9b1be307e5775dbe9c19b9d4fbfe4f278cd180cf65634bf131ebaf062cbe1b3e615f8ff1c275f7a338f6f5932a9c4ccbd1e330682ed154d84bbc6edf59fb8fc461eb5cf0ee5f3791220c247a86e6cddd7fdb4ea5691b989642c6ac63cb037227cb4ae6fbcac7a33525dd7e747fa4d9a073646848fe6f6fadb4e7c4375abf90777cc1806f646848fd57eea19d56f3b5767c733a9a449f3c0ae88f0b13cfe4073e729a54d743db73a376eca34b02f227c929623e75437599919356312d818113e494d539bea6f8644085544b88dc683c795d6af2d4ce77d41064a13116ea3bead4b69bd9ecbad2fcd99340c6c8908b751ddd8e6f6fa9536d9589e376918d812116ec3e174aa3e0d26bacc91100a88707bd58dad4aeba31c09a18208b7a71e61d8a449604b44b8bdaa86bd0e87c27f543ab1998a6f98370f6c8608b7e7f278b7bd77dbd7c4a3117366810d11a121e535f54aeb134408c388d0900ac5083912c2382234a4bc5af148b811316710d810111ae20f562bade74808e388d0107f79a5d27abe1d8571446888bfa24a697d3a11376912d80f111ae2f1079c2e857bb4a69309f38681cd10a1514acf3f4b2779882f8c2242a394aea5c8a6537a2e67de30b0132234caedf529ad4f27f958084388d028d5ab0ab9be1e0611a151aa11e67259932681cd10a1514e974b69bd4e843086088d72385523e48b1918428446399d6aff57bc1d8541446894ea91309725421842844639148f84bc1d8541446898ae16956ab42859fca11895533cb2a97e9b8a92458446e98a9ff19c8a9f2151b288d0285df9ed2811c21022344af52707de8ec22022344af511bc1c0961906c840ee34b55bf172938d5085d6e8f4993c0662423543a56a87e242bb84c4aed62798fafcca449603392112a7d6a52fd72b2e0948e846eaf9fdf09619068842a4742f9b7a32a17e97afc1c066154d11c09b319c96b6473d98cd295f21e5fc0bc616033a29f0955ee5fa674202ab8642caab4dee32742182519a1d2f787b237114cc4d695d67bcb8810464946a874b8c8884698dc548bb0aca2da9c41604392117a55224c8ade587e736d45697d5965ad4993c07e648f840ab7d34dc6d6cc9b645bb1d545a5f5aa0f154529133d12aa7c704a6ca8bd212cac586449697d8023210c937d3baa7024cc6533a978ccbc619e6c533142d547a9a194897e3beaf12a9ddb158ba8bd272c94e46634b9a9f01385afbc921347619cf0a95581aa90f1c51b2b0be64df2046be169a5f595f5cd264d025b22c2ed45c2534aeb2beb88100aa423ac568830ba346bde244fb0a61a214742a8908e50e54818094fedfe054db96c6675764c6913228412e10883b58dc61767d3a9e8d2bc79c33cd2caec58369336bedeedf507aaf87d020aa423ac6b52ba9642f5a0b4734b13434aeb6b9adb95ee18000847e874b982a126e3ebc36377cd1be6d17b1c1d505a5fb7efa04993c0aee4affeaedab3cff8e2959951d5db4cecc4eadcf8e6dab2d226a17d874c1a0676251f61b54a847a2ebbb08b07c3997b3d4aeb7d816030a4f02917d0ac106148f1fddbd4c00d9326f99a4c2a3137f495d226aaff1640b34284fe8aaa609dc2c7c2959951d5d3a9f333d9f785ea5bdfc683c74d1a0636261fa1a6690ded8795d68ff55e3569928772d9ccf8ed6b4a9b787c65f56d6aff1040b34884aa7fbbd38337e3eb6a57d9aa1aebf944e9a46d4dd31a0f9de0d6f7c8832522ac6e6af55754195fafe7b2f73fffc0bc79e2ebab23373f52ddaaa5ebb419c3c0f62c11a1c3e16c3972566993b9a1db8be3f7cc1947efffe8674a67c9689a16a80ad534b79b330f6cce12116a9ab6efe879d5134dfa3ffa991997f90e5fff706952ed2c194dd3f69f799e1365901fab445856591bda77406993c4c65acfaf7e90cb660a384678a47fe4cbdfa96ee50b54a81ec98187ac12a1a6691da79e55dd64756efcf607ff5ea80ec323fdbdbf7e5bd775d50ddb4e3ee354b99131f0872c14617dfb61a553d8b68447fa6ffee2df767e2edbc49dcf7b7ffd635df149a09aa679fc81b6131777b87794320b45a869daa10b97f3d86a797ae4dadbffb83cf520bf9da6e2b19ef77e38f8c93b7a5ecf9ce9baf8b2dbebcf6fd780a669d67a1355dfd655d3dcbe3a3baeba613c1ab9f1cebf361eec3e78fe05e3e7df645289b1de4fc77aaf66d3793e6da6aa61efde634fe5b72db0c55a116a9ad67de9f5fff98f7fcae5f334427dfe41dffc83be9aa6f63d07baebdb3acb6bea1d8e471ceae3d148647e626ef8cee2f8bd9d7c9e74381cc7fee83587832f45b123968bb0a276cfc1f32f0c7df19bbc5f61756e7c756efcde35cde97257d43678fce56eafcfe9746652c974321e8b2ca5139b0519b5fdf473797c8805bec672116a9ab6ffeca5f991fef5c59dded62997cdecfc451ea7b6a5a3ebe2cb26bd384a8ab5be98d9e2703a4fbff296951ff1e70b044fbdfce73c101b0561d13fa34055e8ccab7f69cdf3a15d6ecfe957dff20582d283c0262c1aa1a669b52d1ddd975eb7dab9602eb7e7ec95bfae696a971e04f661c5cf840fb51c39a7698ebedfff34bf5ff00a6eabc0d05eb5d3eb8027b374849aa6b51c39ebf197f5beffe3c29e239a075f79f0f42b6f710c44c159f7ede8430d1d472fbcfeb7b277d4ad6dd9ffcd37bf478130431144a8695a7563eb37dffc5ecb9173bbbf6b87d375e0fcb79efaf6dff80215bbbf779402abbf1d7dc8edf59d78f1bb8d07baef7ff6deae3d9ea9befdf09167af9457d7edceee509a8a26c22d0d1d47eadbbb66eff50cdff830bebe6ade8e6a9ada0e3ef5625d6ba779bb00b6145984daffdd0be35c73d799c5897bd3833717c6efe571fdd1e3b83cdee6aed36dc72f2add8511d889e28b708bc3e96ce838dad07134158f8547fa97674657664693b1f5fc5eadbcbaaeaef5505d6b6768ef4197c75bd85181272bd6081ff29695efebbeb0affb82a669b1c8d2fae2cc666439b6b6bcb9b6948c45b3e9543693caa653baae3b9c4e97dbebf6fa5c1eaf2f102cafa92fafaeafa8a90fd635fa2baaa5ff1d285d451fe11f2aafae7bdc97287a2eeb705af12438a0387ea2d8390a8465954a8480651121208c080161440808234240181102c2881010468480302204841121208c080161440808234240181102c2881010468480302204841121208c080161440808234240181102c2881010468480302204841121208c080161440808234240181102c2881010468480302204841121208c080161440808234240181102c2881010468480302204841121208c080161440808234240181102c2881010468480302204841121208c080161440808234240181102c2881010468480302204841121208c080161440808234240181102c2881010468480302204841121208c080161440808234240181102c2881010468480302204841121208c080161440808234240181102c2881010468480b0ff055f7c7562125c275d0000000049454e44ae426082');

INSERT INTO store_users(user_id) VALUES('2c00dd22-9f8a-4b3d-a857-fc55c90a2b09');
INSERT INTO participants(id, tpe, did, name, logo)
  VALUES('2c00dd22-9f8a-4b3d-a857-fc55c90a2b09', 'verifier', NULL, 'დვალიშვილი-სურმანიძე', E'\\x89504e470d0a1a0a0000000d494844520000012c0000012c0802000000f61f192200001be149444154789ceddde9731ce59d07f0a7e71ecd68a49134ba4f8fac5b96254b960ff009069bc38043a04860494292ca6621eff67f486dedbe2055bbd9aa240581708423108c830173c4363e64cb922c59b7759f33ba8f91e6ea7da12a97d796ad7e7aa6fbd763be9f97a49f9e1f44df7efa780ee1f0cbbf65004047475d00c0f71d4208400c2104208610021043080188218400c41042006208210031841080184208400c2104208610021043080188218400c41042006208210031841080184208400c2104208610021043080188218400c41042006208210031841080184208400c2104208610021043080188218400c41042006208210031841080184208400c2104208610021043080188218400c41042006208210031841080184208400c2104208610021043080188218400c41042006208210031841080184208400c2104208610021043080188218400c41042006208210031841080184208400c2104208610021043080188218400c41042006208210031841080184208400c2104208610021043080188218400c41042006208210031841080184208400c2104208610021043080188218400c41042006208210031841080184208400c2104208610021043080188218400c41042006208210031841080184208400c2104208610021043080188218400c41042006208210031841080184208400c2104208610021043080188218400c410420062082100318410809881ba8048ad2ccecd7b469666bd4bb3dee559afdfb7140cf84381d550c0cf18d3e90d26abcd6c73d89c2e474aa633333f3e398d3141cd0a97e7a6a7477ae72687e73da34b339ec0aa4f4a2b83c9624b4cb6395393b3ddc9d985568753e93a818a70f8e5df52d7c02d1c0a7afa3bbc83dd53c33d4bb35eaeb6e6b8f8f4c2caac929a84b41c85ca638c3126ce8c0d8c775f9de86bf3cdcf447e3aab232935bf38bbaccee1ca8afc6ca0293116c285a9f1e1b68691cec6c0ca7284a74a48cb766fdb9fe6ae884a613704567dc3d71a06af9e5f9e9b8aee99d7385c9939e5dbb34a6bf506a312e707f5c54c0897663c1d674f4cf65d8bee691352b3cbf61e4d4ccf8dfc5441ff4adf95d3fd4d6782fe95c8cf7677669b6373fd83d965b58280a7fa981703210cac2c779d3b3974eda2180e2bf30b425ed5ae92dd47747ad94fc8e2487b63c7d9137edf6234ebda883d29ad6cefd1e46cb79a3f0a51a7f510ce8cf6379d7c7b657156e91f8a4f4eaf79e485b88464de86ab4b0b2d5ffed53bd8a544551b120461d3b6fd9beb1f1474e8126395964328f6367cdd7de10b5154a803bc95d1125773e4f9a4ac4dd29b4c0df7367df617bf6f49b9aaa47066e46d7df8398b3d91b60c9047a3974f51145bbffab0ebfc49d512c8180bac2c377cfc47e98f9d436d171b3efe0379021963336303e7defb1fde17c5a0115a0ca128865bbe7877a8eda2fa3f1d0e051b4fbc39d9dfbee1917d574eb77ef581628fa9dc5616672f7cf0fbc5e909ea42809b1643d87aea83d1ce2b54bf2e8643574ebc393dd2779763069acf769c39ae5a4912ad2e2f9cffe0f74b331eea42808fe64238d07c76b8fd126d0de150b0f1c49feff4a16fbcf76afbe94f542e49a2c0caf2e5e3afa9f08d04a2485b219c1eb9deae8d1e26b0b27cf9f8eba160e0967fbe3035def2f9bba228925425c5d2acb7e9b3b7b45c21dc4243210cfa579a4ebead9da7acc5e989b66ffe76f33f0905fc57fef1e6edc9d41acf4067cfc52fa9ab00a9343480bbf3bb7fac2ecd47f18446b3d560b61a4c66c6d8ead2bcdfb7cc185fff30d27e3935bf24bd70cb8d0aa3f2c4654b4cb127a5d993d32c3687de683698cce15028e85ff1fb9616a6c617bc6391bf5fe9bdf4757a61657c727ae4d582d2b412c2d9f181a1d60b119e44107489e9b9aebc626766813dc965b2da6ffe5fc3a1d0f4e8f5c9ebd7c67b5a5697a50e6d69fbe6a3a4ac4d26ab7d66ac7fa0e55c24e525656dca2cdaeaca2fdef0839e6f6166a2b775b0f582eccc8be150eb571fee7cfa572a4f190119b4f2b1febb775f9d9b1c91dddc68b6e654d4e76dd929e583752818e86f3ad3d7f8adc4594599c5d555879e39fbceefe63d322bcc28daeadeb62f3e2583ab95288ae3dd2d9de73ef3cd4fcbfbddf27d4fe656ee90d71654a3899ed0d3df213b8182206497d515ef3a6cb4c4496ca23718ddb5fb73caeb9a4ebe3d35d4b3e1f1a39d57747a83bc04da9cae8afd4f718dc2b94110848ca22a577e49c799e3f2be9a765ff83cab741be65b689c265eccf4347c25afa1d16cad7dfca715078e494fe00d26abbdeee84beeba83520e1ebed6c05f1d4b2facdcfdec6fe425f00683c95c71e058d99ec765dc58fa7d4b43ade723f97550017d08a7867a66c7076434b43a92763df3724a6e91ec9f1604a168c7a192fb1e957d86bbd8b46d5ff5e11f45ab17caabda5d75e8191939bcdef86d38148c4a0da010fa100ecaba549b6d8eed4ffc5cc6a487db1554df5fb4f3e1c8cf73b3bc2dbb8a771d8eee4b91cce2eacdf50ff0b65a5d5a90d78d836a88431858f54df66d3c50f3163abda1f6b19fc4252445ab0c77edfedc8aa8bdc048db545eb6f7f1689ded6685db1f48db54c6db6a30e2d7cea028e2108e7535c9b8592abdff51872b33ba9594ee792c212d3bf2f358ec89950f3caddc8781f27d4f19cd56ae260bdeb179cfa842f540e4884338d2d1c8db24296b536ee5cea857a2d31baa0fff58c60b9e5b6c79f087bc21e162b6c517ef3accdb8a7c382edc05650857971767c787b89a088250b647913b3dc69835de5972df23919c21dd5da9c26213d96575bc0fc3635d4d6238a4503d1021ca107a07bb78c7916516d7f07ef2e6925dba2d29ab405e5b9d5e5fbcfb4874eb5997a0d315d61de06ae2f72ddd7d721610220f219f82eafb95a8e42642c5fe633abd5e46cbcca2ea28be2bdae0b78aab6f1994b721cf60a742c540840843287a07bbb91a2467bb15ed06d7d89c2e79cf9cf95bef8b7a317722e8f459a5dbb89a78076896a2820d91857071dac3bb40605609df9f9d6ceedafd7aa389ab4952d626152e1037cb29dfce75fcc2d4f8cae29c42c54024c842383739cc75bc4e6f4873972b54cc2d4c567b7e155fb796595cad503177b2361f8aabc9d410dfad07a8832c84f39c23b65372361b4c16858ab95d41cd1ee99da1a0d3a5477b397d29520b4ab98ee77d170deaa0eb093d7c3d61724ea14295ac2b1c0a8525cfa04fce7247fe815186d47cbe10f2fe370775508550e41dc3a1f262ef93d7dba42fd39292bb59d162ee24212d876be9fe05ef38be166a104d085716e7d7f60f94c860b2c4a7a8ba528357c23cc31b229cac249b4eaf4f48e5186a170e0517a6b030a9e6d0849077aab8c395a1f2320d33a3523f6d1b4c66472ad99e818919795cc7cb5e1c00944313c2e539be10c6a74479b8f6ddad2ccead2e2f483cd8e1ca22dc9f2c8173cf502c95af414421e4ec09555e356cc13b26fd60953f0fdec29e94ca753cefe50f5440753bcab783745426ef4ab7383329fd60da65056d4e972070dca8fbe615d93f1822411342e9377b6bacf189ca14b2bee5598ebf54da10eaf4064bbc53faf1e809358826848115aeedc4049577def32d7074d4aa0ddabe13ae2b5460d52771a147500d4d08fd2bcbd20f3659e3e44d6b906d45f242e03abd81773643d4596c0eaee3a3bbcc39448eaa27e4b8182b3a517d5dd2ff4c55be4f5e97d99ec075bcdfc7710504151084500c87b9f6ee527d449828fd1a61e10c8012787b42ce6701501c41087977cf53b9270cfa57a5efd14d3264f4d61a38fffb703d0b800a0842c8bbbc9a4edd55dc03ab3cbdb4eab7cab73398f926970410428d210921df18629d4ed5b732a1c0aaf483351142ce195ee809b58622849c03f9557e351a0a7274d4060d84d0c8d913725d654005242f66f84228a8db134a9f46c818e39a49a410de1a78ef44406931703bcad4dd7e9daba3d6e9e837f3e0bd48614aa1d690fc0df1858af7f63552925f8d328df4849c21444fa8350421d4f8955bfa847ac698a0899e90af06b52f6ab01182bf21ee2b7798a36b8a029e49097c072b837736a3889e506362a12754f78f86eb1aa1853f68de9e4de47c1c00a551f4847a4ddf3e71dddd491f5ba31cdedb7595bfbbc286487a42be97195c4b42454ec7539e169eaf44cedb7595bfbbc286084268e05c615ee5f96f5c7fa36288be27e4bd10a8fcdd1536441042bdd1c4f577a07208b96a0b0555eda5d7c53d0c50039f55e066346fd8b9465a05d5ee0939fe467967842881b706dc8e6a0d550839865c86820135bf2f735d20b8a65c28843f84e809b5852684bce39e837ef53a4383d92a7dfd326df4847c03b2b530f3036e46134213e75cd89545f59645110441fa35420b8b267187d06253a8129087268466ce151954dedd52fa356275896fed4625f839d78fe4bd0282d26842c8bb348bca2194be688516f6bee55dc4d5684508b5852684bc8b9469368441ff8aca63096e277d81c635e809b5063de13aac3c6b0d937786bcb7c47826d49ad808a16f41d5c5dbad3c8b6a2fcd11ef73c4b55eb8a0d359ec7c0fe4a034a2db514712d736268bd31c3bb4442ecec11142956bbb456065996bf5348b3d917023375817cdff1f7a83916b1b13bf6fc9ef536fc95a2b5f0829f7bee5dd6f907ce70cb81dd9459177633d353b1caebfd4180b21cff505d4113b219c51ef6fdd68b64a7f41bae01d275cb5856b3f53c6d9c9833a084398c675fce294aa1d8ec3257583ee702848b811fcdce410d7f176a74ba14a4036b210c627f3ed323d3b31a85025ebe2da0b7e666c40b94aee4214c579cf285713472adf1ef7a002b2103a52d2b986f32f78c77837b18804d71febcc689f7295dcc5e2f404d7c051a325cecaf33e0cd441164241a7977ecbc7180b87426adef525a4664b3fd83bd4ade605e286a9a16eaee3b9ba77500de527a384b41caee367c7d5bb238d4b48923ee52714f04f0df72a5acfbabc837c21c4bda836518630313d97ebf89931351f0b85a46cb7f4a327af5f53ae94758543c1e991eb5c4d78ff83833a2843e84ccfe33a7e6ab8876b79ec08a5e46e967ef05877b3ca77a49efe8e10cfde3582a04be6b9ac806a2843687538e31292a51f1f58599e9be07b231f09576e91f48303abbef19eabca1573bb91ce2b5cc727a6e7f0ee6408ea201e46c8d5db30c6bc835d0a55723bab2389eb1a31d87a41b9626e1158f579fa3bb89aa4f05c53404de421e4fbcbf00ca81742c6982bbf44fac133a37daa7dab186abdc07bf78b106a16710893b3dd5ccbcecf4d0ca939923babb89aebf8aef39f2b54c9cdc2a1507ff319ae26167b02efbb68500d71080d268b3383e3f58c2886d57cf44a48cbe11ae33a3d72dd33d0a95c3d6b46da2ff14ee4cd2cdaca35770cd4443fb52cdd5dc975fc5877933285ac2fab641bd7f16d5f7fc8bbfc1997c0aaafebfc49de5659a57cff16a0260d84b0700bd7457a7aa45fcd1525328babb9caf32dcc767e7742b97abacf9fe4bd2177b8b27887cb839ae84368b6c52766e4f3b410c7ba9b152ae676167b429abb82abc9e0d5f323ed979428c6d3df31d0729eb7554e799d12c540b4d08790319651c877473a7c4d913ff13b29ac3bc8dba4f5eb0fa747a2fca6d4b730d3fcc5bb8c738b4f93d59e555a1bdd4a20bab411c2a2ad5cbb942c4e4f4c0df52857cf2de2533252f34bb99a8443a14b9ffc298a5f355797e61b3efa03d772326b0aaaefd71b8cd12a0394a089109aacb6d48272ae26032ddf2954ccbadc7507789b8402fe4b9fbc367cad21f25ff7cd4f5ff8f07f7957b2608c19cdd6dcca9d9117008ad244081963b915dbb98e9fec6bf72dcc2a53cb3a12d373333657f1b612c3a1aba7de6ffcf4f5d5e545d93f3dd1db7af69d57652490315650b3c76032cbfe6950875642989c53c835464c14c303cd6795abe776a57b1e9337f672e2fab57fbef11f5de7b8df6a2e4e4f369e78a3f1c41bf2b69db1395d05d57b653404956967ab3a21a7a2bef32cc7cbfdc1abe70a6af69ae3eccad57433735c7cf1aec36ddffc4d46dba07fa5f7d257fd4da7530b4ad3dc15aebce2bbe43914f04ff6b58f765df1f4778aa2fcedb8cbf73d89fd4063827642c8722bea7b1bbe92bee35f2818e86bfca6e4be4715adea66b995f563dd4db25f7b868281b1ee96b1ee16c604abc3199f9c6e8d4f30982c0693251c0a065657fccb0bf3deb1a5194f24d95b9355b20d139762858642683059722beaaf377e2bbdc9e0d5f305357bcd71f1ca55f5ff095b1ffed1d9775e5de5dc83e536a26f7eda37afd4dafe36a7ab6cef51854e0e51a79567c235f9d5f773adfe140a067a1b4e2957cfedcc71f135479ed7f26d9ec164def6c8bfe07d4c0cd15608cd71f1bca31c07af5ee05d00374289e9b9e5fb9e54f31779085b1ef8a10d8b8bc6146d859031e6aeddcfd5198a62b8eddb8f78c7914428bbacae7cdf138c696d5e825071e029de4176404e7321b4c63bf3b6ece26a3233da3fd2d1a8503d77925bb9b3f2e031edcc0f120461cb033fc829e7fbdc0a5aa0b91032c6dc7507a42f37b8a6e3cc093527fbaec92eabdbfaf0737aa349e5dfbd9d4e6fa83af42cc688c6282d86d068b6ba6bf77335f1fb16af9e7a5fa17aee22bd70cbee675e894fe15bd23fba6c89293b9ffe7546d156c21a20125a0c21632caf6a37d7001ac6d864dfb52115975abac1e674edfae1bfe556ee207944cc28aadaf5cc2b5c6b9983d66834843abda1e2c031de56ed678ecb1b6319219dde50beefc9ddcfbea2e6f7f1f8948ced4fbcb4f5a1e7f03522d609875ffe2d750d77d4f2c55f473a2e7335894f4edff9f4af099fd33cfd1ddd17bf54747d54abc3e9ae3d905d56a79dd74210094d87d0ef5b3afd97ffe47de3925a50b6edd11768bf1fcc7b4687da2e8c7636491f85b72141d0b9f24b722bea53f28a11bf7b89a643c8181beb6a6e3af9166f2b77edfea29d0f2b510f975030303ddceb1dea991aee59f08ecbfb98698eb3276517a6e414baf24acc36d506e8817a343476745d1945559e814ede9bd2de4b5fc725a66453bfb2d71b8caefc92b51584fdbea505efe8d2ac7769c6bb34e75d59980d06fca1c06a28e00f05838220e88d26bdd164309a8c169b2d31d996e8b23953ec496958a3e99ea7f51032c6caf73d3133d6bf3c37c5d5aaf5d4077a8351c64c5c8598acb6e49ccdc939eb2efb2f6a6ff00da847a36f476fa6379ab63efc9ca0e31b332d8ae1e6cfdf99507dc7325990c0efb5180821632c2135bbf4be47785b89e170d3676f4ef6b72b511240b4c4460819637955bb650c8c0c87428d9ffe392aab2d0128246642c8182bdbfb8433339fb795180e5f3df57ecfc52f15a808200a6229843abdbee6c8f3d6f844196dbb2f7c71f5d4fb2a6fa60b20452c85903166b2daeb8ebe64b2da64b41dbed670fefdff566e51090079622c848c319bd355fbf8cfe40d989c9b1c39fbceab937d7855031a127b21648c25a4666d7bf445ae09f83704567d978fbf7eeddb8f43017fd40b0390212643c8184bcada5473e4797939644c1c68f9eef45ffe2b8a7b4500c816ab21648cb9f24b6a1f7b51f68409dfc24cc3c77f6cf9f23d35773b04b89dd607706f68666ce0d2dfff14c9640541d0a56e2acbdbb20babe50289980f21636cde33d2f0f11f235f63c69e949a5bb933aba446de9e1300f2dc0b21648cf9e6a72f7df2dae2f444e4a7d21b4dd96575f955f7c52524457e36800ddd2321648c05fd2b4d9fbde519e88ccad9044148dd545e507dbf936f2b6f006ef74e081963a2186effe7df075ace45f19c89e9b905d57bd2dc1598cc0e0a8981f984122d4e4f8e745c8efadca5d9f1c12bff78d3e674b96bf76716550bba187e9f0cda14f33da12886277a5bfbae9c991d1f50fab7ac8e24f7b67d59a5dbe47e9f0458470c87301c0a0eb69eef6f3ae39b9f51f3772df684c2ba83d96575e815212a623284a2181e69bfdc7de10bc2efec7109c99beb1fcc28da8a67458850ec85706ab8b7ed9bbf2dcd78a80b618c317b525ad1ce87d33695511702312c969e6dfcbea58e339ff2aebca6a8c5e989c64f5f4fce7697deff18ed8e1410bb62a6279cec6bbf7aea3df5b75e92481084ecb2bacd3b1e32c7d9a96b811813033d613814ec387b62a0f92c752177238ae250dbc5b1ee96a21d8772b7ecc2832248a7f510ae2cce5d3efedabc6794ba104982fe956bfffcfb484763c58163d8290924d2f44bf6b989a1efdefd5dac24f086b9c9e1efdefd5dfbe9e3a16080ba168801daed0927aeb7359f7c3bf2bfe3b884e4e46cb733b320ce9164b6c59b6d8ee559af67b0cbd3df31333620864351a9f616a218ee6f3aed19e8a87af09984b41c257e02ee191a7d3133d6d5d4fcc5bb62382cfb0c464b5c4e595d4ec58ebb4c8608fa57bd435d13bd6d9efe8ec0aa4ff66fdd85a0d3b96b0f14d61dc4977db8132d8670b8fd52eba9f74551ce1e468c31735cfce61d87b24a6aa40f2e13c3e1e991def1ded6f19eab4abc804d4ccfad3efc238b3d31ea67867b80e64238d6dddc7cf26d79091474babc2dbb37d73f207b56ae180e7b87bac7ba9a27aeb706fdabf24eb22e93d55675e8d994dca2289e13ee0dda0ae1d450cfa54ffe140ec9794e8b4b48ae3efce368bd930c05fc633d2dc3d71a6646fba37242c698200885f50f16d61d8cd609e1dea0a11733a180bfe9e45bf212e8ca2fa93af4acd16c8d56317aa329bbb436bbb47669c633d07276b8fd72e44b248aa2d87dfef3e5d9a9ca83c7783799827b98b67a42cf4067e3a77fe65dac7e53cddee2dd8715dd602ce85f196abbd8df74262a43c6937336d71cf93156b28135da0a21636c6aa8fbf2f1d7a57f9928ac3bb879c721454bba211c0a0db7375cbff48d6f21d2c9530e57e6f6277e6eb4c445a53088699a0b21636c6ab8f7f2f1d7a4dcfe6dae7fb070fb032a947433311c1abc7abea7e15484ef511daeaced4ffe3c8ab7d010a3b4f8f12a39db5df7f84f375cd5b7a0668ffa09648c093a7d5ed5eebd2ffc7b41cdde48befecd7b461a3efa43242ba6c2bd418b21648c39330bea8ebe7497a726577e49f1ae236a96740b83c952b2fbc8ee677f93989e2bfb247393c34d9fbd258af2c724c03d40a321648c3933f2ea8efe6cdd1cda93d2b63ef49c16662ac427a7eff8c1bf16ed7c487697e819e8ec38fd6974ab82d8a2dd1032c612d3736f7f6a32982cdb1e7d51ded6684a1004c15d7ba0fea95f5aec09f2ced0df7c66b4f34a74ab8218a2e91032c61252b3b73ff98b9bdf2296ed3daac1b5b19d19f93b9ffeb5eca1026ddf7c847d69beb7b41e42c698c39559ffe42fd676e74d2faccc2aa9a1ae687d167bc28e63bf4acada24a36dd0bfd2f2e57b512f0962420c849031169f9251ffd42f1daecc8afd4f51d772377aa3a9f6b19f24a6e7c9683b35d43dd1db1af59240fb6223848c317b52daae675ed1fed76dbdd154fbd88b56875346dbce739fe14de9f750cc849031a685d7a152182d7135475e90b14af7d28c67acab59899240cb62298431c4e1ca2ca8d92ba3e150db85a817031a87102ac55dbb5fc6478be991bea559af12f5806621844ad11b8c7955bb65349cec6b8f7a31a06508a18272cab7cb18493333daa74431a05908a1828c66ab8ccf152aecf1069a82102a2b29b380b7c9eaf2a2bce50520462184ca8a4b4c96d1caef5b887a25a0591a5a63e69e9459b4d59557ccdb6a6d8c1e7c4f2084cad2e90de6b878ea2a40d3703b0a400c2104208610021043080188218400c41042006208210031841080184208400c2104208610021043080188218400c41042006208210031841080184208400c2104208610021043080188218400c41042006208210031841080184208400c2104208610021043080188218400c41042006208210031841080184208400c2104208610021043080188218400c4fe0f3d6eeddbddf0d8d30000000049454e44ae426082');

INSERT INTO store_users(user_id) VALUES('3ff23685-4df0-4a1c-b11f-322bc3607158');
INSERT INTO participants(id, tpe, did, name, logo)
  VALUES('3ff23685-4df0-4a1c-b11f-322bc3607158', 'verifier', NULL, 'ლომსაძე and Sons', E'\\x89504e470d0a1a0a0000000d494844520000012c0000012c0802000000f61f19220000274549444154789ceddde9731be79d27f0a7d1b86f90044980f77d8a374559b20eebb02c47b21d3b8e9dc49971529999dd99f16ed5d6bed8aafd0b32b5535b3bb53593ca5632338ee344cec4f7214bb2755a12454abcc4fbbec0030401102701347a5f3061184a22fb6974f70350bfcf2b89eae311c92ffae9e7a4cebcf5530400204746ba00003ce920840010062104803008210084410801200c42080061104200088310024018841000c220840010062104803008210084410801200c42080061104200088310024018841000c220840010062104803008210084410801200c42080061104200088310024018841000c220840010062104803008210084410801200c42080061104200088310024018841000c220840010062104803008210084410801200c42080061104200088310024018841000c220840010062104803008210084410801200c42080061104200088310024018841000c220840010062104803008210084410801200c42080061104200088310024018841000c220840010062104803008210084410801200c42080061104200088310024018841000c220840010062104803008210084410801200c42080061104200088310024018841000c220840010062104803008210084410801200c42080061104200088310024018841000c220840010062104803008210084410801200c42080061104200088310024018841000c220840010062104803008210084410801200c42080061104200088310024018841000c220840010062104803008210084410801200c4208006172d2050020a9b061ff5ad0eb0ab89d41af6b3de88f84fceb415f24146062d138138bc7622c1b97d1b48c56d00a052d57d20aa55a67541bcc1abd5963b4688c6946ab9d962bb8df1242289d38c384fd9e90cf138b84e3b12845d3b45ca9d21ad47a9352a3235dba2716eb5f5df62ecf7997e7d796e7d7561c4c34b2eb39718689334c2c12def8ab6f6561ebbf5294cc90916dcaca3367e565e497a9f5e69dafb6a742c8c4a2a1b5d558241c8b469868848946288a92d172b94aa3d69bd47a13d6e793205836ee764c2d4d0cb81d936b2b0b6c9c79e4614a8dce94999b96536c2dac34a4674b5c488450743d14f679d683be58743d1e8b51948c562868b9825628951abd5a6f96d1b4f4a5128f7f7579757edc353bee9a1f8f8683c25e9c65e36b4ec79ad331fba01d2164cacacd2ed9975552ab33673cf278eacc5b3f15b604525a0facb9e62756e72702eee580c7b51ef021c43eee608aa2b4a674a3d59e965b929157ae35a5895ab6683838dd7b6bb6ff6ed8efc53a519f969557bb3faf7a3fad508a54b60d01cfcacaf4b06b6eccbbec08fb3d3b1c4951944a67d418d38c19d9e6ec028bad406314f7bb270636ceb8e627962706962707423e8ff40530671714371dc92caea1286aebd75332843ed7e2fce0bde5c981806785f7454c99b939954d39552d72a54ac0b22184e24c6ce2feb5c9fbd737ab2b3c28d4dae2a6a3850d4fcb68816b2b4c2c3a37d0393fd8e15d9ee77d1195ce985d52632babb7d80b11a2763d9e20361e5f991d750c772d4f0e26f213118ad6945ed47838b7ba75f3279b4a218c33ccfc60e76c7f7b22bf3ddbc895ea82ba83c5cd47e54ab52017f42ccef45e7e2fe0760a72359dc55afbcc2b693945825c2dcec426bb6e4c75df888402825c1021a4d69b72ab5b0beb0f29d45aa1ae2914efd2ecfcd0fd85d11e01ffbf42d19933aa8fbd949157865225842ccb3a86bb46db2f85d656c5b8be52a3ab3cf47c4e554b82d799eab93974f3f3c7bdf8f1435154e9fe9325ad27b6d5617039a787fbaf7e28d237905628f3f71d286e3aaad4e8c5b83e965824ec18ee9a79d0beadbd24096597d6551d3e9b0221f4ad2cf45c3a2fc137d45a585977f2bbfc1a2a59961dbcfed174ef6dc14bb521bb645ffde9d7f9554de30c3374f313f1cab649a1d2543efdaddcea56b16ff4382c1befbff28163a49b4b0b679250a8b5491e4276f2fe8d913b17e28c90cf961d680c96a66ffd85d16ac73a8b65d9de4be71dc35d22956a437a6e49f3b91fe136f0464281fb9fbded5e9812a7508f909e5bb2efe4ab1a8345b23b6e8a33b12ffff97f4a7fdf0425ef8819261ae9fcf85f87bef94cb2042284423e77fbfb3f5b9d9fc03a6be0ea8762271021e49a1beffafc5758df8db0df7be73ffe59ca0422845c73e3b7ceff5ff7c2b494374d69491ac26838d8fec1cf9dd3c3d2df3a1659effcf897aeb9718ec74fdebf3ef3e08ea845dae49c1e1eb8f621c783c37e6ffbfb3f4ba40199b748c87ff7839f4bf0c1b437246308d783be3bbfff17efd22ca90230b1e8fdcfde5e733a763dd2353b3a7ceb0b098ab469b6ff2e97ccc722e1ce4ffe35e815a519868b3813ebb9287a157d6f48ba1032b1e8bd4fffcdbfba4cb618b148f8dea7ff1609f9773826120af45c3ccfb271c94ab561f0fa27fed5a51d0f61bbbffc4d12b40db2bd97df5b9e1c245d8c64976c21647b2fbde75d9a235d0c84100afbbddd17dedd21630faebcbf1ef44959a40d7126d673f1b76cfcb1051befbcea9c1a92b2488fc3c6e35d5fbc2360bfee9e945c211cefbcb238d64bba147fe29a1b9fecbaf1c87f5a9a18581a7f20717936ad391dd3bdb71ef94fdee5f9d1f68b129767077126d6f3e5bb29d46720bd241ac0ed732d8eddbd4cba14db8ddeb9985958a54fcbdcfa4526161db8f6118fabd17285d6942e5769e40a25138b32d1f5e09a9bdf00e2d1f64bb6f20695f6cf3ac7d938d377f9bd1d1e9244043c2b03d73eda77f255d205e1845628f569996abd59ad33a87446b5ce482b9432b982a61532b99c8db37126cac462b1f560d8bf160e7883ded535a763e737979d254b085936de77f97709f646c868797a6e89d16ad7a76529d45a854acdb22c138d44c3a1a0d715f038571d93a13537d635e34c6ce0da87fbbffdd75bbf38d57d63e711cf7f8e4acf2bcd2ea9c9c8df1835be7de04b341c5c9d9f70ce8c2c8cf4701fdc188b84c73bbeaa3efae2d62f4e76dff4b9163917ec0fc5d3a7655aec853a5386d6942657aa6985928dc763d1f548d0ef772ffb5c8babf313093ecae6063bb3cbeaac0515895c442472a5da622bb0d80b0de936437a96c668e1311a763de05b754caecc8caccc8ce00ed94f96104e75dff42ef37f15345a738a9b8e641655ef3af320e85d5d18e99a1bece4de72e89a1b5f1a7f905552bbf1d768383871ef1ac773b34bebca0f3cabb358773846a1d66695d46695d4561d3e3737d03176f732c7b18eb3fded454d4736bbc5d783fef18eaf38160c6d4cd7a869b595376e7b9c3e2ccec45cb363d37db757a68759f6b1f354763674f3b38cfc328a4a8a37208a9259ec059945356939c546ab2df152a974065b599dadac0e21d6353b363bd0b134fe80e343252942188bac8f775ee177ae4a6ba839f6d2664276a535a595b49e286e7e667ee8dec89d8beb81352e670ddfbe90595cbdf1a39aecbac1e579a5506beb9f7d1debb39f962b0aea0eda2b1a1f7cfdfbc5b1be5d8f8f33cce4fdeb9b0fc3b1bb976291752e37d2182c15079fb395d773fcc897d1726b61a5b5b0d2e75a1cb8f6e1eafc2497b3b6f1af2ecdf6dfcdaf3dc0e35ca15014959e57965dba2fabb846b489d4547a5e597a5e59c8e719eff86a6ef0deae6389932284533d37f9bd17590b2aea9f7d9dc7f87d4a26cbad6ecd2aa9edbff2c1c268cfaec707dcce85911e7b4563743df4b81691adb4a6f4fd2ffd95c6c867e89642a5693cf3c678e7d723b7bfdcf5e0b9c1ceb2b6530ab536ecf7cc0d7470b9bebda2b1e6d84bfc668d18d2b3db5efe4f93f7af0fdffa8247dfcc58fba5dcaa16c1276771a1d69b73ab5bf26a5a779de72e148dc15c7bfc95a2c6237d5ffd6ee7f143e4eb06b14878ea312d903bb35734369f7d339119340a95a6e1b9ef97ee3fc9e5e0f1ceaf116267fbefeefa1854eb4dfbbffdd7fc12b8a9a4e578f953cfed7a18138dccf6df45084ddcbbcaa5f253d676aafed9d7139cb755d474a4f9dc9b3cb2b41ef42f8c7427726b1e2cb682e6b36f1e7bf37f94b59d922c819b74166bdb2bffb9f2d0f33bd478c98770b6ff6e743d847b56665155dda9d7289900e52f6b3b557ee0f4ae87f957979d53c333bbcd45a064b2c6333fd018cc8917aca4e5197b45e3ae87cdf6df8d86837383f7763db274ff498e9f38bbb21654343eff068fefff54cfeef508a164e495b5bdfc3707bef3b7994555094e044b044551454d475b5ef8d1e33efb922284b8a7e8d3b2ea9ffd9e80dfd692d6e33955cdbb1ed67bf97721df2e8dab252dc7cdd90502950bd53ef3f2aed311825e57cfa5f3bbb65edacaeacada4e0955308450666115970faf6dd69cf3120c283767e71ff8cedfb6bef493b49c62b1efc551467e79dbcb7fa350691efe27c221742f4ce14e42a728aaeee477055f93a2e6e84bbb562077ed0bd218ccc5cdc7042b1342b4425975f8ecae87ed3a3e46a533d43cf3b24085fa93e2e6a3e97965b8673986441c50aa315a1a4e7fffa957ffce6213eca3502846abbde5851f3fdc804f388473fd9cda12b62aa83b64caca15bc24b4425973ecdb095ea4a4e5b8e00bba6595d426feffad3a7cee919fc109a36a8ebe885b295d9a78c0bb9f6367329a3ef2c67fb795d78b71714198b3f3f71d7f65db174986908dc79726fab14ea115cad2fd27442a8fb5a0c262e7bf9a8b52a3e352a7e521c1a7ab21c3662bab13a82cdbe92cd6fcda36ac53d6837e8f5835528a48d32b165b79c3b67e1a9221742f4ce336c914d41d147541a144126eaf6812e93720abb866d7fef41d94341f137541b4a2c623b89ddd8be3781fbe7b4cc5a1e7553ac3e65f4986d0398537c985a26485f587442acc868cbc52deeb91dacb1b042dcb9f50942cbb8c67156b63388eb0e5d946634ccb2aa9c13a65759eeb9ce93d49ae54551c7c7ef3af44438839713ea3a05ca5338a54983fa2722af95429553a83186faa9bb2f906c956562f410dcd5ed18475bc6f65f1099f5761af68dc5c909b580823213fee50e3dc849724e422b3a89ac759e939258297642b737601bf269fcca22ac10bf3306b410556c30fcbc63d8b33e29527f9511455d8f0f4c69f89851077e6ae8ca6a519836fb4dad57a13ee5969b9e2865046d3665b21ee59b45c912e72c136c8683a231fafaf42e2e5a792504e65f3c6072bb1107a30979049cb29117b6f864de6ec7cdc53705749e4c1847f0b63668e64ad85e9b9a558c7fb5670a75ced35b44299915f8e883e09f142b8515c6998b3f2b08ea728993e2d4ba4c26c325a73704fc1fd8f2402b72e10f008b353404adb68d0221742ccd983520e80c07daca90d6609365ddb7952e2231932447f3e6fd299d3b1c685073c2b2275d9a790347b312215c2683888b547878ca625a8ef6dd29ad2b18e1764b8f6ee77c19f96a133e3fd47124361edac1867626112fb9325158dd1a2d4e8c98430e875611d6fc8b0493912426db060ed8999e0ac258e142a0dee1424ade9d1bb528a04777bd3a097c0c2c4c9c69499931a21d45b447fe3da8aa228a5c6b0fb717f24d966d75837a264b4c4bb706b30c739ac07f92f8eb467688c961409e19f2f762601a50663709c4225d1d67c58a1c2fa2f080277139824dc36507a1a03a11006309767e7d1269120a51ae3d75da1166382c2a36e84d3218ef55f1004eebb7122cb04ee192aad814c0823980b574bd3f2b115adc068eda4a57a5f95e1b4c14ad6adba09776c3d54471142b44241288498f510950e7b084b82b0da812819462b4e22643837927e520fee94451ecb9aec3db45c492884386bab49dfc080307f83b19a5213817523acc40a42a1d660cd998a3331f10a932a6492d5a3b68986319e844a8d4efa557a3043287a4ffd1f6e84571d95a8549b284a26a365dc97519772fb5711b07186497cc70186891108619c6138ae51bb419c75197681f54225d9db975c81b1b20e2d97fa9d106dd4cc314298bc4fc2b0df1b702ffbdd2b61bf27120a4482fef5902f120a30d1489c89c59998809f200442c84431128810127c4d272eb07e832518b3b601eb5b4193f8bec96839f789824915c2b0dfb3ea98723b26bd4b73018f13eb399120224f42bc6f7d822bd5f283952bc94288f77c26f224c4797120be7b141b675666c716c7fa5cb363bb2e66291e32d551ace3a56f6ac7bd69725647e524be6f583f5cc91ab41ee69a1b770cdd5f9ae84f86165a1221dc6d7f8c6da46fe543d84f42897eddb16a98443ebcb0aa39d277a2c4196661b47baafbe69ad321f1ad779002d55141d6bac785f92494ea9d10ab6106e76041b02c8bf52494ac1a8f106259766ea063b4fde27a80c00ee73b2310c25d778ada46b2aef0ad92f34988d5302397bc8b221a0e2284314550d4d52bb7723ba606ae7f94544fbfad088410778d4a225b79707f1252325ab26735e6f359ea2721ee58500946b7c699d8c0f58f671fb48b7da344100821568f3322d490cdfde12665fb07667554ea7742dcb1a04aadb8210c7856babe78c7b7b220ea5d12472084b86f02b8d55741707fcdc3fd4c490456aea46f1d0dade14d8ec19dfa84c53935d475e1d729b1ba690a843046e2fbc8fd492865eb025e67bde421c49d262a5e0897c61f747ff96eaa0c8b4b81ea28bf9db413c4fd4928e5ef3ad66b9ef49df5010f5e0871d7f2e1c831dcd57be93d1ebb799342a2f55f2ec76a9b2132ff1ae74928ddef3a4551dc1fbcd23f097d2b18cd8f0a9566eba62842599d9fe8bd9c4a094484565ba394387b0c85fd5eac866f41707f5c4b3c5981fbc350e21032d10856755467117ec99290cfddf5c53bc447c3e122339549ad37ad07d6381e1c6762eb019ff85bc1fc195aaea0288acbc29812d7fae44a15c79e00aca6d4c4ad391d58eb881a336cc21620cec4ee7dfaef22d59b543a83ce6c55eb4d2a9d51ad33a8b446b94a2d57aae44ab55ca9a2e50a8a9251321925a3653219d6a44ad7dc18b11062adc01df4ba240e214248265770695b93fc49c829f3325abadecb0dab8e49ace305dfc46ae2de55e17a23287d5aa6393bdf9c9d6fb4da7566ab785379288a221642ace37daec544f6d0e587e61842c99f845c0e93bea7de8d1d422197e80f7856c63baf247811192db716946716555b0bab12d99515576a84708d447f2bad50220e751b895fbd38563225fe6860e30cd62e4b72a55ad8dd3bfaaf7e90c8a00e8dc192bfef406e75abf40ba9205221d499f19630c4dd3d46101c7f8fa5ec27449c1f7172a5a4215c754c61cd824dcb29127034a27b61ca353bc6ef5c854a53d27abca0ee10a979552ccb9209a1d18af752ee5b598c45d6259e62cff1654fea2721c7eaa8b44f42e7d410d6f16982eea93ad17995df89167b61e3733f90beb9612b26162513428dc1a25069b8cfa764d9b87b614a9a4d4237e94c19d1f0ee25544bfb23d4182d5cfab837b76296c6f2d420d6f1b83b8aeec0bfbab48cf911b021b7bab5f69997894c94db2a4e64a1a70d860cdbeafc04f7e39dd3c31287b0fef4f7a4bc1d47a5ad274a5b4f902ec59f59733a026e8ccd06d57a33eed6313b9879d0cea31b39a7aa65df8957b0fa1244128fc5887d0c1831b7cec3adf000c92c8cf6601d9f595829dccdd9a5f107b8e798b3f3f71d4f8a042284985884580871b7a40e7a5d3ed793bec172526217463043585c2dd4bddd8ee9b0df8b758a5ca96a38fd3de2b5d04deb011fb1a2a4e795e27e143986bb442a0ce06d05739d32855a9b9187b7bbfd0e16c7fb704f296a3ca231e26de126aaf520b9102a353adc36d285916ed86039d9e04e5acf2aae1170bd92d579bc11020ab5b6b0e1b050771704c910228432f2f09ac8423e8f731ade0c934824e45f9a18c03ac55ede20d4dd9958d4e7c21bc59153d944642de91d84fd6b444388df4e3dd37b5b8c92007ea67b6f63ad7ba03158d2f304eb21f42ecde24e98c8a96c16eaee0261031e27c9105aec45b8ab6b3ba747fcab4b229507608933b1993ebccfc49caa6601db24bd4b7358c7abf526a315af4d5e6ca1350f1325d73a8a1092d1f2ecd27d9827b113f7ae8a5118806b7ef01ed6bc218aa272ab5a042c00ee6a1a6992cf01d8d5c613857043adbda211f714c74877c0b322466100776c3c3e8ef969682da8d418855c540677f708b3ad40c0bb0b62632954c2214ccf2d56ebcd58a7b0f1f8c8ed2fc5290ee06a6eb013776db5fcbaa7842d4310b300222d6993888d4998c4bb2c297b793dee398b63bd9ec519314a03b860e30ceee43d9d39c35a502e6c31c23e0fd6f1c916c28d11d128094288726bf6f398d53270ed43e8332465e6413bee63b0a8f188b0c3c4d8789c8945b14e5169855f572a116bcb8e8d59e3e443a833676416d7e09ee55d9e9fe9bb234679c0ce6291f0d8ddcb58a72835fa9c2a81fb069818f66ab4d2ef1fbeb3a5c93f74b1920f2142a8b8e9088fb3466e7f115a23b6b1e3136be2de35dcc5940a1b0e09be0b1aee635046e32db42981c5b1de8d3f2445b1ccd905165b21ee59b1c87aefe5f7a45f0df14916f4ae4e765dc73a45a1d214d41d14bc244c142f84c9c6b7b2b039ff2b294288102a6a3acae3acd5f98989fb78bf13201183d73fc65dcaa5b0f1b0381b9ee37df8c69958523522cc6f998d902c21cc2aaec69ddcb461e4f605ac2586006fcb5383b833e8152a4d61fd21310ac3a37e1b8b84c528090f4c2c3ad77f77f3afc912428450d5e1b33cce62e3f1ee0befe26eca057031d1c8c0d58f70cf2a6e3e26ce6390cffa5ab8330fc5333f786febda2e49144273764176691d8f13c37eeffdcffe9dc836864f8ee15b5fe08e5051eb4d05e23c0611af1de9825ebc6e1591b06c7caae7e6d6af24510811429587cef06b46f32ccef45dfe1d34d288c4bd308d3b561b2154baffa478eb41d27205eec5d796f1067c8b64aebf63db923cc915428d31ad8857770542c831d23d74f37361cb0310424c2cda77f93ddc560d437a766eb590c3b51f86bb8474328cb262a291d1f64bdbbe985c21440895b69ee4bd14d764d775986321b8a19b9ff218315f75e405b1fbe5d40633d6f1ab8e49ac158ac530d6f1d57ad0b7ed8b491742194dd79d7a8df70a08c3b7be98ecba216c919e64cee9611e2393b28a6bd273855cdef791349843ffe34c0cb77557589ec599c947f5a8255d08114246abbdb4f538efd3876e7e8adba10c1e2912f2f75dfe1dee59b45c51f9349f866e5c06fccdd578bcd90a8589457b2f9d7fe4eea5c91842845049cb715326ffadb3866e7ef670cd1b606159b6e7cbdf3e5c77da5549cb71ad498ae5cc4c9939b8a7b81d53a4de0cfbaf7ef0b85a7d92869092c91a9f7f43a1d6f2bec2d8ddcb03d73f4eaa4112a965a2f3cacaec28ee593a8b95dfe0271e8cd61c1ef36f866e7e2a46617636def9f5fce0bdc7fd6b92861021a431581a9ffb41222ff7d33ddf747dfe2bdc91be0021b43a3fc1ab2a41d51cfbb664db1bd10a258f3563dc0bd3b8cb34266861b467e4f6c51d0e48de102284d2f34a2b0e9e49e40a4b13fdedbfff19f7adb9014228ecf7767df1eb47bebdec2cafa65582f698adac85553cce1abcf18964cb853986bb7a2efe76e71eeca40e2142a8a8e9882db1952abdcb73df9cff27185fca519c89ddfffced48087b18a04a67ac7cfa5b6214690799457c42c8c4a29d1fff5282516c337d777a2e9edf755d4662bb32715777f2d548d0e79a1be77d85f580affdfd9f571d3e5720f432277bcfeafc8421dd6648c76e78b4973788344c7407a6cc1c8dc1823b9e0e2114f279ee7ef8ff5a5ffc8906b3b3912326161db8f6d1dc40079783a9336ffd548c42088b8946da3ff879e2fbf56697ecab3df18a42a511a45420198c777c357267a737ae1da874c6a6e77fc86fface0ed69c8ede4be739ee5fa4d69b92bd3aba8156285b5ff871e2bb9c2f8ef77df39bffe3764c0951289014726bf6f3de62693db076e7f7ff32da7e49a8d1ff9190ffc1d7bfbf75fe9f382690962bcada4ea5c69370c3c6b72cf1b1f0144515351e293bf0ace06b2e0022babffccdc248772257d0182c656d276de50dbc7f25026ee74cdf9db9c10eac9171656da72cb682540a214228ecf7767cf40b419ab60ce9d9fb4ebc6acae23f240024898067e5c6afff11775f8a872935ba9ccae6ac921a737601c71ec880dbe99c1e5e9e1c70cd4de04ee2d1a7651d7afdbfba1d132916428450341cecf8f89789bf1f2284288a2aa83f547ee034ad50267e354050ff950f661e08b6fa9e5ca93665e618ad391aa345ad37cb952a5aae40888d45d6996824120a043c4ebfdbe95b59e0ddc44a51b2a7befb77a6cc5cd7ec68ea851021c44423f73f7b9bc7788e47d218cc5587cf6595d40a723540c47ad07fe3d7ff180d07491784abf2a74e97b41c4708b9664753a361661b5aa16c3ef7235b19f6d2dd8f14f279ee7ffeab8e8f7eb16daa2548212aadbee6e88ba44bc195b5a0a2a4e599cdbfa664081142329a6e78ee7be5074ef3183df8482b332337defddf03d73f4ea14f53b095adbc017f932f0274166bfdb3af6f5d8f3c5543881042882a693dde7cf64da1fa88d93833ddf3cdb5b7ff61f2fe3558b12615ed3bf11d7d5a26e952ec44a9d1b59cfbf1b69909291d428410b216561e7ced2d01bff5d1f5d0d0379f5f7bfb1f661fb4636d430b88932bd5cd677fa4d4e84817e4d1146a6deb8b3f79789e57ca871021a433673cf5eadff3d8ea700761bff7c195f7afbff3bfe6073b136ffb0692d19ad29acffea5f403e876a5506bf7bff4578f9cf69192ada38fb330dad37fe583ad2b3a0a4263b494343f9353d522d9241d9020efd25cc7c7bf489ed77bad29bde5851febcc190fff53aa7651ec20ecf7f65e3a9fc868efc751e98c450d4fe7d5b625e1a72c7898cfb528cd54895da5e795369cfefee32ac97b3084082184d8c9ae9b23b72f88d1b82257aaf26ada0aea0f8934fa1e0828120af45cfcedcacc08a902503259d9fe93c52dc77768c3dfab214408a1a07775e0da87cee961312e4e51b2cce2ea82ba8312cf6105b858969db87775ecee65e99bbbcdd9f9b5cfbcbceb6a547b39841b16c7fa066f7c225e9d449f9695bfef404e6513d4519359686d75e0fac7cb9312ad77a831a695b59db4573471e9c4defb214408c522eba3ed17a77b6ef158af81235aaeb095d5e7d5b6093e330d08c835373e79ff9a4895a30d466b4e61fd217b4503f785739f88106ef0af2e0ddfbab0fcc70d8a45a2b35873ab5aec158db82bb403c9f85c8bb30fee2c8ef509b893974a6bc82eabb39737f0fb147e5242b8c1bd3035fccde7ee856951ef4251547a5e99bda231bba416e66724279665dd8ec9a58901cfe2f49a733ece608fca506af4a6acdc347b517a5e99d16a4f64f8e49315c20d4b13fd23b72ff85797c5be112d57641655db2b1a32f2cb610271d28a33b135a723e87505d756436bee48d0cfc4224c2cbab158a68ca665b442a1522bd53aa556af35a6694d693a4ba680959d2731840821968d2f8cf64e745ee1b80c4182e44a7566515576e93e6b4105a4116cf38486f08fd8e5c9a1f1ce2b9e45712ba89b68853223bfdc5a50612da880f746b0e1090fe11facce4f8c777c2dd42c618e0c19b6ccc22a5b591d8f8d4dc05ef244578da2e1a06771c6b334eb599cf14abe8dab6f65c1b7b230def9b5ce62b595d5dbcaea937c1a0e10c913f7248c33b155c7e4caf4c8cacc88342f84dc99b30bf26bdb6ce5f5f0def84479527ed8d1f5d0d244ffe268efeafc44d26e11e3599cf62c4e0fdef824a7aab9b0fe90c628c5066380b83d1e4226165d9ee8778cf4accc0cf3e80b2222ba1e9aeabe39dd73cb565e5fdc7c8cf7e6e12055ecd91086d656a7fbeecc0d7424cfa4322c2c1b770c773986bb338baaca9f3a0d51dcc3f66008dd8ec9897bd79cd3437b628750767972c039359853d5527ee0b44a67205d1e20bc3d1542cfe2cce89d8b12f734488065d9b9818e85d19e92e6678a9b8f721f1c0c52c21e09a17f7579e89bcf9c5343a40b2222261a19b9f3e5c2680facdebfc7a47c1705138b8eddbd3cd975e3c959198da264850d4f973f751a7a32f686d4fe293aa786faaf7ec8638fc8445014a5d69bb5e6748ddeac3698d57a13138bb81dd39ec56969563461d9f864d775d7dc78e399371e5e3f0fa49c547d12c699d8d0379f4ff77c23c1bd34068b21c366c8b019336cfab44cad29fd718fa090cfed599876cd8dafcc8e85d612ddc26d5772a5baeee4abb08b46aa4bc91006dcceee2fdf5d733a44ba3e2593993273d3734bccd9f9a6ac7c9556cfe32241afcb353be69c1959991961a211c10bb9a974ffc9b2b653e25d1f882df5aaa3cee9e1ee0bbfc6da8a91238dc16c2dacca2cacb4d88be44a558257d39ad2b5a6f4bcdab638135b991d5d1aef5f9e1c8c84049bcdbd69eceee5b0cf537bfc15de1bd602b2522c84b3fd77fbaf7e20ec92d81aa36563fcf42357474e9c8c96671656651656b16cdc353b363f747f69a25fd867e3dc606738b0d6f4adbfa0e50a012f0ba4914ad5d1b9818ebeaffe43a8abc9687976e9befcda368bbd70eb1639126062d1c5b1be99bedb9ec519012f9b9157d67cee4d68324d39a9f403cb2caa56eb4d89b740aab4fa82fa43f9b507b66d8e23195aaec8a96ccaa96c5a73ce4ff7de760c7709b22ae6caec68d7e7ef347deb87d09b9f5a52e9498810722f4cb7bfff33ded55195ce58da7a22b7ba25a91e17eb41ff64d7b599be3b82d4516de5f50da7bf9ff8758064522c8408a1a9ee1b83373ec53d4bae5497b41e2fa83b98b46f4dd17070b2fbc654d78dc4675a951f78b6a4f58420a5021248a2070247850d87dd8ee9c5f13eeea7d8cb1b2a0f9f5569937af4b342ad2d3f703abff6c0c8ed0bf3435d08f11f7d3e72e7923e3d3babb846c0e201f1a464a3f6be93df79e42e530f53690d2de77e547ffa7b499ec04d6abda9eed46b075ffbfbc4169e617b2efe36e87509562c20a6940ca15ca96e3cf3c6ae15cbcca2aac33ff86fd6c24a694a25205366eea1d7de2a3bf02cef1d119968a4f7d279f156fe07024ac91022840c19b69a632f3dee5f298a2a6b3bd57cf62f49b57f268e92d1a5ad270e7ef72dad299ddf15dc0bd3139d57052d141045aa8610219453d5925bddfaf0d765b4bce1b9ef97ee3f2971ef9f180c19b643afff17dea34347ef5e9660a17190a0140e2142a8e6d84bdb86b9d00a65cb0b3fce2ead235524c1c995eaa6e77f58d27a9cc7b96c9c19bcf189e04502c24aed10ca6879e3993736f706a4e58ae6b36feec98d3bcb0f9cae3efa228f5d47566646c4de8b0a2428b5438810d29ad2eb4ebe8a10a22859e39937f664023714d41ddc77e2551e75eca19b9f410b4d324bbd7ec2876595d416351ed118cca9d8108a25a7aa39ba1ec2ad61063c2b0ba3bdf6f206710a051295f24fc20d15879e2fa83f44ba1452286c78baa8e908ee59139d5712e9fd07a2da23214c648bc6945371f04c5a4e11d6293ed7e2f2e45e5e052ba5ed91103e51284ad670fa074a0dde7cffe9de5b2295072408429892543a43d5e1b358a7b86647a559870ae08210a62a7b45635a4e31f7e359969d1fbc275e79006f10c2145675f81cd6f1f34310c26404214c6146ab1dab5726e05909b89de29507f003214c6d252d78c3d996a706452a09e00d4298da2cb6029dc5cafdf8e5490861d28110a63c7b4523f783dd0bd349bb51f1130b4298f26c385346d838b3b63c275e61000f10c294a7b358b116ef1076b153903808e15e80358acd0d214c32a9b7e4217818138dc4a25c37e790c9e8d45df5634fda0b539900ad50d20a25e952009ea03a0a0061104200088310024018841000c220840010062104803008210084410801200c42080061104200088310024018841000c220840010062104803008210084410801200c42080061104200088310024018841000c220840010062104803008210084410801200c42080061104200088310024018841000c220840010062104803008210084410801200c42080061104200088310024018841000c220840010f6ff014eb8c950cfd584b00000000049454e44ae426082');

INSERT INTO store_users(user_id) VALUES('86741836-66e7-41d9-94db-0512d6887162');
INSERT INTO participants(id, tpe, did, name, logo)
  VALUES('86741836-66e7-41d9-94db-0512d6887162', 'verifier', NULL, 'გელაშვილი, ირემაძე and ქათამაძე', E'\\x89504e470d0a1a0a0000000d494844520000012c0000012c0802000000f61f19220000200149444154789ceddd59701b577637f05eb08324401020c19d143791a2445112255392657997c6f3793c8b6771924aaab2d424a94925a9e421cf799ab76f52a94a5cc9243393c967673276e2b1658f6dc91e5b8b4d89a4248a12447115089004089000b1ef79a0a34fd642f56974f76980e7f76877e35e8af8b3bb6fdf7b2e7bf2073f6408217838ec0e10b2dd5108094146212404198590106414424290510809414621240419859010641442429051080941462124041985901064144242905108094146212404198590106414424290510809414621240419859010641442429051080941462124041985901064144242905108094146212404198590106414424290510809414621240419859010641442429051080941462124041985901064144242905108094146212404198590106414424290510809414621240419859010641442429051080941462124041985901064144242905108094146212404198590106414424290510809414621240419859010641442429051080941462124041985901064144242905108094146212404198590106414424290510809414621240419859010641442429051080941462124041985901064144242905108094146212404198590106414424290510809414621240419859010641442429051080941462124041985901064144242905108094146212404198590106414424290510809414621240419859010641442429051080941462124041985901064144242905108094146212404198590106414424290510809414621240419859010641aec0e48269b4ead2f2f4402cb91e04a74cd9f8c86d28938c3141e763ccb723aa3d95061a9a8a9abb4392b1df5d5ce565eab53b2cf2a948a4752b1482e93ce65d3d94c2a9fcd723ccf6bf51aad8ed7ea36ffc51886c5ee665929f910c6c3c1a55b5756176e86fd9e423e2ffcc442219f8a4752f148d8efd9fc2f2cc75b9dcd8e96eefaee4193c5264f7fd5259fcb857deea0673612f4c5c381582890cba4b73e85e33566abdd64a9a9b0d5d91adbab1bda798d5699de962bf6e40f7e88dd07310a85826f7672fef2a7a115b71c9f5fddd0d6ba7bd8d935c0b265f8573f938c2f4d5df62fdc5c5f9acf6533c57c14c7f356678bbda5a771e73e438545aa1e6e2b251942dfdc8da9f3a762a180dc0d99adf6ce83cf34f40ccadd90520a81c519cff54bbeb9ebf95c56da8f6659cededadddc3754dbdec77234d6005062214cc536263f7ed33fef52b2d19aa68efea7be69b2d428d9a8e4829ed9a9f3efdeb9f7968fb9dad1337ca2aea35fee86ca462985707d69fef27b3f4fc5a3ca37cd6bb47b9efd8eb373b7f24d172fbae6bb79eed4eaed29251badae6fdd79f4ab56678b928d96a89209e1caccc495f75f2fe473785d60bb0e3dd379f019bc0e88e1bef699ebec3b92df7c0ac1b25ce7c1a73b869e2ecbe76a0995c6e8a86feefa95f75f030d7ecaa0303df221c3b29d434fa37643a84c327eedcc2f7d73d7b13a5028e4a7473e0c7a66079efb2e8dd96ca1041ea02381e5abf809fcc2f4e71f2c4e8e60f7e2d11291d0855ffc3d6202ef58f3ce5df88fbf8b0457b03ba25e6a0f61369dbafcdecf8b1c4697d68d4f7fb5b1ba84dd8badc442819137fe211e0e6277e40ba97874e4cd571518132a516a0fe1ccc5d30abc8a00c9e7b257deff7f284f594244d7fc236ffc632212c2eec8976492f18bfff54febcbb7b13ba246aa0e612c1458b87a1ebb170f105b5fbdadca8e6592f1b177fe35158f6077e401b2e9e4f8a99f2636d6b13ba23aaa1e98991dfd48f47028cb719535f5d5f52d66ab43a3376af5464ea3c9a6929954229b4ec64281b06f31125c11fda83973e9a3a6be21adc124ee7439140af9cbbffef778780dbb230f954ec4c64efd74f85b7f427374efa6de10a613d1e55b57459c68ae76b40d1c69dcb9ff91bfe95c36135c9cbe3df159c03dbdc554ef07caa693ee6b9f770c3d25a28732b979ee54707106bb178f10092c4f9cfec5e0c9dfc6ee888aa837845ed718f4b98be3f99d475e681d382c709a3fafd1d6b6f7d5b6f7c54281eb1fbf19f4cc829a734f8eec38709c6555714bbfe69d5bb822c11db2de5451e568acb4d71b2aac5abd81d7ea72d94c36954cc52391c0f24660a9f8fbc995996b4b5397cb683260b1d41bc295d949d0f15a8369e86b7f60a96d14d196d96a3ff8f53f9c1f3f3bf5d97bc26f5093d150c03ded68ed11d1a2b4f2b9ece4476f402fe677d3ea8d8dbd07eabb765b9d2d5bff098baef95666ae796e8c2622e2d3e83afbb6a3b5475537f388541ac2543c1a5a59147e3ccb727b4fbc222e81773ea37ddf318d4e3ff9f19bc2cff1cfdf504308672e9e113d86acd1e9db078fb5ed3daad119841c5f61abeb3c58d771e0498f6b6ce6e2e964342ca2d17422e63a776acf332f8b38b7fca8e256ea7ea1e505d0dff5f67dc7eccd5dc5b7dbdc7fa87df071e1c7af2edc2cbed1222536d6e6c63f11776e757deb91effe79e7c1670426f00e96e39b771d3cfaca5fd477ef15d7b4d7351a5aa137160ca3de10fa0097415ea36d1f3c2655d3ddc327f4e62a81072722a1c406f268e4cc259163c8cdfd870e7df3fbc52c5fd6ea8d7b9fff5edfb117c5adb59fb9784674d3e544a5218c0496851fdcd033a8339aa56a9ae3351dfb8f0b3f1e77f64c22b2eebd392ee2c4f67dc7fa9ffc8624a34aad0347069efb8e888f5abd3d15f6d1341ab586300eb9bcd85b24b811bd5b73ff21e12fb2c2a8219c1dfd58c465b0a16770e7911724ec4643cf60cf91af883871e6d26909bb51a2541ac22464d695d5d92a6deb1cafa9ae6f1378703cb42a6debc2659271af6b0c7a96a5b671f7d3df92bc33ed838f37f6ee879ee59f77c5d6d1fe0155428d21cca693c2676c6b0d263996c9d43475083c3219dd90bc7581966e5d11f12a75cfb3dfe5785946c5773df192a1c20a3dcbe31a95a12fa5448d217c64c1afbb69f5b0613d812cb54d028f4cc6d042e8857f7d77ec7fb2c2562b47671886e1b5bafe27bf0e3dcb7b73bc5050c53a352caa0c2164e112746c5d20e1233d99644c8e0e3c5224b812f67b41a7182a2c1d079e94a93f9b1c6d3bed2ddda05352b18d807b5aa6fe94043586b05000bc2194a9b097d660147824d69aa625f8a0e88e7d4fc874237ab7ae43e00a20e20678cb861a4368acb40a1fef4ec564a9fba4d1090f61ae98f962a2f981f304f4a68ae6fe433275e66e56676b4d7327e894c0eda9ed7c47aac61072bcc658552df0e0543c224706b2e9a4f0830b79a543988c86a36b3ed0294d7d430a5c0637b5ec7e0c747c269500cd522c336a0c21c330c2070f0af95c3a21fd5399f0cfe4b53ae56bdd8aa85fd8d87b408e9e3c505d7b1f74fa4440d98a8caaa2d610560346f0e47849904e08bdcbd519249bac235ce0f62dd0f1d5f56d66ab5da6cedc8fe5f8866ed84aa555f7f60da14a575108b9121aabaaed2ddd8e966e73b543f20e089f8ca6332184706d690e747c5dc72e997af230b53bfa16ae9e137efc86df9b4d27651aeb56399586d0fc902b21afd1da9a3a1c2ddd7679b277c7faf282c0232d0ea16f14a592d85887de81d7b6f5cad49987b135b4697406e18fd68542616375c9d6b843d65ea9934a4378cf95b0d25ebf79d1ab6e68536474a120bc2e98b55ee94aefe155d8a46763954dd63f580fc472bcbda57b656642f82961bf8742a8221a9da1d25e5f61ab75b474db5b7af4e64a255b0f7ae632c9b8c08385cf32950a74e5410dd237dbd6d0060da17c9d51339586906198a3dffb73aca63d372e093cb2cad1a8fc6e4dd0893258bbb258eb6113eb37803f57d950e9e828a26c3ae9135cdea609be6ea078a0c5960c5e08abecf5a04d7c63a12068da70d9a010de6be1ca39819357598e175ddc41b45c262dfcf509c330bc465b5153275f7fb6c0727ca5bd1e7246413da5fb954421fc9274223a7ff953810737f70d49b8a25f20e8d7d464b52316657cd828f7c3801673970d0ae197cc5c3c9d4da7841cc9f11a94cabfd0af2968da83e4a0cba6d45c3e5c3e14c2ff2fec5b740bdef6ac75cf30ca9e7bd0afa9f22f27ee56016c3db141b7a3db582e93befac1eb022bff1a2a2c1d485b85428bbb29395bed7ed0a163ba126e6baeb36f0baf9fdbffe437b47aa16b9da405dd7109778b5ce1c52337219629404421641886f1b84617af5f14787063ef7e47db4e59fbb305e1b308364163202dadde087a4b01fde9ca038590092e4e4f7e24b4f4bdb9dad177ec4559fbb3b534f06b6a400d2103fc2b20c7aa34f5dbee218c0457c6dffdb9c0d29d1a9d61ff0bbf8b3bd31ff435d5e8f4e83b01ea4d802987f95c56555ba32b635b8730bae6bff4d68f05cef4675976eff3dfc31d6c6480376cc28b74c847032c878755380bd1f60d6124b03cf2e6ab29c123013b1fff2ae2a3e0a65c3603aa2ba5d1e9e5eb8ce03ec042984e6cbbc742f54ee09655d8efbdf4d63f0bbfaa743ff65cdbc05159bb2404746aa54c4559617d00863097113459a29c6cc710fae75d573f784de0cc18866176ec3f8ef556f01ed06d27d4b0501d7a3b9acf89d961aaa46dbb10ce8d7f72ebc27bc24b9bb60f3ede73f8a4ac5d120efa05e520af0764c2713ce8f8bca86dde4ada360ae1e69ed2a03ab3ddc327e42e590d02fd82728a9781bb1fcbc342286eafc592b62d42185a717b6f8e2d4f4f087f086459aeffa96f34f50dc9da3128e8171471fd84e83ed0ed685949c5363cae51efcd71119b6fb50f3eaeb60432f02f28f42a2407ba1d7da4f20c61d8ef59b8726e797a42f4bdcddcf8271b81e5eee11396da4669fba624555c0939d84eda02e7d09793320b61c1377b7dfecad9f5a585e23f2be0be15704f3b3bfbbb874fe0ae45b883033f5fe17fa17359f00e8a32f544b5ca2784fe05d7adcfde87d65f7994c2cacc35ffbcab7ddf131d079e04cd459603c7c33a80b56354317d80fe8c65a01c42b8e69d9bbaf0ebd08ad04aa150f95c76f6d299a5a9f1be635fab6d57ba8aeedda05789520c21af2987ef244869ffc08948c8f5e95bbeb91b4ab4b5b13ef6ce4feabb07761dff3ad6624268e163758410f85a45a9ada3d4a3547fe0423ebf70e5dcf4c50f152e92b77cebeafad2c29e675eae69ee52b2dd4dd0fb61758410b62a8242581a3656bd13a7ff53eac73fa192d1f0c5fffe71fbe0d19ec35f51785334ba1296a592fb810b0b57ce4f5d7817fb956e61fef2d9b0df3b78f2b774c60ac55a65398ed7ea845ffca123937280ae0fc4bad54784ff1e49b8742236faf64f5c67dfc64ee017d6bc73e75fff3b857750d09b0099cfa4f097054117cbeb203f60792899106eac7acfbdf67f57811bb5cb2d190d7ffecb7f5066646813e8c29b8e036a75cb04562f5cab437f0fa4bcd208a17fc1f5f91bff287c01ae92f2b9ece577ffcdeb1a53a639500873d90c7ab508500841d7f9b25102cf84b7272eb83e7dbb50906cf287d660aa76b69a6d8eb0cf13f62d16ff352d14f213a7ff33938ab7ed7d5c921e6e01fa354dc7a3c6aa6a993a23a8039095f24a3e60ab87da433873f1f4f4c887527c126b75b6d477efb1377755d86a19e68b098d857c2eecf7f8e75dcbd3578bab3c5b709d7d8765b9d6812352f4f6a1a05fd374023384995402347d97ae84aa3337f69be21368a8b0b4ee395cdfbdd75869bdffffb21c6f75b65a9dadddc327422b6e8f6bd4eb1a133db27fe3d3b7353a7d63ef81a27abc25e8d73405b91b941cf4a1540729cd5636d41bc2852b67a72ebc57cc2754d86adbf73dd1d833c80a5b4d6375b6589d2d5d879e5db872ce7ded33e1f52fee52b876e60d8dce50d7d10f3f5710a3c5063a1e776c06f440c8308ca90af6d39507950ecc785d63aeb3ef883e5dab37f63df1b5a3affc6553ef018109bc436faaec397cf2d8effc757df78088a60b85fcd50f5edf585d1271ae10a62ad8ee0e898d75997a2204782337c5b73d5603358630b4e29efc586849ecfb35f40c1efb9dbf6add739865612bd9eea63755ee7dfe95a197fee08137b15bcb6533e3a77e2653316993c506fab962a8db6e425b57c9923185a92e84c96878fcdd9f897b2ae3784dff53df1c78eebb520db2d99bbb0e7fe7cf6c8d3ba0272622eb577efdef128ee8dec1f11ad01e2ff1b0d05d6ee4100fd195f0d1d415c2423e37feeecf5231d8c6439b8c95d5c32fff69f3ae83d2764967341f7ce90f5b760f434f0c7a6667473f96b6339b40df54680ca4257ca32b8661f4e64af4a2fd28d415c2998b67c23e31b3c04c969ac7bef5fd2a4783e45d621886e5b85dc75f12f1ee61e6e2998d55afe4fd018530934a206e75047a26dc9ef7a28caa4218f67b66c7c45c3a2a6cb58f7df38f0d1556a97bf4257dc75e845e0f0bf9dcd50ffe43f2a50c662b6c3f0ce8e88854d28998c07d3e36417faeb2a19610e673d9890f7f21a2268aa1c272f0a53fd29b9578bfd4f7c4d7ec2ddda053a26bbed94b1f49db8d4a473de878acb119d0bd28c3309576596e64d44f2d219c1bff24bae6839ec56bb4fb5ef85d6512c8fcefc64cd04beefce54f13919084ddb0386005e0b0165e4602b0f734965a0a219e543c3a37f61b1127ee7ee6db0a9724d41a4c83275f01bd24c8653353e7df95b60fa03f0461bff4cfa592b7cbb21c5d09314d8f7c20a24a4563ef81faae3d72f4676b56676b13700c7679faaab475a8404350720c0e49deaeb9dab10d17316dc20f6174cdefb97e097a96de5cd5fbf857e5e88f103dc327744633e894998b6724ec00e8fa9f49c6131bc5cc4d17239fcb468280e78b922eb25c24fc10ce8d7d2ce2a576ff53df40ac83a03598ba0e3d0b3a65f5f6948473d9a02f63c28a5f0c23c115d0fa892ae0836e39410e612a16599ebe0a3dcbd1b6b3b60db3fe27c3304d7d43a0992b0cc3cc8e4a364c0afdca6e28fe58086dd152db24534fd40f3984b7272e80373961b99d47be22537f84e3784dfbbe63a0537cb393898834d3a90d1516d02a41e5c76640d75e8ed758ea28841872d98c7bf273e8594dbb862a6c7572f407aa79d721adc124fcf842a12061150c5b0360466b68c52dc744d62dac79e7841f6c75b66cc34a87776086d03f7f033aa38ae3f94e75ec5ccd300cafd136f5c1d6ef7a6e8c0adf24786bb6c676e10767d34925ef4853f108683b3a1153e4cb096608976f819f061b77ee873e89c9aaa57ff84ea50c211291f5a0674692a6ab1b0021641826e89995a45d21d6806dd53475c8d493928016c26c3ab97a7b0a740acb723bf61f97a73b22992c367b0bac1efecaf484244d9bad763da41884922104b5c5f11aabb345becea81f5a087d73d7a1339b6b77f4a970bd5943f75ed0f1fe0517c34873470aba18ae2f2f28b65d2128845667f3767e20641043e89f0797f16de93f24474f8a54d7b10bf41d4ac522e2966bddafa609f02895cba4c3fe4549dadd5a321a02addbb0356eeb7b51062f8485352feceec858558db211d223697406e8d20adfbc4b92a6a1ed2a73470a6dc5d1da23534f4a054e0823411fb4044b53ef81626ac6c8cad106fb1a8186efb760b2d498ab016bf094d94400748fa3339a2d75cdf275a624e084103a7ac6308cb373b71c3d9184037845daf07b4053bab66aba75a7f083432b6e680d42a87c2e1b7003c6db1c6dbdaafddbaa18a4102ecd838e37573b54f282fe818c5536d088512e9b916a1e696d1b20848542c12fd19df0c304176740f55a6bdb01fd2f5748b7a3c065a64ed96ae94a05fad66e5da2954db6c6768d4e2ffc78dfec7549da7de8e7cf013e9fe3797b33ec26a22c2184309fcb42ab9ed43475cad419a95881531f23811549da65391e345e15589c96738371d895b6ba6107e82f48b942086174cd079abac5f1bcb5be55befe48c2520b1b5d88adfba56a1a74479acf6503ee5b52357d8fd08a3b150794abac6b475e0aa31208218c046117014b5db3fad75c57da9d2c0bf8c78c42a6566eadb6bd0fd4b47c5b9a02ef75d9ba8e5d32f5a4b4208410ba035949ac34e3788d0152303f938c4b55275f6734db20732f45cc5512a6005a1a5addd02a7795ca52811042e886bb95354e997a222d68ed5aa9d616320c03aab5934d27e5b818063d73a0a272d0e97e650c2184496808edb0329b58cc56d8bc5609372d7376f4b31ce057e9bd29fde6dea0cf64594ecd2f7e15560257c252a98eae3755818e078d616c4d6b30d94163a4ee5bd2beb5cf65d22b33d7841f5fd3dcb93d77c67e20941002be7cbc56a7d119e4eb8c8474d03d7425ddbed309b9232de4f34bb7ae48d8facaec24e8cd87b8bd1fcb15420841fb13a86a09efd6a045103349293730acdbb18be301dba17a5de312b60eba17e5788dfa675f2809e765bdf083a15bb423d241eacd300c93cb66246c5dab37da5b00f3c83756bd22f61d78a064340c9a0cec68db592a7737ca503a84857c0ef4a69ed794cc86751c0f7b99092d33f748d082378b9317256977717204f43b6dee1b92a4ddb2a174087359d81b2a4ef5afe9ef00dd0d320c9397f44ac8304c6d5b2f68b4c3e31a2d7e0a5b3e975bbc3e22fc784385c5beed1710de43e910425f139750e103685725bf12b21cd7d8bb4ff8f1d974d23b55ec93e1cacc046884a9a96f88d62edd43e910427f018a9545291eb896a10cdfc5a65ed89ddeedab178a6c71e1ea79e107b32c0bbd67de0e940e21f4f6529e0956b2c8e760b797724c88adb0d55a9d80c9eed1355f31352fc2bec5b00f50b7a6a6b9cb5809281cbe4d281d425ea30115ea2ca110c21f7765b9d3865e6a6e4f88bf18822e830cc33403b794db26947fe262798d46f8e83cf4f28208faf742a6a521f55d03aeb36f0b1f71f1cfdd48464322e652675289f5a579e1ef90347a63dd8e3e682bdb01c2b007a7d10a0f61269990b533128296f49729841a9dfeb9efffad1c9f7c0fadde78fcf7fe468186ca1ec2cb7ad04b6d092758ca0d3a2716717f45a22a082104cd444b27e2521526931b747588be7466e41159618410363e5628958b21f44a6830c3565d90728510422364053ac330b110ac2a141668c58a129a9b4e645502218c026bd2202940e743ebe94a481886410921a8723bc330118926fbcb2a1e5e03cdc3345458d45fbd8a2803218455f606d0e435a94a74ca0a5a51bb546a761005208490d7eaccd5b5c28fdf58f548bbf44e0ed04da6aaec0d32f584941c9c32f896da46e107e773b9d0b23445e3e51358846d824d57427207560861a54483c0eb8cc292d1700c38345a452124ff0b278435cdb0bd2594d9584f34ff3cac8ca7de5461ae2e8d127244013821acb0d58196b46cac2ec54201f9fa5324ef4dd8d2d89aa64ed0521252ded0f6ac87ee6ebb0229b1aea47838185a71834eb1b7a871df6f82052d84b56db01d79bc53971906b8745d119e1ba3d053409b9991b28716425b5307a8ee5d6c7d75f5b65c7b7a8996cba4ddd73e039d5259e3a4096be46e6821e4355a6819e6f9cb6765ea8c68eec9cf3329d88a472a3e4dee811642065e7f32b838bdb1ea95a93322e4b219f8df05b6a1675096de90928519424b5d3374dbb39be74ec9d4191166473f822e5fb235b651a523720fcc1032f0ca3f41cf2cf4a59c4ce2e1b5f9f14fa16735f400ea82926d0239844d7d435ae0160eaeb3efa8602a69e1fa6ffe0b5ad9496b30d1ce98e47ec821e4b5baf6c163a053e2e1e0cd73efc8d41f81e6c7cf06dce0a1da96ddc3bcb664b6d6208a410e21c330ad7b0e432f86ee6b9f234e640bfb3d539ffd1a7a16c76bda060ecbd11f52eaf043a8d1e9dbf73e0e3d6be2f42fe26184b217a9d8c6f8a97f13517baab1773fed4d4b1e083f840cc3b4ed3d0a2d3e9b4ec4467ff52fd0529f45caa693977ef52fc968087a22c76b3af63f29438f483950450879adaeefd8ff819e150b05c64efdb4f8cdbd04ca6533e3a77e16092c8b38b76def516315bd99200fa68a10320c53d7d1ef806f5bb7beb470f1bfff093a6745846c3a79e9ad7f16b7778ade54d171e029c9bb44ca865a42c8304cdf132f89d88d30b4e21e79f35511b788c225a3e191375f5d5f5a10777ad763cf6b747a497b44ca8a8a4268b2d87a8e9c14716224b07ceeb51fc9345e1a589c3efffa8fa0759ceeb03a5b9b687768b2251585906198b681a3e236eec924e3a36fffe4c6276f49786b9acba46f9e7f77f4ad1fa71331719fc06bb47b9efd366d4c4bb6a6bacda8773ffd72d8ff2351b79785db131796a7af761d7aae79d710cbc17690bfe7a3966f4ddc3c7f2a190d17f1214ccf9117cc562a63411e813df9831f62f7e15eebcb0b236fbe5acc46d97a536573ffa196fec7f4e64ad089b96cc6eb1a5bb872b6f86a1a35cd5d075ffa7d2a63411e498d216418c673e3d2b533bf2cf2435896b5d4353bda76d6347556d6d43d6c0d71a150486cacad2dcdfbe76e04dcb72499986aacb40e7ffb07c237d024db99ea6e473735f50d25a3e1e9910f8bf99042a1105a718756dcd3cc070cc3182a2c264b8d4667d0e8f4bc469bcda4b2e9543a1e8daef9a49d11ce6b75fbbffa7b944022904a43c8304ce7c16792b18dc5c911a93e30190d17f98c2704cbb27b4fbc42b57d8970ea1a1dbdc7aee32fd57795583188de632f426b58916d4ed52164596ee0f9efb50e1cc1ee88202ccbed7efa5bad7b68a9048151750819866159b6efd88b3d874faa7c9891e3f9bd275ea1f7f24404f53e13de6dc7fee3864aebe4995faa604dfd0368f5c6bd277fcb4ed5448928a5114286611abaf75a6a9baebeff5ad8efc1eecb97d81a770c3cf71de8522c42ee50fbede8ddcc56fbf0cb7fd271e029965545b7598eeb7eecf9835fff234a202946c95c0937b11cdf3dfc7cdd8e5d37cf9f5af3ce21f6a4a6b973e79117aa1cb4d72729964a67cc08b17a7b6aeac27be256d916a3cad1d073f8a4bda55be17649b92ab12be1dd1cad3df6966edfec35f7b5cf839e39f9b78b616b9a3b5afa1f7376f6ab7ca8969496120e21c3302ccb3a3bf7383bf7c4c3c1c5eb17bdaeb1543c22792b860a4b63ef81e6be212a5141e450c2b7a3f72b140a1bab4b41cf4cd03dbdbebc50ccfb0c8dce606b6caf69eaac69eaa8b43be9d247e453da57c27bb02c6ba96db4d436eed8f7443e978d047db1d06a6c7d35b6be1a0b0532c9583693cea65377152c6479ad96d7e8343abdde5c69b63acc56bbc95a63b63a2a6cb52a19832565afac4278378ed76c06f2feff55c8e7b29934c7f1bc564b973882ae6c43b80596e3b57a23762f08f902dd7111828c424808320a2121c828848420a31012828c424808320a2121c828848420a31012828c424808320a2121c828848420a31012828c424808320a2121c828848420a31012828c424808320a2121c828848420a31012828c424808320a2121c828848420a31012828c424808320a2121c828848420a31012828c424808320a2121c828848420a31012828c424808320a2121c828848420fb1fe3530177b4e864680000000049454e44ae426082');

INSERT INTO store_users(user_id) VALUES('ce0db5e5-d893-44ad-8b72-6b56150a3b32');
INSERT INTO participants(id, tpe, did, name, logo)
  VALUES('ce0db5e5-d893-44ad-8b72-6b56150a3b32', 'verifier', NULL, 'მუსაევი Ltd', E'\\x89504e470d0a1a0a0000000d494844520000012c0000012c0802000000f61f1922000012d349444154789cedddd96f5b677a80f1c35514b550fb42c9d6662d76bc2a4e9cd8934cb6496c37058234699306457bd14c8129d2ff23d72dd0162850b469d10906e334ed2433d99c8c63c78e77d9922c2f5a2c89da172e2229aea717423dd91cf32379f41e52cfeffa7c3cef0cfce4503c9be5d85b6f6b00e458a50700b63a2204841121208c080161440808234240181102c2881010468480302204841121208c080161440808234240181102c2881010468480302204841121208c080161440808234240181102c2881010468480302204841121208c080161440808234240181102c2881010468480302204841121208c080161440808234240181102c2881010468480302204841121208c080161440808234240181102c2ecd2031842d7f578341c0b07639150623d924a26d2a9643a994ca753569bdd6677d8ec769bc3595256e92af39494555a6d36e991b17515498489587475663cb8341b5a9a0b2dcf4602cb7a3a9df16a8babdc5359efadacf77a1a5a6a5a3aed4e9781b302df56d8110616a6e7470797a66e07177cbaae67fb31fafa9a7f7dcdbf303eac699ac56aad6e6eaf6fef6beede575a5195bf61811f6639f6d6dbd233288b47d7a6872ffa462eadad2c18b7178bc552d7d6bb7dcf630ded7d9a66316e47d8e20aec48188b84c62efd7e6af05c2a99307a5fbaae2f4e8c2c4e8c54d67b7b8f1cafdbd66df41eb135154c847a3a357ae98bd10b27d3a9e426ef3ab83873e1bfffa56e7bcf9e675f71957b3679ef287a85f17534303f7dfdb35f8596e764c77094943ef4f4cbcddd7b65c74091298023e1f4f085c1cfdfd3d329e941b4442c7af577ff19989feafbc971fe4a44be983c427de4f407e357be941ee35bc6af9c8a47d7f63cfbaac5caa50ec80353ff331afae27db315b8c1377279e09377a5a74091306f84b7ce7e3479fdacf414f7357bebeaedaf3f919e02c5c0a411cedcba3a7af1a4f4140f70e7fca7f3a383d253a0e09931c2486065e8f3f7a4a7c8c8e0e727e2d1b0f414286c268c501ff8f897c9f8baf418198947c3c3bf7f5f7a0a1436d3fd3a3a73f3aa7fee6eee9f63b33b36aec9767bea5ce51e87cb6db33bac365b2a99482513b1b54034e40f2ecdfae72663e1602e3b9abd3dd0b6ef7075737bee33636b325784e954f2d6d98f72f9049bddd1b4636f73cfbedad62eab2da3ff75c1c599d9db035343e713eb91ec767afbeb4f1e7de9cdecd602e68a706ae84234b49add5aabcddeb6ef48d7c34f395c6ea5851b07cc1d8f3e3771f5f4e8c593a9445c75d7cb53775667c6abbd1daa0b01cd6c11667d4ec2d3d0b2eff9d7cbaaebb3deb5cdeee83af8b4b767dfe50fff23b8e8535d7ef7fa592244764cf4c3ccf2f4e8daca7c160b9bbaf63cf6ca2f7229f09ed2ca9ac75ffd457d7b9feac2f9d1a1442c9afb00d8824c14a16fe45216ab1a3b1fda7fec8d0cfffccb84d566ef3ffe17352d9d4aabd2a9e4ecad817ccd802dc52c116edcbca7baaaa2b669df0baf5b2c79be96da6ab3ef3ffa4689bb4269d5fcd8507ec7c016619608fd7393aa67bd2d16eb9ee7fed4667718314f89bb7ce7132f2a2d599d19dffc7b1d5104ccf2c3ccd2e42dd5252d7dfd9e86162386d9d0dcb37f62e08c7f6e32c3ed53c9c4eaecdddad62e83e6599e1ebd79e603d555edfb9ff0f61e30621ee48b59220ccc4f29aeb0743df2ac21a37c43e7c34f5dfee0df33df7ec537665c8489f5486041f967db583864c430c823b37c1d0d2ece286d5fbb6d87db5363d030f73474ec54facb30b4346bdc302856a68830160ec5226affc1f6f6ec3368986fb258ac4d2a0fb3082d1321949922c2b07f517549ddf61e2326f9be7a951d4502ab595c70832dce1411aeaf0594b62fadacdeb4a79e557bdb554e81e8595f76872dab2023aca86d366892efb33b5da5950a7f7caee7764f06b6207344a8f80f372f57a865aebca631f38d73bc310a5b90292254bd85d7555669d0243fa8b4b23af38d39250055a68830adf84c7ba7bbdca0497e5089caee9289987193a028992242d5174bd8f277b976269caeb2cc374e27b9720d6a4c11613aa5f6746dab31d78bde7f770acda75386bfa90645c61411ea7ae62ff41460b529349fe2480845a688d0e4946e9532f97f50604244080823424098296e65ea3ef47cdbdec3996f6fe86d84c026334584d5cd6dd2230062f83a0a08234240181102c2881010468480302204841121208c080161440808234240181102c2881010468480302204841121208c080161440808234240181102c288101046848030533c6d2def52c94424b01c8f849289442a194fc563a954c255e6717b6acbaaea6c0ea7f480c01f144984b17070d937b6e21b0baf2e84fdcbb17048d3f4fb6d5ce2ae7057d555d635577b3b6abc1d2565159b392af01d851da17f6e72e6e6e5a5a93be1d5c5cc57c522a15824b43a337ef7da579aa6b93db5d5de8ebaeddd8d1dbb384862f3156484f168d83772697af8e2daca7cee9f16092c4702cbbe1b176d764743e72e6fcffebaedbd569b2df74f063251601126e3b1f12ba7c6af9c4a25e279fff05432317b6b60f6d680a3a4b465e7c18e034fb8ca3d79df0bf01d0513a1aea727af9dbd73e1b378346cf4be12b1e8c4d52f27af7fe5ededefecffa9d1bbc3165718114643ab031ffd7275766233779a4ea5a6872ff86e5c2cab6ed8ccfd62ab298008676f0f0c9e3c918caf8bec5dd7f5bcfce509dc8fd923bc75f6a3d18b27a5a7000c64e608f5a12fde9fbc7e567a0cc058268d50d7f56b9fbc3b73f38af42080e14c7aede8cdaf3ea4406c11668cd0377269fcf229e929804d62ba08fd739383274f484f016c1e73fd4d984a26063efeaf742a99fb47d99d2e4f434b796d53454da3c3e5b63b4b6c76677c3d1c8b8462e15034b41a092c47022bb17030f77d01b9305784b7cf7d1c09ace4f20936bbc3dbd7dfd4b5bba6a52b93eb3f13eb91e0d26c70c1b73233be3a3b91588fe4b277200b268a30b0303d71f574d6cbedce928e034fb6ed3dec70b9335fe570b96b5bbb6a5bbb3afa9fd434dd3f37353f363477e75a8eff2d0032679e08f5c193bfd6f574768bebdb7a773ff3b2abbc2ab7192c554ddbab9ab6f71e3eba3c756762e0ab85f1e1dc3e107830b34438373a185c9cc96aa9a5ef27c73b0e3c99d7712cb5dbba6bb77507177d37befccd8a6f2caf1f0e7c8b497e1dd5ef9cff2c8b65569bfdc0f137f25de01f54d6b71c7af9e75d079f31e8f301cd2411ce8d0e869666d5d759f6feeccf9abaf6e47fa06fefa5b2de6bf02eb0a59922c2b18b5f64b1aaefc8f1e6eebdf99e05d86cf211869666030bd3aaabeadbfb3afa8dfa160a6c26f908a7862fa82e71b8dc7b9e7dc5886180cd271c613a95cae242eddec3c74adc3ca710454238c285f161d58b54caaaeb5b771d34681e60f30947383f36a4baa4e7b1172c16f96fd140bec8fe6bd697266f292d28adac6eecda6dd0348008c90803f33ed5e7176edffd98c56231681e408464848b774794b6b7da6cadbb1e316818408a6484aadf456b5b77384bcb0c1a06902216a19e4e07167c4a4b1a3b1f32681840905884a1e539a53be82d164b0311a2188945a87aa95a455d7389bbdca06100417211ce4f296d5fdddc6ecc208030c123a1da1f84d5de7663060184894518f62bbc5b57d3b4eae63683260164c944188fae29bde5d351529af3f3630093928930125856dabebca6d1a04900715211aa3d50b0bc960851b40ae448c8bb7251bc64228c86fc4adb9756541932076002321126d6d56e9e70957b0c9a041027f5eba8daddf4fc348a222614a1ca91d062b13ab9600dc54beaeba8c291d05ee2e2465e14319108f5c47a34f3ad1d25a5c68d0288138830198f29bd7dc951e2326e18409c4084e9544a697b3b474214359108d5de866d77380d9a0430038108f5b4da91d0627df05baf81c255005f478910c54d2242c523a1d5caf3b651ccf83a0a081339c8289e79d77563c6004c412042ab4dedc8a6faf515282c0211aa7ebd543ab30f141c8923a16a84292244312b80afa3baced75114b302f83a9a4aaa5d610314169123a15d69fb647cdda04900331088d0ee742abdef9a0851dc64ce133a5c0a3746246244886226734598d27dbae24742c54b7c780800d40845e87267be712a114f2513c60df3404a570b70a52b541540849aa6c5c2418326c9849e563851a9fab3132013a1b3a022543b122a9e050564222c29ab54da7e3d1c3268924c24e3b1cc37e69e0fa89289b0b4b25a69fb75c5c7e6e75732a6f06c38be8e42954c84eeca1aa5ed55df289a5f4ae7486c3c11078a848e84156a47c2b555d908158e84aa7fee02825f4715cea78545235c5f0b64beb1b3b4ccb84950946422b4daec25650aaf978847d7949e9c9f5f4a113a5c440835626796cb6b9a94b6f7cf4f1934c983e84a274838124295588495f55ea5ed034211aeaf05959e565cc20ba4a0482c424f7d8bd2f65247c2b595f9cc3776b8dc76276fce809a823912fa67ef8a3c6c462942b7a7d6b84950acc4222cabae533aa5968845fd730207c3e0d25ce61b9755d51937098a95e025ff164f43abd282c5bb370d1ae547f8672732df982321b22079df4dddb61d4adb2f4edc306892fb8947d7c2fea5ccb72faf6e306e18142bc9086bb7752b6d1f5c9cd9e4b3f62bbe31a5ed3d8d6ac77640938dd0d3d8aafa2aece91b170d1ae607cd8f0d67beb1c3e5e6eb28b22019a1c562ad69e9545ae21bb9bc69bf91eae9f4e2c448e6db57356e336e181431e16731d4b7f52a6d1f0b07676f5f336898ef589cbca974e9b687089115e1089b76ec51bd157df4c2494ddb8cf7344d5e3fa7b47d9de29fb8c006e1081d2e777d5b9fd292b595f9b9d14183e6b9271a5c5d523923e270b9ab9ab71b370f8a98fca3c1bc7d0754978c9cfec0e8e7afdd39ffa9aef25ec4fab65ea5271a03f7c8ffbb6968dfa9fa1b6934b87ae7fca706cda3695a7875d1377259694943c74e838641d1938fd06ab3b7ee7a4475d5f89553ab3313068ca3699a3ef8f909a5df606d0e67433b11224bf2116a9ad6beff27caef4b4ba7affcf61da5db6d3334317046f51cbdb7673f8f9641d64cf1683057b9c7dbdb3f3d7c4169552cb276f9837f7be4a53755bfcdfe88e5e9d191d31faaaedab6fb50be06c8bbd93bd7d65617a4a7c85edbdec3aa37dc141c5344a8695ae7c34ff96e5c54fa2d44d3b4c082efeb13fffce84b6fe6e57ef6e0e2cc950fdf517cf3845659ef55bd127d3305e6a7a4ee87ce8b868e9d451fa129be8e6a9a565655e7ed7b388b85a1a5d9b3bffa07ffdc648e032c4ddefafac43f299d9ddfd0f5c83339ee1a5b9c5922d434adefc8b1ecbe5846022be77efd8fb7bffe24bbf316e954f2e6990f2ffecfbf2a3d697b43657d4b53d7ee2c760adc6396afa39aa6394bcb7b1e3f3af4c57b59acd5d3e93be73f9d1a3cd779f0e9d69d07337cc6443a95f28d5c1abbf47924b092c54e354deb79fc05de85861c9928424dd3b6ed3e343d7c21b0309dddf25864edc6a9ffbd79e6b7f56d3d0d1dbb3c0dade5350ddf7f39c4fa5a20b0e05b181f5e181f8e47c3594f5bb7bd47f5da57e0fbcc15a1c562d9f7c2eb5fbdfbf7b9bc18349d4ace8f0d6fdc8564b5d94adc1576a7cbee74a5d3c9643c160b87f2f2d651bbd3b5e7d93fc9fd73007345a8695a5955dddee75ebdfce13b79f9b4742a1535e665323b9f78d1555e65c42763ab31d10f33f73476edeee87f527a8a1fd3d8b53b8bab7c801f64c608354deb3d7cacd1acbf3a7a1ab7ed7bfe35e929503c4c1aa1c5623d70f48da6ae3dd2837c576965f5c13ffe2b9bdd213d088a874923d434cd62b5ee3ffae74d3b4cd4a1db53fbe84b3f7796f2a07be4937923d4febfc3cefe9f9ae15c9ca7a1f5f157ffd6ed517bbd29f040a68e50d3348bc5da7be4f8c32ffe651eafd2ce4273f7de432fff0d6f5c8211cc1ee186868e9d475efb3bd5e794e685a3a474dff3afed3ffa06372bc120a63b4f783fa595358fbef4d70be337464eff46e9a9d859b3582c4ddd7bfb8efc91abdcb309bbc3965530116e68e8d859dfd63335747e62e08ca14fe36eecdadd7de86715b56a6f3205b26039f6d6dbd2336469797a74f2fab9f9b121d53b007f44694595b7b7bfa5afbfacba3e5f9f09fcb8023b127e536d6b576d6b5732bebee21b5b9abcbd34753bbb63a3d566f734b6d6783bebb677d7b47498e197586c29051ce106bbd3d5d0b1aba16397a669f168786d6521ec5f0cfb1723fee5f87a249588a512f16422964ea56c7687cdeeb0399c766789abbccaeda9757b6acaaaea2aeb5bacb682ffff0185aba8fef1394bcb6a5a3a6a5a3aa407011414c6290aa0881121208c080161440808234240181102c2881010468480302204841121208c080161440808234240181102c2881010468480302204841121208c080161440808234240181102c2881010468480302204841121208c080161440808234240181102c2881010468480302204841121208c080161440808234240181102c2881010468480302204841121208c080161440808234240181102c2881010468480302204841121208c080161440808234240181102c2881010468480302204841121208c080161440808234240181102c2881010468480302204841121208c080161440808234240181102c2881010468480302204841121208c080161440808234240181102c2881010468480b0ff03cf078d2da53a0b3e0000000049454e44ae426082');

INSERT INTO store_users(user_id) VALUES('0d175b1a-76f9-47a6-86a8-3edab46b4c56');
INSERT INTO participants(id, tpe, did, name, logo)
  VALUES('0d175b1a-76f9-47a6-86a8-3edab46b4c56', 'verifier', NULL, 'ცომაია Inc', E'\\x89504e470d0a1a0a0000000d494844520000012c0000012c0802000000f61f19220000148e49444154789cedddd9731cd77506f0db3d3b06836530000600898500b188e04e8aa4145111238b94b558611c2f724a8eca95d8552957e5dff0ab2bce53aa924ad98e2555c5962d6ba12c8b5a299994b80204096223d6c13a03ccbe751ee0d0284aa4facc74cfb93df3fd1e55f7620e55f870bb7b6e9fab3cf9e39f0800e0a372170050e91042006608210033841080194208c00c2104608610023043080198218400cc1042006608210033841080194208c00c2104608610023043080198218400cc1042006608210033841080194208c00c2104608610023043080198218400cc1042006608210033841080194208c00c2104608610023043080198218400cc1042006608210033841080194208c00c2104608610023043080198218400cc1042006608210033841080194208c00c2104608610023043080198218400cc1042006608210033841080194208c00c2104608610023043080198218400cc1042006608210033841080194208c00c2104608610023043080198218400cc1042006608210033841080194208c0ccce5d00146be1d6d58b6ffc9c3aabffe1a7ba0e1c37a31ea0c24a08c00c2104608610023043080198218400cc1042006608210033841080194208c00c2104608610023043080198218400cc1042006608210033841080194208c00c2104608610023043080198218400cc1042006608210033841080194208c00c2104608610023043080198218400cc1042006608210033841080194208c00c2104608610023043080198218400ccecdc05dc6d7ef48ad034fde3ab1b9a7d0dc1223f349b4e2e4dde204d69d8dee3f4788bfc5c00215b08238b3397defc0569caa1675e2c3e849954f2d25bbf244d39f8f4f79bba1e28f27301846c97a3a1f161d27887cb1368df59fce716b0a625a391e23f1740c816c2c5f121d2f8e6ee4145b515ffb936bbc3e67092a6208460148942188fac6eac2c90a6b4ecdc63d4a75317c38d9590511f0d154ea2108688cba0c35dd5b0adc7a84ff7f8ea49e3d797668dfa68a870160e61b07b50510dabbfbabe89343e198da41351a33e1d2a992c214c2762e1f929d21403af458510d57e5a088510cbd3b70c2c002a962c215c9a1ad1b4bcfef10e97c7bfaddbc002bcf4102e4e5c37b000a858b28470f9f628697ca0a34f518c2cbeb6699ba228a429cb5337f2b99c81354065922484daca342d844d9dfdc656e070797c8116d2944c2a111abb6a6c195081a408e1c6f2422a4e78c8a1284a63479fe165f85b7750a74c5dfdc4f032a0d24811c2e5db3749e36b9bdb1dee2ac3cb6868277fe1b1363711094d1b5e0954144942c87c2dba29b0bdb7806cdff8f80d338a81cac11fc27c2ebb3a37419ad2684e08559b2dd8b39b3a6b65666c6972c48c7aa042f08770756e229fcbea1feff2d6d434b69a544c5bff8102665d7bf77f33a984e1c5408590208433e3a4f10d867e3d7897fa96ceba60077556321a197eef5533ea814ac01fc2b5f949d2787f1bf9192649cf837f53c0acb91b17272f7f68783150099843a8e573d4a78b6687b0b1a3af2ed85ec0c4910f5ec31e1a28007308d797e672d98cfef1ae2a9fb72e605e3d9b061f3b5dc06b8a9aa65d7ce3e7c82150318770756e9234deec6570932fd0d273f8440113f3b9ece7affff7dccd4b465704e58c3984b2dd10ded17de8b1c29e0069f9fc9533bfba7d0d3b69402fe610525f5ff2b7759954c95d14d576e0a9170a6b21a569dad0bbbf9ef8fc7dc3ab82b2c419c278643515dfd03fdee1aeaaf6379b57cf5dec4ef7a1675ff4d63716367de4a3dfcfddb8686c495096384348ed1051dbd8665225f7e2aeae3bf6f7ff52f0379357df79658d78d30b1588378473a4f1b5cddb4caae43e1c2ecfe16ffca07df7b102e6e673b9cb67fe279b4e195e159413d6102ed34258d354ea957093a2da76fdf5737b1eff966a23f74a4e6c84473e7ccd8caaa06c58ea72b4896125bca36de0e091d33f74b83cd489d343e7d19a0dee832d84a9783415233c95717abcd4ae8486ab0bb61ff9bb1fb9aaaa89f3b49b9f9c31a520280b6c21a42e0e35257f2af3a57c0dc143cffe80daae7b6972847a030c95832d841bcbf3a4f1bcd7a25bd534b6ee7ff21fa85da166ae5f30a91eb03abe10123bdefb1a4af70de1576aece8ebdc7f9c3465fee6252d8fd66cf025d842180b2f91c67b891db2cdd67bf409d2ce817422165e40371af8126c218c875728c3958277ae9844b5d97b8f9d244d599d1d33a918b0349e10a6e251523f088fafd6667798574f619a77ec2235da589da5b5d2810ac113c2b8c5af45ef681b38a87f70748df6af860ac113c2587899345eb66bd13b5a7af6ea1f9c8c46482dada042f08490ba2650cf2d2b1997d7e7f1d5e91eae2536c2a6d50256c574391a213d959177251442f80284dbc25c069bb9e16e3c214c46c3a4f194d5a6d4484dbbb3e9b479958045718530421aefaeae35a992e2d9295bd8b43cee09e16e0c21d4f2f934e50c26a7c75bc03b4425a4e91faadaa4fba205d8318430155fd734c22faecccba010229f271c306c77baccab042c8a2184c9e83a69bce421cc6508b7792eafcfbc4ac0a25842583e378442887422a673a4cdee707abca6160356c411c218358475e614628c7442effdad2fd02204ed0528a8040c214c27e2a4f1925fc2e9dffd23cf2b9120158610668947f915d0d6a56492d1b0fe7b42530f7503eb620821f53c4d9943b8367f5be748d5666fd8de636a316051086151d6e6f49e70dad8d96f77ba4d2d062cca0a97a36e6943a885c687750e6d1f3c626a29605d965809099b334b6965665ce7d72dd5fee640fb4eb3eb018be208619210424555a9fd054b66f2d2073a47ee3cfa357c3901f7c210c25c96b0c544da1bc2f0c2d4e2c4889e91f52d9dc1eedd66d703d6c510c27c8ed0f94fce1dcff95c6ee8ec6ff46cdd5654dbe089d3e6570416c6f216052984e4b3e34b60e4c3d77476d4ee3b76aa94672a8215953a849a9627bd42a1a8cc67097fd1d8f93f4e5df958cfc8a6ae81ae038f985d0f585da9dfd3235d8b0a21a47a9350cbe786dfffededabbacea3f7055af69d7c1ecf63e02b95fa579cda0a5e9566255c9d1d1f7eef559dddfbbd7581c3df209f1b039549f69550519957c26c3ab534797deaea39fd075f7beb1b1f7cee9f5c5552ef3b0779947c25a4dc100a231ecca4e2d1544cff6bc45a2e93c9a693898d702cbc1c599c8e846648cd42eb82ed879e7991d4fd092a5ce9d7195a088b7f303333f469c9cee86c1b3834f8d8df4a751f0bf2c3af8b316c76c7c023cf6cc70651a043080d50176cdff3f8b764ee500c3243088b6277ba7b8f3ed1bee721eac1bd0077208405521475dbaec3bd479f707aaab96b016b93e55b38cbd1342d1ddf884756b90b01cbc34a58302d343e1c1a1f6eece81b78e419dc1042c110c2622d4ddd589e1eeddcfb57bdc74ee2cb0928002e470da0e5f31317dfffe8573fd5f96a05c05608a161a2aba173affc6cfee665ee42c062104223e573d94b6ffdf2d6f977b80b012b41088d37fac999d1526d94833250010f12144551087f6b348d70d4d9bddc3aff8e6a77741f7aacf81f0565affc43d87de844f7a113fac7e773b96c3a998aad6fac2c8443d38b13c389f5b5023ef7e6b9b7aaeb1b9bbb070b980b15a5fc4348a5da6c4e8fd7e9f1fa022dad7dfb1f38feecdadce4f8e7ef2d4e5c27be02a25d7efba587ea1bd16306eeaff4f784d6db6359dfda79f0e9ef1f39fdcfdeba0069622e93be7ce6256a3301a834a50e21759fb346398cda54feb61d0f7ff75f9b773c409ab5be347bebfc1f4d2a09ca83ec2ba1218f498c62b33bf67ffd856d0f1c26cd1affec6c621d5b4ce19e4abf12124328cd4ab8495194c113a79bba06f44fc9e7b2231fbe6e5e496075255f09a921946925dca428eade27bee3a9a9d73f6561eceac6f2bc792581a5953a84aa4a6bdca4e5693d694ac3ee74effddab74997d6639fbd6b5e3d6069250f21f13d030957c24df5ad5d2dbd7bf48f5f18bd9ad8089b560e5858c9ef095595b67f45b27bc2ad7a8f9e52742fec9a969fbd7ec1d47ac0a218f68e925a89927a7e965855ad3f48d9103373fd02b5e3235402961012ae487319c26186a5d7b1e721fd8313eb6b6bf3b7cd2b062c8a2184a4131ab29994799514afbeb593b48d667142ef19f75039640f613e9b31af124390b6682384f0450c21b45342a8695a4eee1c928ec28eae2ea6621be6150356c4b212ba48e325bf2dac696ab33bddfac7afce4d98570c5811c74a48f9951542e4e4be2d5414a5beb553fff8b5f949b34a016b6208a1c3ed218dcfa6a50ea110c2dfdaa57ff0fae28c799580157184d0453bbb2f9d88995489517c0d41fd83375642e6550256c410422771254c27a50f618010c26c3a998c864dab05ac87e572d44b1a2fff4ae8aeae23dde8c6d696cd2b062c876325ac2ab7100a213cbe3afd83135809610b8610ba3c3ed2784b84d04d0a6141eddba05cb1ac84b403fd32d2df130a213c3ec23bbea9d8ba799580e570ac8455b4953069852d264e0fe11a3b9d8c9b5709580ecb97f52ed2630c4b5cbc91befccca612e6550296c3731605e931462ab62ef3abbd9b1c2e42083308216cc11342d2630c4dcb27a311d36a3186dd4908a1e4bb61a1c42cb0120a21121bb25f9112db05a02737fc054f08ab6a1a48e3e5bf2d24b50bc8a3313e6cc114c23a5a08e3d277b026ad84389d02b6e20921f56495e8aaf49b9e290d9ca87d1fa1bc31ad84b50da47ef8f28790d4150e2184ad787e1b549bdd53e38f4756748e8f8597f3b91ce992afc448b779c68630d8b3fbc91fffc4c01f0825c676663de91d3c2d9f8f8597cc2ba6785809a1606c21aca68450081195fb5d5852372a9b1d2184bf600b610de5455821c4fad2ac499518229d88ea1facda09fde6a0ecf185b0711b69fcdac29449951882f4be1569b737943db61056d5fa1d6e42b399486846e68d26a410ba882f734179630ba110a2b6b14dffe07c2e2bf31529a9a52ff5652e286f9c21ac0bb693c6cbdcb193f4f0162b216cc519c2fa3642bb4e21c49aacbdab354d4b5036d639b112c216ac210c76900e0c5d9ebe25e7718589f535d2fd2af52512286f9c21b4399c354dadfac7e732e9d5d971f3ea29d8c6cabcfec18aaa56d5d2b6ce4279e30ca11022b0bd97347e71e2ba499514233c4ff8faa4aab641e6fd77507adc216cdf491abf382965084384f377abfdcde6550256c41cc2fa960ebb9370525a627d2db228d71715f95c3612229cf152ed6f32af18b022e6102aaaadb1a38f346566f8bc49c5146665668cb471d4d7d0625e316045cc21144234efd8451a3f7ff39254cf4843e343a4f17eca61865009f843d8d8d94f7a5091492516c6ae99570f89a669a463e8bd750197b7c6bc7ac08af8436877ba1b3bfa4953a6af7d625231544b9323a40d6bfeb61de6150316c51f4221446bff7ed2f8d5d989b5b949736aa1b97df51c693c42085f2445089b3a07481dac8510b7fef407938ad12f165e5e9abaa97fbca2280ddb7accab072c4a8a10aa367b6bff01d294e5e9d1f002e1db39338c7e7286d465adbeb5cbe5c5ae51b89b14211442b40f1ea54eb9f1f11bb44e83868a2ccece8f5e214d69e9dd6b52316069b284b0dadfd4b0ad9b346575767c66f88249f5dc9fa669d7dfff2de94f80a2aac1eedde69504d6254b0885105d071ea54e19f9f0f7a938a1b98b51c63f3b4b7db931b07d27ba5ac0979228848d1d7dbe006d37492695183afb6b93eab997486866f4d3b7a9b33af63e6c46315006240aa110a2e7f009ea94d0d8b5523e298d47563f7bed3fa98749f81a82d4dd795039e40a61b067770da5f1cca6d14fffb03076d58c7aee928a6f9c7ff53f0ab800ee3a70dc8c7aa03cc815422194be874ed1676957cebcb47c9bf0955d01a2aba1732fff4c7febfe3bdcd5b5adbdfb4ca808ca846c211481f6dea6ce01eaac5c3673e177ff3577e3a219250921162786cfbdf2ef859d55daf7f0d715156ff1c23dc9d88f7de0f8b3cbd3a3d45725b47ceef29997e29195ee432714d5b03f2e99647cf8fddf161c6f7f5b179641b83f19435855ebef79f0f19be7dea44fd5463f7d3b343e3478e29bb54de47bcbbb64d3a9a92b1f4d5cfc20938c17f61314557de0d1e78a2c03ca9e8c211442ec38f868687c28129a2e60eefad2dcb997ffad6de060c79e876a1a098da4ee882ccecedfbc38337c21934a1430fd8eaefdc749874f416552a43dda2e165efef8a59f66d3a9627e487d6b576bef3e7f5b57b5bf4988fb1d4b9a8c86d7e6a6d6e627966f8fc6c2cbc57ce89f3fbaa5f3c8e91f1a78610ce54ad2955008e1ad0b0c9ef8e6a5377f51cc0f599b9bd86c19ec7057d5045a9c9e6a87bbcae1f668f97c2e9bc965d2e9442cb1be1a5f5fcd65d206152e8410aeaaeafd4f7e0f09043de40da110a265e79ec8e2ccc4e7ef15ffa332c9f8cacc58f13f470f4555f79e7c1e6fd0834eb2ffa9ee7ff8c960cf1eee2a081455dd77f279ea6674a864b287500865ef13df0e6ca7b527e5a228eabe93df0df6e06d0920903f8442b5d90f3ef38ff2e750b5d9f69efc8eb5d66d9081054228fe3f872d3be5fdfd7657d71e39fda3969d786d17c8a47e30b3956ab3ef3bf57c556dc3d885b38c2fd47fa9866dddfb4e7d0faf0b42612c13422184104aefb153752d1d57de7eb9e05d2cc6b2399c3d0f3edeb5ff11d2196f005bc9fb65fd7da462eb43677f436d7d6db860cf9e81479e7657d7f296015667ad95f0cf5cde9a034fbd101a1fbaf1d1eb86ec6ea10a6cdfd97df8049a8882212c19c24dcd3b763575f64f0f9d9fb8f85e3c4238adba60aacdd6d2bb0f3b42c158160ea11042516dedbb8f6e1f7c303436343df4a795e9514d33fe998da2da1ab675077b7637efd885a72f60386b877093a2a8c19eddc19eddc9682434766d69eac6cacc5891273729aaea6b08d6366ff7b7ed68eaecb73bdd46550b70174b3e98f94af95c6e7d69361cba1d5d09c5c24bf1c86a2a1ebd57772645519c55d51e5fbdc757e7f6d5797cfe9ac6969ac6369bdd51e2b2a13295c34af845aacd56176caf0bb66ffd8f9954229749e5b2592d9f536d769bdda1da1d36bb43b595e7ff04b08a0afafd73b83cd46367004a005f31033043080198218400cc1042006608210033841080194208c00c2104608610023043080198218400cc1042006608210033841080194208c00c2104608610023043080198218400cc1042006608210033841080194208c00c2104608610023043080198218400cc1042006608210033841080194208c00c2104608610023043080198218400cc10420066ff076e94b5943a11cde70000000049454e44ae426082');

INSERT INTO store_users(user_id) VALUES('691e5e4e-f017-4c63-99c4-ccfe8b79c392');
INSERT INTO participants(id, tpe, did, name, logo)
  VALUES('691e5e4e-f017-4c63-99c4-ccfe8b79c392', 'verifier', NULL, 'პატარაია PLC', E'\\x89504e470d0a1a0a0000000d494844520000012c0000012c0802000000f61f1922000017c649444154789ceddddb775cd57d07f07de67ed3cc489ad15d2359b2244b967c917c11760d36018ca1c1104209ac45da1556d2a6ab74b50f7dea5f909776b5ab59ed4a5a565b086912088102c634b1710cd896655bc6926c4bd6cdbadf35d268ee33a70f26c618493efbcc39fecd9cf3fd3c9f7df4b397be3a337beff3dbc291577ec400808e81ba0000bd43080188218400c41042006208210031841080184208400c2104208610021043080188218400c41042006208210031841080184208400c2104208610021043080188218400c41042006208210031841080184208400c2104208610021043080188218400c41042006208210031841080184208400c2104208610021043080188218400c41042006208210031841080184208400c2104208610021043080188218400c41042006208210031841080184208400c21042066a22e4001e3d72e84830b5c43cab7b4393c052ad503c0450b219ceabf32337c956b485e6109420859420b1f478d162bef907824a44625003268218426fe10aecc4da95109800c9a08a1993b84f36337d4a80440062d84d0ea74f30e595d9ae39dcb0150891642e82a289231ea66f719c52b0190411b212c96316aace77c2a9950bc18005e5a08a13dcf6b345b7847256291c1ce936ad403c0450b21648c798a2a648c1abc780adf0c819c46425854dd2863543a95ec3ef96b511415af07403aad8470939c1032c6e647fb07ceff4ed96200b8682484ce7cbfd3eb9337f646c76fe746fb95ad07403a8d84903156bea54dde4051142f7df05a70664cd97a0024d24e0803db1e9031477a4b321eeb7cf7d5d0c28cb2250148a19d109aadf640f35ed9c3e391d58edffc64651e7b4ae17ed34e081963d53b0e184d66d9c363ab2be7defab7c58921054b02b8274d85d0e6f2d4ef7b3c933b2462918edffcfbf440b7522501dc93a642c818abdebe3fbf6c53267748a792173f78bdefcc87583f84fb436b21644cd8f6c87332de30fc2a71a0f364e73bff91888695290a607dda0b2173780a5b9ff8aec19869e78eb9d1fe4f7ff1cf98aa01b509475ef911750daa981ab8d275ec0d514c67781fa3d9b2fdb1ef14d76c55a42a19e6c706ae7ffa3ec54f160c46a3c16436184d4693d9603499ad769bcb6375e6d99c1e9bcb63cbf366320d06b769a1d1d39a4a6a5b5a1ef976f789b7d2a95426f74925e217df7fad61dfe3356d07152a8d4f221a0ece8c93fce88d0982c199efcbf395b9fd656e5f697e69b5ec755a9dd36c08d9177d0d7d978ebd165b5dc9ec4ee2f5cf8e89e974edee8795a94c1344311d5a98092dcc4cf67531c60c46637e69b52f50ef0bd4bbfda58c09d405e60ccd7e1cbd2db6ba7cf183d797a64632bfd596fd4f6c6a7d28f3fb7099ba71e5d2b1d7eff30fcd90c35358d1b4bba27197d599475d4b0ed07e081963a2288e769feb3b7b3cf3d9cee6879faddcba4791aa24cac510de22180cfeaa2d9b761e2828afa1ae25ab69f9e3e86d8220045ada4bebb6f59d3d3edadd91c96c4defa9773c45e56e7fb982e56995984ecf0cf5ce0cf5fa2aebea1f38ec29aea4ae284b697089623d669b63ebc167f67fe7af0b2b6a65dfe4d6527e221651b030cd9b1bedffec97ff72f1fdff8e8682d4b564231d85f0963c5fe99e677ed0fac44b76b7cc36f891e5859e936f2b5b951e4c0ff69cfed93f8c5fbd405d48d6d15d086f29ae6d3ef0e2df9635ec94377cb2fff2fcd880b225e941321efdfcb7bfbcf0de7fc623abd4b564119d8690fd6115bee51bdf96b7e2dc7bea1d319de94e007d9a19ba7ae6573f5e5d9aa32e245be83784b75434ed6efff60fcd3607efc0d0c2f4684f871a25e94138387fe6573f5e9c1ca62e242be83d848c31b7bf7cef333fb0d89dbc0387bb4e3386372d644a44c31d6fff74ee661f7521f41042c6fe305bc3fb3c5c5d9a9b1dc1ef907ce954f222bafb2084b7e515966c7ff479decd56239f7fa6523d3a914ac43bdf7d351c9ca72e841242f8257ff5969a36be5d697337fbb06698a17864b5f3dd5753893875216410c2afa87fe0b0a78863378c984ecfdd44cfd24cad2ecd5d3dfdbfd45590d1c5b635e904c1d0b0ffc98eb77f227dc8ecc8b5d2ba6dea95244f496d4b6160738637492793a96422954cc45697232b4b91e585707041a5b9a8d19e0e7ff516c2f736092184772baca8f505eaa5cfdacd8f66e3a1bfde9240a0b95df1db26e3d1e0f4d8c2c4d0f460cfcadca4b237bff2bb370bca36c9582eca7508e11aeaf63e2a3d84d15030118b98ad76554bca12268badb0727361e5e6babd8f4696176e5e393bdad3a1d4b7e244347ce3fc89c6037facc8dd7208be13aec15b12e03ad922b430ad5e3159cbee2e68d8ffc4a1effd7dc3be231977d6fac2cd2b67222b8b8adc2a8720846be3da56aae7fef94693b9a6ede0832ffd5d716d73e6774ba7927d678e677e9fdc8210ae8d2b849165bd9f346a75e4b53ef152d3434f67dee46eb2af2bb2acaf872142b83687a7d0627749bc38198fa95a4caea8daf6c0aea7be9761bb2751146f769f55aaa49c8010aecbed2f93782542785b6145ed9ea7bf9f610ec77a3b33ec91975b10c275798a2a245e994c20845ff29604763cfea220c8efb6168f8474751c0842b82ee913a4625a477fb6a528aa6eac6b3f9cc91d26fb2f2b554cf64308d76592bcf467b2d854ad2417d5b41df49654c91e3e37daaf9f4fa408e1bacc56a9d1927ea57e0882b0ed91e70483cc5fb05422be3831a86c49590b215c97f44d30d29f99bae2ccf75734ee923d7c66f89a82c5643384705df14848e2955607fa4caf6df39e6f188c467963f5d34a0b215c97f443d1dc3ea98b197a63737965bf18115a984ea792cad6939d10c2752d4ede9472992008d2571475a842eea901623abd32a78bc32111c2f5880be39226061c5e1f8e04db80af72b3d52175efd15d9667b3f14c38c521846b5b9cbc29f13b61264df5f541f005eae58d5c9e9d50b694ec8410ae4dfa62b1ec36defae1ab6a903730ac8f9df108e11a5289b8c42313eceefcfc52f94bd23ae12d0ec81ba893036410c235dcec3e9b8c47a55c59ded08a2369efc9e1c997b7a90821d4a944343cd07952ca9566abbd7ae701b5ebd10421cf57226358321ed5432b4484f06e3da7de9178a06fedee8775d25a2673f6bc7c7903a3abcbca56928510c2af18ede998eceb9272a5dd9d5fb56d9fcae56887cde99637104f427d991eecedf958d2e99f06a371c7e117336fe5a01f5697dc102613ca569285f06bf485b1def3dd277f2df1c8c1c6034f794b64cef8e993d124733f431a21d48344347cf593f7a41fe35cd1b43bd0a27c5f5d6d9377122b632c954208352d198fddec3e3b78e1638933318cb140737bd3c1a7d52c4a9b0c2699bf6978126a53221659181b981eec991ae8e6fade5fd376b061df11f50ad330d9478b0b82f6a72d723d84e268cff97b5e944e255389782cbc1259590a2d4c8797e64491ef5413a3d9d2f4e053154dbbe5d6a977e9a4cc97920c723fc7e690dc0ea19816bb4fbca5f64fc92fabdefee8f3767781da3f48c3647fb593fd653287e47608d566b13b6b773f5cb56d7f260dfc8031968848fdd67d178450bfcc56fba69d07aa771cc0bb828a88aecadc058a8fa33a2508c2f6c7bee3afde425d8876c4e4ee3ed3c3c640ed4f3dc9208ae285f7ff7be4f333d4856847687156c6284130589dda6fa28510ae4d4ca77a4ffda6fbc45ba228736e1d6e4b2513e1a5791903adce3c3d2c5168ff5f9889d19e8e4b1fbca687ed8baa5a999b94f7b7cce6f2285e4c164208ef617ab0b7f3dd5791c34c486c99f57556b9ef5ee41684f0de16c6072fbcf75f3ae981a986d991ebf206ba0a8a94ad243b218492cc8ff65f3af63aef3e1b608c256291c5c91179633dfe72658bc94e08a154334357af7df23e7515b967e2da45d947c7e9a4ab3242c861b8ebf4684f0775153946f6ff98d96ad7c9564184904fefa977a49f5101b3c3d764ff77493f2939d721847cd2a964d7876f60b2541ab1efec47b207fbaa64f6edce39b9bd6d4d30087bbff5e7d2af17d3a9442c1a0b878233638b1343e1a09c15e4d0c274df990f1b0f7c53c6585d19ebedcce43089a2ea46058bc966b91d42c68482f21ad98397a64686bb3e95713cfac8e5cfca1a76eae7f3920cd150f0eae9f7640fb7bb0b9cf97e05ebc966bafe38ea2da9daf1f88b0f3cf7974eaf8f6ba028a6bb4fbc85158bf588e9d4e58ffe476217f335156dd2cb6390e93c84b7784baaf63dff8a9ff3d092e5d989896b527b43e94df7c9b765ef92b9a5a2b14da962b21f42c81863268badf5c93ff555d6718dea3bfb7fd846f335e2d5d3ef8df5debbe7c8063cc5156e7d2cd3df82107ec16034b63ef95d5741b1f421d1d0d2cd2b78dde94b623a75e5b76f0e779dcef03e81667d75944408bf64345b761c7e81abaff6d0a5d3b2b783684c6479e1cc9bff3a76b533c3fb986d8ed2fa1d4a54943310c2afc8f395d6b41d947e7d34149cb8dea5563539424ca7862f7ff2c9cfff29383d9af9dd6a771dd2435f993be5fa1285f26a5a1f1aed39175b5d9178fdf0e54fcaf5348b70a7742a35d97f79a0f3c4aaac17e7bfce9ee7d5e1313b08e1dd8c664b6ddba1dedfbf2bf1fae5d989e5d9715d4d24302606a7c7a706ae8c5fed8c85430adeb76eef633a3c664777ff6029ca1b77f59d3d9e8cc7245e3fda737eeb412d87504ca7a2a16078797179763c383db6303124bb71d306f24babcbb6b42a7edbec8710aec164b1966f6995dee869b2ff72d3834f09862cfa823dd4757afcfac50c6f22a653a94422958c27a261b57726982cd6ed8f3dafcffeae08e1da4aeb77480f61221a9e1f1fe05d6654556c75598d87957a9a1e3caa931797be2e8bfe786795fcd22aae2e43d337bad52b46f3ca1a76ea76728b2184eb138a363549bf7a7aa857bd52b4adb0b2aee51bcf51574109215c576145adf48b63abcba18519f58ad12ab7bfbcf589970c462375219410c2751556d432c6314f303f36a05e319ae4f697ed3efa3d93c54a5d083184705d669bc355c0f14adbfcd80df58ad11e7f5543fbb33fb4d85dd485d0430837e2f67174fb5264d3964e049adbdbbef96738f1ea168470235cfb60a2a1602c2c75b39b6e996d8e1d875fd87ae8193d1c322111d6093792e72be1ba3e3833a69fce2832146d6a6a7ef85b5687f60f5ae282106ec4e1e16b7bb132378510aec9555054d7fe58496d0b7521d90821dc883dcf2b180c625aea8942ab4bcabc4ca0250e4fc1e63d8f9435b4ea734b9a146421bcfee907d2a7130d264bfbb37fa16a3d6b120c067b5ebef4ce884abdd1a3018220f802f5154dbb8b6b9a0483ae9701ef892c844bd3a3c119a94d2909cfa9b33add1c215c9a53b5985c20e4f94a4a36b75434eed2c9e98299230b61221a967e31e1c1e55cb308896838954ce8edc570c698d591575051eb0fd4fbaaea31efc28b2c84f108c7cba0669b43bd4a366675f0ad26c756971d9e42958ac90682c16875e4d95c6e87a7d0ed2bcdf395e6f9ca78ff97e04e542114e35c4fc2dc09613414cc861096d4b6140636677207810982c16030998d4693c16436184d66abdde6725bec4eaedd7c704f34214cc4a2d2a71c196316ba109a2c36aeeb956df7209bb724a0b7c681b98b66d7423cb2ca753de1774223e7f6e24c7abf833ee54808099f8466ce10c6222a55025a4513c244346742c8bbc93881272170ca8d2721e1774203e742732a81f343814f6e8490f049c8bbdb035df181578e84906e6286b791611a21044e4421cc9def84bc1f47b9965e0058ce3c09e942288a0815a82b074268309a087763f23ed974de380c64c88110123e0619ff93d060c02b9ac02707d60909d72718ff448b802721702208613a95927ee01163cc6c239b1a65f8380aea230821d74b4c8c31b3cda952255270fdbd60fcb3a9000421e47a9d973166e67c8f4159bc1bb275f8462f6428077a3f8a4cdd93f136c6fb2434d1ed2b801c451042ee8d6029ca3d28bc4f42da6924c8450421e43d949c76235882f3d524da0515c8452421e47b12a65349952a91221a0a725d8f1002af1c0821edbbeab155bee325f07114781184d068e27c4d364af9ae3ae7c9ef02ed820ae4228a109a2d5c5f0b79bf95294814d3b13047086d2e3716eb8117cd1205d7d190bcaf5c2828b2bc98e6999bb5bbf3d52b06b48a2a841c9fd9d2a924ef261ba5f0b6b577b8e93b8e42cec9811032c622cb4bea14720fbc07bce0490832d08490f7b882c8caa24a956c2cb430cd75bdc35da05225a06134217478f87e5979c3a094a5a99b5cd7bb0a8a55aa04348c26844e2fdf09b8cb73932a55b28154221e5a98917ebd6030f01eaf0dc0c89e845e3fd7f52b14210cce8c73bd56ef2a28e6dd9107c0e89e847cb388e1e0fcfd9f209d1bede7badeed2f57a912d0369a109a2c36de635c17c607552a663d7323d7b8aef7f8cb54aa04b48dec7d424f7125d7f5f363032a55b2a67864353833c135c45b5aad4e2da0716421cc2fa9e2ba7e66e82abb8f6ff74eddf89cebc759ec4e4f119e8420075908bda57c218c86828b93232a15f375e3d72e725d5f58b919e7d7823c741f478bca79f73a4f5cef52a796bbad2ecef2ae10fa2aeb542a06348f2c8406a329bfac866bc8f8b50bf7e7ddc2a1aed3bc437c817a352a013da06cf4545cd3c4757d2a111fede950a998db62e195f1ab17b886784b02bc93bd00b7d186702bef90a18ba778db9ff11aecfc98b7a146f99656958a013da00ca1cde5f114f12d70c7c2a181ce132ad5c3185b999f1ab9f219d71083d1585ab75da57a400f88fb8e9635ece41d32dc757a79966f054f2251147b4efe9ab7efbdbfba11cd9d2013c4212c6fdcc5dbb23a9d4a751d7f2395882b5e4cffd9e33256412ab7ee51bc12d015e2109aadf6d2fa1dbca35617672f7df833654f879f1ee81ee8fc987794db5fe6af6a50b00cd021fa36f855dbf6c918353b7cedf247bf502a87d383bd5dc7df90b123a776d7c38a14007a461f42b7bfac6853a38c8193fd97cfbdfdd3ccdb408df59ebf74ec75ae864eb738f3fdc5b5cd19fe7400fa1032c61af61d110439952c4e0c7df2f37f9ceceb92f77313d170d7876f5cf9dd9bf29ea8f50f1c16046c55834c65c54ba8ae82e2f2c6b6b1def332c6c65657ba8eff7ce4f3cf36ed7cb0a866abc45424e3d1e1cb9f0e5dfcbdec2d38feaa8692da16796301ee941521648cd5b71f9e1eece13dbaf0b6c5c991c5c9d76c2e8fbf7a8b3f50eff697dbdddebb76548ba2185e9a0bce8c4d0d74cf0e5fcbe4880ba3c9bcf5e0d3b28703dc295b426875e6351ffad6a563af677293682838da7d6eb4fb1c63cc6832db5c1ea3d96a349b538944321e8dad2ea7920945aaddbce7113b1aab8142b225848cb192cd2de58d6dbcfb36d7934a26785bf74ae4af6ad8d4fa901a77067dca8a8999db9a1e3c9ae55d031d9ec2ed875fc07c0c2828bb4268b258771f7d396bdf48309a2dad4f7ed78c03b14151d91542c698cde5d97df4e52cfc453759acbb9f7a39af109d454161591742c698aba078cf333fb03addd4857cc964b1ed3efa727e59357521a041d91842c698db5fb6ef4ffe2acf574a5d08638c599dee3dcf7cdfcbd9990a40a22c0d2163cce6f2b43ffbc3d27ae257f57c81fa3f7ae16f3c4515b465808665d112c5d7992cd61d875f2caddbde73f2ed5898efecf8cc198cc6cd7b1ea9dd75086dd44055591dc25b8a6bb61694d7f49ffd68b4a723936d2e5c4a6a5b1af61f717870e827a82e0742c818335bed4d0f1daddd7568f0e2a9d1ee734a6d7c595361456ddddec7300703f78d70e4951f51d7c027110d4fddb8327efdd2e2c4b0823db92d7667f996b6cae6bdbcc7b6016428379e847732db1c95cd7b2b9bf746434b3343d7162786162747e41de52b0806775199afb2aeb0b22ebfb49ab719318022722f84b7d95cde404b7ba0a59d31160d0557e6a722cb0be1e5857070211e5e4926e2a9443c954ca4534983d168325b8d668bd16cb53a5c4eafcfe9f539bcfebcc26293c546fdef00bdcbe110dec9e6f264ed6637808d65ef3a21804e208400c41042006208210031841080184208400c2104208610021043080188218400c41042006208210031841080184208400c2104208610021043080188218400c41042006208210031841080184208400c2104208610021043080188218400c41042006208210031841080184208400c2104208610021043080188218400c41042006208210031841080184208400c2104208610021043080188218400c41042006208210031841080184208400c2104208610021043080188218400c41042006208210031841080184208400c2104208610021043080188218400c41042006208210031841080184208400c2104208610021043080188218400c41042006208210031841080184208400c2104208610021043080188218400c41042006208210031841080184208400c21042086100210fb7fa8f91b46de0c90eb0000000049454e44ae426082');

INSERT INTO store_users(user_id) VALUES('70319d95-36c3-405d-82e0-34e35345e7fc');
INSERT INTO participants(id, tpe, did, name, logo)
  VALUES('70319d95-36c3-405d-82e0-34e35345e7fc', 'verifier', NULL, 'კუხიანიძე-თედორაძე', E'\\x89504e470d0a1a0a0000000d494844520000012c0000012c0802000000f61f1922000010e449444154789ceddde97314677ec0f1eeb9748c46e7488c1008813804c81cc236c618db4b791d20b6b35e576a37c1a96caa92179b2aa72afb5ff84df2626b53bbaf725412d77a63ef66cb764cadd7868dc5656310e214088484ee9146331a694673755ee080c123314f6b5a3fa9fbfb79eb7e869f5d7cdd33d3d34feb87df7a5b0320c7253d00e074440808234240181102c2881010468480302204841121208c080161440808234240181102c2881010468480302204841121208c080161440808234240181102c2881010468480302204841121208c080161440808234240181102c2881010468480302204841121208c080161440808234240181102c2881010468480302204841121208c080161440808234240181102c2881010468480302204841121208c080161440808234240181102c2881010468480302204841121208c080161440808234240181102c2881010468480302204841121208c080161440808234240181102c2881010468480302204841121208c080161440808234240181102c2881010468480302204841121208c080161440808234240181102c2881010468480302204841121208c080161440808234240181102c2881010468480302204841121208c080161440808234240181102c2881010468480302204841121208c080161440808f3480fb0a466a6c2a7ffeb9f528919136b75ddb5ff877f170836167d2a389cb3ce84feeae09e577ee4f6784dac358cdce5e3bfd634a3e853c1e19c15a1a669d5a1e65d878eeaba997ff1c8f09dbb57cf157d24389ce322d434ad61fdd6ed2f7ecfdcdaeb9d1fa5e712451d074ee7c408354d5bdbbeb7b9fd19130b538999db5f9d28fa3c70328746a869dad6e75fad6a586362615f57672a112ffa3c702ce746e8727b761f79d35b5aaeba309b4ef57ef9991523c1999c1ba1a66965819a9ddffd81a6e9aa0bfbbb4f27e3512b468203393a424dd3ea5bdad6ed7c5675552e9be9bbf0b915f3c0819c1ea1a6695bf61d2a0bd4a8aeba7be58b6c3a65c53c701a22d4dc5e5ffbc1efabae4acf2506af71cd104540849aa669c1e6cd4d6d1daaabfaba3af9010d168f08bfb6f5c0ab1e5fa9d29299c8f8e4e06d8be6817310e1d7bca5e51b3a5e505d3574fdbc15c3c05188f081965dcf959457282d19b9d99dcb662d9a070e41840fb8bdbed6270f2a2d49cf25c6ef5cb7681e3804113e646dfb33a515d54a4b466e7459330b9c82081fe272bb9bdb9f565a121eb8c177a4580c227cd49aed4feb2e77e1c7a71233b1f161ebe681ed11e1a34aca03ab366c535a121eb861d130700222cca3f9897d4ac74ff41321cc23c23c6a9b36f8cafc851f1f1dbb6bdd30b03d22cc43d7f560f3e6c28f4fcf2512b18875f3c0de8830bffa9636a5e363e383164d02db23c2fcea9b372bedc8161b1fb26e18d81b11e6e72d2d0f0443851f1f8f8c5b370cec8d08e75551bbaaf08393f129cb0681cd11e1bc02750a6742b69c816944382fa508e76662462e67dd30b031229c57456d43e1071b8631373b6ddd30b031229c97ea96a4ecfb047388705e1e5f89ae2b6c499acda4ad1b063646840bd0ddde92c28f26429843840b51dafa29478430850817a672b7aeca7b57e03e225c88d2772d2eb7b39e3d8e6221c27919b96c26952cfc788fd767dd30b031229cd76c2c62180a6f474bfc95d60d031b23c279cd44c60a3fd8e576fbca941f75086844b880c921852deefdd5f5269e73086844b880c9bbbd851f1c08365a3709ec8d08f39b8d4e44c7146e96af5ab5c6ba61606f4498dfe0b5af948eaf5bb3d1a249607b449847369dba73f164e1c797f82b03750a770003df448479dcb978329d9c2dfcf8c64d3bf85606a611e1a392f1e8cd2f7eafb464f596dd160d032720c24718973e7b5fe9d76ad5a1e6aa06be95817944f8905be74e8cf75d535ab2bee3798b86814310e10323bddd3da78e292da96a680ab5b65b340f1c8208bf16eeefe93af68e61a86dd6b465ff1ff3950c1689bb6f344dd3867a2e747ff2aeead3e7d76c7db26e4dab4523c1399c1ea1611837cf7e72f3ecef559fb65b16a86e3bf08a4553c1511c1d61321ebdf8bb5f4ea8fc46f41e97dbbdebd0516f49991553c1691c1ba1d17fe9ccf5ceff51ba6df7beed2fbe5e1d6a2efa4c702627463871b7f77ae747a69fecb9f9993f5ab3eda9e28e04277356849383b77bbffc34dcdf63fa15363efd52eb53078b3812e0880873d9ec68efa5beaecfa746fa17f1327adb7347d6efe6d23c8acce611c6c60707af9d1fbc764ee907d9dfe6f6fa76befc67ab366c2bd660c07d368cd03072d1d181b1db57876f5c9c8d4e2cfe050375a15d87fe5ce9718540e1565e848661f49cfa78be7f9a988e84fb6f2cf2bc779faeebcd3b9e6ddb7f843d45619d15f877cb306e9d3bbe047f4ea02ed47ef00d2e45c06a2b3042ebf9ca2a36ed7d69edf6bdba8bdfd6c27244f8106f6979cbcefd2dbb0e787c0acf63021683081fa859ddb2e7951ff163342c31de6e3d1019eafbfc3fffb1f78b4f8bf5bd0e5008ce840f49c6a33da78fddfaea44cbaee7d6ef3ea0f47c42c01cce84796452c99b673f39feaf6f0f5c3aa3f44c18c004229c573a397be9b3f74ffdea67d31323d2b3c0ce88f031a2a303277ff9d33b5d9dd283c0b688f0f172d9cc953ffcf6fc47ff9ee5a9f4b00011166aa4b7fbcc7b3f9f9b99961e047643840aa26377cfbcfff3643c2a3d086c8508d5cc4c85cfbcff0bce8728a215789d50d7bca56a0fa6ce6533b94cba58171b66a313e73ef8e7bd6ffcd8edf116e505e170fae1b7de969e618964527389e9c86c74323a3a1019ee8b0cf71939b5ad7ebf29d4fac4ee236f16713c38d60a3c139ae5f19504ea4281bad0bd1be4d3c9d9919bdd7d5d9df1c95113af36d2db7de7e2a9753bf6157b4c388e733f137a4bcbd7b6ef3d70f4ef771f3e5a5a5165e215ae777e682e60e09b9c1be1ffd3431b771c38fa93a6b60ed595d94cfaf2f1df5830129c8508354dd33cbed21ddffdc196670fab2e9c1cbc357ca3cb8a91e01c44f8c0863d2f6ede774875d5f5931f2fe60b1e80081fd2fae4775477d74ec426877a2e58330e1c81081fb5edf9d7fcd541a5254bb3f114ec8a081fe5f6fab63eff9ad292f8e46864f88e45f3c0f688308ffa755b826b37292db97be50b8b8681ed11617eeb3bd49e393172b39baf67600e11e6176cdee4afa92ffcf84c2a393974dbba79606344381fbd71d34ea505e37d572d1a05f64684f30ab5b62b1dcf9910e610e1bc02c1465f5945e1c7c7c68773d98c75f3c0ae887021358d0a4f833172d9d8f8a075c3c0ae88702155abd62a1d1f8f8c5b34096c4cf87e42c330b4826f785ffa672455d434281d3f438450271ce1a95ffd2c3a3a50e0c1078efe64891f97ab749542d3b4d9a9223c18184e23f976d43072f18237b7d675577995da4f3a174ff566dfb95936808232c9086722e3856fa75b5659e372bb2d9de7db3cbe52a50765a71271eb86815d4946180b0f177eb0eac7b36251ba4a914acc583709ec4a3442952ff4fdb56a1fcf8ac5ed55d8d7907df261826c842be04ca8f4763497cd5a3709ec4a32c2e9f050e107fbc52254fa206a18393a841ab10893f1a8d227a80ac5ab05c5a2eb6aff8978a8285489451853390dfacafcaa5bdf032b855884d3e32be0bd28b004e4ce846adfcac8bc17059680e0db5195eb139c09615f32116652c9d968a4f0e33913c2c664229c0e0f6b9ac2b7889c0961633211c654be9571b93d659535d60d03c85a0111faab83baae5b370c204b28c295f05b196069084468e4b24acfd6e45b19d89b4084f1c931a51f3afb6b3913c2ce042254fa40a8712684dd2dff08757f3511c2ce242254f956a6b4a2caedf559370c204e20c269955d2dcaab6aad9ba41086a1f6ac25aea640d55247984ecea6e712851f2f7e7b9ee2cdf2baee5aeadda8b0d22d7584aa1bf88a3fdd416900979b1dcda16ca9ffd2286dd9a22d8b0815ce849c06618248840a9f9ad2c959eb8629fa00aaff8b0134912f6694b64e9a9b95dc4ed7307299d45ce1c77b7c25d60d03bb1288d0e32b2dfc602397153c19a693b34ab75cf9cafcd60d03bb1288b0c41f503a7e363a69d1248f95884d291dafb45d37708f4084a5fe4aa5e3e391318b2679acd998da5396881026889c09152354b9e5a2b866a36a1196f07614ea24ce848acf1b9b1ab963d1248fa5b4259ca669e55575164d021b1388b042f1d6a4a99101a9ab85aacfa0e7fe6398201061a0ae51e9f85c361319ba6dd1300b4825e2aadf0955083d3a0a2b9a4084fe9aa0ea45ede19bdd160db38070ff0da5eb13de9232be9881090211eaba2b50a7f6e8f9d1de4b4bffb4a3707f8fd2f195f5ab2d9a04f626f383e39ad5eb958e4f2566867aba2c1a26af5c36337aeb8ad212d57f29e01e990883cd9b5597dc3eff072b2699cfe8adcb9954526949edea166b6681cdc94458dbb441f563e174787878094f867d173a958ed7755775689d45c3c0de6422747bbc26debc5debfc309b4e5931cf2326076fa95e9cac59ddc2361c3047ec26d4d59b77aa2e49c6a3574efcb715c37c936118d73eff40755568e30e2b8681138845d8b869a78953c7ddab5f0e5c3e6bc53cf7f55f3c191d53bb46afeb7a6863bb45f3c0f6c422747b7de6ce1e978fff7aa4d7aacb86d1b1bbd73a3f525d55b37a7d49b9daad21c07d927ba234b7ef35b1cac8e52e7cfccee0b573459f27119bfceac37f33f113b9753bf6157d1838876484d5a1e6fa9636130b8d5cf6e2efdebd72e237d94cba58c3cc44c64fbff78b643caabab0acb266552bef45619ef0ee609bf6be6c7aed9d8ba7fef73ffe61ecf6d5c58f31dc73e1e4bb3f4dc6a74cac6dd9b95fd7d9640de6096f4c54d5d0146a7dc2f467bc446cf2dc07ff5259dfb4bee3f9506bbb897d9662e343d73b3f0a0fdc30374089bf72ed76336faa81fbe47707dbf6c26b13776f2aed08fc88d8f860d7b1772efb4aea5bdaea9bb754879afd35c185f7744bc422e1811b8357cf4586fb4cffb99aa6b5ed3fc2e5412c927c8425fecaad075ebdf8c9bb8b7c9d4c6a6eb8a7ebdeaf6a3cbed2b2ca9ab2404d893fe0f6f8dc1eafa6ebb94c3a934acec6266722e3263efb7d5b4de3bad55b762ffe75e070f2116a9ad6b475cfe8adcba3b72e17eb0533a9e4747858e9a117aadc1e6ffbc137ac7b7d38c772f94661e7cb3f5c59b7026d7ff1f58a5ab51bb280bc964b846eafefc957ff4a75fb19296bb63dd5b4758ff414b089e512a1a66925fecaa7fee4af977f87f52d6ddb5f7c5d7a0ad8c7328a50d3b48ada867d7ffab7aa3b412da5e0da4d1d47fe4269277f6061cb2b424dd34a2baa9f79e3c7756b5aa507c963556b7bc72b7fc9535f505ccb2e424dd3bca5e54f7def6fdaf61f593e271c5dd7373ff372c79137dd1eaff42cb09b65fa3f755dd7d777bc106cdedcfde97bd1d101d961ca0235ed07bf6f624b0ea010fae1b7de969ee131466e5eec39756c662abcf47fb4cbed6ed97560e3d32f7102847596e999f09b421b77acdad03ed473bebffbf4d448ffd2fca12eb7a769eb9e0d1d2fb0b33dacb60222d4344d77b99adaf634b5ed999e1819b87c76b4f752517e7796577955ddea2dbbd7ed7896870d6269ac80b7a3794d8787c7faae85fb7b62e3834a0fd3cd4b77b92b83a1e0bab6c68d4f04826abbf4038bb432ce84df16083606828dad4f7e47d38c99a989e9f0502c3c92884d26e3d1b99958321e5de07e5fb7c75b1aa82e0bd49405aa2b6a1baa563557353471e101526cf0374ff75707fdd5c14776acc96533d94c3a97c96433e95c36a3bb5c6e8fd7edf1ba3c5ebe65c1b2628308f373b93d2eb7472b919e03789ce578b11e70142204841121208c080161440808234240181102c2881010468480302204841121208c080161440808234240181102c2881010468480302204841121208c080161440808234240181102c2881010468480302204841121208c080161440808234240181102c2881010468480302204841121208c080161ff076f15759e6f7131870000000049454e44ae426082');

INSERT INTO store_users(user_id) VALUES('cf09254a-7ca7-4f85-b4bf-ed0802cfc56b');
INSERT INTO participants(id, tpe, did, name, logo)
  VALUES('cf09254a-7ca7-4f85-b4bf-ed0802cfc56b', 'verifier', NULL, 'ხარატიშვილი, ბაქრაძე and ზედგინიძე', E'\\x89504e470d0a1a0a0000000d494844520000012c0000012c0802000000f61f192200001c6e49444154789cedddf7731be79907f05d7490004182007b0149b1492645aa44926d492e9163cb723b3bcde794bbc964ee2693c9df91999b9bbbcbdc6472b9f1e4e2143b7112dbb195b8db6a5697a8c22af606109de8fd7e504e6789b2b8cf62172f80fd7e7e7e5fee4360bf78b7be2fffc40f7fcc01003b2ad60500281d4208c0184208c0184208c0184208c0184208c0184208c0184208c0184208c0184208c0184208c0184208c0184208c0184208c0184208c0184208c0184208c0184208c0184208c0184208c0184208c0184208c0184208c0184208c0184208c0184208c0184208c0184208c0184208c0184208c0184208c0184208c0184208c0184208c0184208c0184208c0184208c0184208c0184208c0184208c0184208c0184208c0184208c0184208c0184208c0184208c0184208c098867501209e77712ae05c10dede52df6a6beb91af1e1007212c61be95b91b673f10debea96708212c422c43e85b9e5977af086c6c6beb3659eb65ada7e468740652fbb07f4da64a201f2c43e8bc7165feca67021b0f7ef9ab08e11db47a5a08d7ddabc958586734c9540f88830b3325cc586525f6c8396f5c93a514c8034258c2aa6c8dd42e0b57851e7a40c12084254c6ba830982ca42e21afd3b33825533d200e4258daaa1bdaa95d264ffd558e4a403484b0b4d5776da37609ae2d396f5c91a3181007212c6d758e3e955a4ded3576fced4c2a29473d20024258da343a83adad97da2b1e0e4e9e7e578e7a400484b0e4750cef17d16b7ee414e99137900f4258f2accd9dd50d6dd45eb95c76e4bd5771505a0c10c272d0b5eb1111bda241efe8b1b7242f06a810c27250d7d16f6f279f19721cb7347a6e75f2b2d4e5000d425826b61e7c56a516f324f0d58ffe10f6b924af07844308cb4485c5dabdf731111d33a9e4a5bffc0a27870c2184e5a373c781ba8e7e111dc3beb591f75fe3b89ce4258110086139e1070f7dbdc2522ba2a76bfadae4e9f7242f08844008cb8a566fdcf1e4b7b57aa388bed3e73e5a9d1c91bc24d81442586eccb50dbb9ff91ef5a5fb9bae7ef87be1731d805410c23264a96fd9f5d43fa8355a6ac74c3a75f1e82ba978548eaae08b2084e5a9a6c9b1fbd9ef690d15d48eb175dfe5777f9bcbe1224de1208465aba6d1b1efab3f10719dc6b330397dfe23394a82bb4208cb5965b56ddf577f50d3487ef177fadc479180478e92602384b0cce98c955f7aeefb4d3d43a45ed94cfafa276fc852106c8010963f955ab3fd2bdf740cd1de78f22e4ee1b1d2c2400895a27fff91ce1d07495d264fbf872b340580102a48ef03875bb6ee16de3e1af4ba66304fa9ec104265b9efe1e76a9a1cc2dbcf5e3c265b2df03708a1b2f02af5f0e32f09bf7f18702e60160cb921848aa3af346f3bf88cf0f6cee9abf215031c42a84c8d3d43d6e64e818dd76646652d06104285ea7bf088c096918027e277cb5a8cc221840a65a96bb6b5760b6cec599894b51885430895ab6d60afc09621af53d64a140e2154aeba8e7e819749311394ac1042e5e2556a814bd887bc08a18c104245ab6de912d22c9d8ca71231b98b512c8450d1aaeb5b05b6c49c88f2410815ada2da26b02542281f8450d1d41aadce5829a465268d10ca0521543a81f323e29d26f920844aa7d6ea8434d3d1e78c02811042a5cb65b3429a8998b80d044208954ec8c91eaf528b9b4d18844008952e110d6fda465f612e40258a85102a5a3a191772efc16c6b2840318a85102a5ad8b726a45995ad49ee4a940c21543481af4754d91be5ae44c910424513387f8c1923a19c104245131242ada1a2b25accc2a3201042a85cc95858c88b82358d0e8ee3e52f47b91042e5f22e4d0b69469aa714444008954b68081b1d3217a27408a172f99667366da3526b2c75cd052846c91042854a4442422632b4d4b7a8d49a02d4a36408a142adcd0a9ad2d752d722772550e63f729954321e594f4442e9543c9b4e65d269b556abd1ea353abd5aab37982c02dfa62b0bb98073d1bf3ae75f9df7afcc25639b3f32ca71dcfcc8a94434bc65f723266bbddcf52956b985301af4fa57e6826b4b619f2be4756dbaabe92bcda69a3a93b5aebad1616feb29c7177672fe95f9d51b579c37ae2622ebe4ceb9eceae4e5d5c991faae6dbdf73f5129783a0c10ae1c42984ec63d0b936bb3e39e850921ef047c5e22124a4442dea5e9f92b9ff13c6fa96fabebe86be9dfa5afac92a9da824927e30bd7cecc8f9c8c878379ffb19c6bfa9a7b6ecc31b47fcbee4705be070c02957008b399f4daece8f2f825f7fc442e9bc9ff0fe672b980733ee09c9f3af341e39601c7d07e4b7d499e11c5c3c1b9cbc717af9f4d271312fed96c263373e19395894b038fbe2070c25210a2244318097816ae7cb634763e9d8ccbf1f773d9cccae4e595c9cbf6f6dead079fa9b094cc435bd94c7af6d2f1e9f31fc937395a3c1c3cf7e6cb1d3b0ef4eefb0aaf52cbb4154529b110fa9667672e7cec9e9fe4b842cc3be49e9f38feeb7feddcf950d7ae878bff4abd7b7e62f4d337a341affc9bcacd5efcd4b73cbde3f0b70d268bfc9b2b73c5be63dde25f9d5f1c3def5f992df076b399f48db31fb8a6afed3cf21d6395b5c05b17289bc94c9c3c3a3772a2901b0dba963efbfd7fee7afa1fcdb578e5372f25739f70f1fad9c227f09690d779f2b59f087cceabc062ebfed37ff869811378533c1c3cfdfa4f8bf3632921251342e652f1e8b937ff7b69ec3ceb426e13742d9e7ced3f82ae455605a493f1f36fbd8c1ce6032124c865b3d73e7c7d75ea0aeb42fec6b73c73f68d9fa7e251b6656433e90b6fff42e0fbc1b011424893cbe546de7bd53d3fc1ba10ce3d3f71fead97a5bd09215a26953cffd6cb0267ac813b208464b96ce6d2d157429e558635045d4b978ebe9249a718d67087542276f19dff91e9a651792b99aba34525934e5dfaebaf1ff8c68fd41a6de1b71e0f072ebcfd8b7c12a8d1196cadddd6e68e4a6b5d65b53d97cd46fc6b21afd3b330e95b99153827f7469180e7cafbbfdbf1e4b7f0263e09422852c4ef1efdf4cd81475f28f07633a9e4f93fff22110d89eb6e6bed760cefb7b576f3aadb0e822a2c56bba3af73e743e9647c79fcd2eca563b1759f88bfef9ab93e7bf158c78e83e2ca53a6b20da1ce6832db1a2a2cb54673b5bec2acd6ea556a4d3a194b27e291a037e85a5c77af6433e97c36b1347aaeced157df759f54350b317aec2d7147c2354d8e6d079f35db3699bc50a333b40fee6b1bd8b33c7661fcc43b2216e89d3cfd5e5dc7d6ca1abb882295a99c42c857d91badcd9d354d8e9a46c7a633b7675249e78d2b793e003076fc6dbba3af600fd3b8e7c69746cf517ba935dafe034fb76edb2dfc2891e7552d5b77dbdbfbae7ef4ba7b6e9cb4b96c267df5c3d7f73cff4f3c8f8352414a3e846a8dd6d6de5bd7d16f6fef252d99a0d6ea9afb7735f7ef72cf4f8c9f7847c8bc631bc542fed94bc7bb763d2ca22f552a1ebdfad1ebd45efacaaa9d47be23eedd5c7da579e791ef8e1dfff3fcc8495247ffeadcc2d5cfda07ef17b151052ad510f22a759da3afb1677b9da33fcf376becedbdb52d5b468fbdb978ed8c88ee33173e6ed9ba5b5f61caa70621c64fbc9388d04e058d55357b9fffe77c1eefe4797eeb81a7b57ae38db31f903a4e9d79bfa9775849ef4c8b577a21b4d43537f7ef6aea1992f0055c955a7ddfc37f67b1375ffbf84fd447c3d3c9c4ccf98ffb0f3c2555317715f23a97c72f90bae88ca6ddcf7c4f9207acbbf71c4a44d617af9f15de25158fce5cf8a4f7fe27f2df7ad92b9910aab5bac6eeed6d037be59bf5a4f5be3dd96c76f4d337a81d97c6ce75ef3d24eb0a7e13278f9216ace655ea5d4f7d57c217e1b73df45c24e0113241db2d73974fb40fde8fd72c36553237ebb71e7c66e0d117e49e77a87d705fe7ce87a8bdd2c98488eb25c27997a6a9cfe8f4ec7dcc52df2a610dbc4a3578e86b1a9d5e78976c263d73e113096b28572513c2825d68ebd9fb95ea86366aafb99193b99cc87bdc9ba29e8fd53475c871a7ce68aee9df4f3bea5e1a3b2fe22687d2944c080b8657a9b63ff64dea5d87d8ba5fa6074a439e55d241e0cd4b2932dd1e68d9baabca4e58a129934a2e51ce24950921bc8b0a8bb563783fb5d7eae4881cc5cc116f0f34f7ed24e58488a75e6b991b3925df3142794008efae6bd723d4bb0e6bb363793e82b35132165999b824bc3daf5275ef3d246d0d77b0b5f5d43475086f1f0f073c0b53f2d5530610c2bb536b75ed830f90baa49371f7fca4b465ac4c5c2205bb71cba0c1542d6d0d1b39b6d33e9995f18b3255521e10c22fd436b097fa9284734ae223d255e21f740c918fa245a8efdc46baf1e09ab92edfec6f650021fc425a434553ef30a98b7b41ca69e062a140c04998b7c252d7529889527995aa65eb6ee1ed33e9946be6ba7cf5943a84f05ea8214cc5a3218f53aaad3ba7ae9022ddd43b24d5a637d5d83d486aef9a11b4fe8c322184f752d3d4419d0f9f743be1de9cd35729cdf9862db460e4c364ad272d11e35d9c12fdae70d94308ef85e7f946e29e2dd5bc63e9643ce85a12debea6a9bdc00f88356c1910de3895886126a82f82106ec2d64e5b74c1b7322bc969a16f7986747bcd5ef0c5216caddda4f6c5303b5671420837616dea20adb8908a47a341311343dc813aa2d6122391bfea8656d24b64be65cc4d7a7708e126d45a5d7503ed4968492662238550a333147e01295ea5ae6974086f1f5c5bce6624583cabfc20849bb3521e10e1382ee4cdf702693a19275d65ad696ce779065fa5b5c921bc7136930e795664aba58421849ba33e8ab99ef748b8ee5e219d5856315a59becade4c6aef77cecb5449494308375765a7ede2f91f8e52ff82dcaf597e116a0849d77b950321dc5c85c54a9a2b25b6eecbf349ee7537edb0cd52470b8354f49566d2e45ae266d32a7b08a120a4593473b95c9ecbc4930e68b57a23c329244c94c509237e3769920e85400805a1ae981d0b05446f2b97cb91460cb6ab795758080ba766d2a978c82f5f31250a2114841e42f1bb5a22b24e3a9aad906e3627112a2db4ad63e5a68d104241a8d396c5f3180963ebb4004b38a59a08a49190e3b848d0235325a50b2114847ad2450dd26d7d89a36845152d06d2a21e23e479b65c9610424148d700398e13bd6a12470fb0be92569bb474c4494010c28d104241a83b7a3ef3fc514742ea0f84b4744613e9611d8470238450108dce409a04319f75e4a90b4eb01d09799ed71909eb1120841b218442e98c84e3ae7c46c2548210605ea5d21a2a456f4b123aca509c8c86e5aba444218442916680cf278449ca28aad119982f03487a9c28934e493e3164a943088522853097cd8a9e5f2c15270458d6556804d740f864388e4b25e2325552a21042a1345aeaae2672302475a406400ed41f823456a7b81d4228147557cb65c5bcc09a4925491d8b228485fa792a5708a1502a0d6d8918716f9167d2b483d862381c55137f0832a9844c959428845028d24c331cc765458d84d4e852578f9203b5862ce63ebc1d4228944a45fbacc44db3493d886532abc51de89f0c669ab90dfbafb0545077777117e2a923214f0c801cc89f0c42783bf65f61a9a0eeeee24642ea0e4a1d85e440fe6430e7daedd87f8525837c4f5ccc2be4d4e852cf54e55098b3e53286100a453e5b2b4c3c8a62b6085a0dc5701e5b54d87e1c8c9fb722a18e512ab59810920fed8a6025ea521cbd8b0acb1096d69751985dad142ff717e6e7a98cb10c61697d19d43147252e84c45ec570b99f7e31a994bef702c0482814755713f7df15e61aacb4a83f4f7c49fdf816004642a1d249dac3562ab598cf967c385a04af05516bc0487807a621a47c19cc278da53ef1a8263ed67c13f587a9185e0ba2ff3c2184b729999190f9cda57492f468352feed16ab5564fba689c4e1643086935687484978095806508d51ac21293cc1fb3208d845abdc817de799ed7ea09e9a58e4272a0d6a0352084b76119422d658220e6d7e269efda52667cb883d640f8588a6124a41ea86bf5847f5009988690f26564892fda492b97cb922650238d6677f6a50c14e9649cf9f2b7c958447863b5468b73c23bb00ca18ef293cff60a443216255d1922cd7db4a12f6da0c867a2614990e668248df30ac17424a4fce4b39d132149dcd1f3998690ba9b2622eba2b795bf6c264dfa6af2f9792a57257338ca368489186db64ca3b95af4b60cc4c97cd986903a0eeb2bab64aaa47431bd3aaad5a9b5422f90a6e284130fc951d787c8278446e2022f6ce7b4a6fe0418ab6a64aaa474317ea944f88a426c77b568d04b6a6f308bdfd5a8bb6924c072b131ead68d797c32e58a7108857f25f17050dc6bb29288067da4f6f98c84d4a5ce227eb7e86de52f1aa0fd3c556024dc807508052f3199cd644897c2a5155b2f5c08a96305e391b080c708e58a7508295f4984f8a32b9d5cd84f58e459a333e473215eadd5e98c848babb15040f494fbf98b0668e33046c28d989f1312be92b0d7295f25f7100978497bb9b9b63ecf2d9aaca4bf905b772fe7b9457172d94cc8eb12de5eab37e2eae8468c4348dadb423ec2f72da175f70aa9bdb9b631cf2d56d99b48ed03aec53cb7284ec8eb22bdc764b6e5fbc99425d62361b54df85d0a562361c8430c61debb1a358441d7529e5b14873a02238477c538843ccf57d984ee7001d7229317c9fdab73a4f6665b439e5bacb23793da532b944ac0b9406a4ffd715108f693cf09ff6232a9e43a7150ca5f36930e3869077be6da7c4368b2d6915eb18f87836116c7ea9ec52952fb2a8c8477534a21e438cebf322b5f2577dfe2ea3ce9b4c764adcb7fa5249e57510743f7fc449e1ba58a06bda40789546a8dc99aefcf5359621fc2ea8636e18ddd7385ded5bc4b3748edadcd5d926cb7b6750ba9bd7b7e5292ed0a471d066b9a1c7889e9aed887d064add70b7e64d9bb3c5de027b95dd3d748ed6b5b3a25d9ae8d1842dfd27481df6972deb84a6a5fdb42fb8f94837d0839cad793cb66d76647652de6f3c23e57d847b84dcf719cb5599a10d634b60bbf6ecc715c2e975d99b82cc9a6854844c3bea5195297da16698e11ca4f5184d0d6d62dbcf1f2d805f92ab9c3ead415527b93b55e673449b2695ea5a6e67979bc709f8c736a8434dda84667b0d4b7c8574f492b8e10b61242e85d9a2ecc95c05c36bb347a8ed4c5eee895b0007b3bedaf853cabbe65dae824566ee1da695287dad62d5807e68b14c5e7a2afacb2d4112e06ce5f39255f31b7b866ae51df9f6adcb25dc2021abb07a913724f9fff58c202be887b6e827a94ded423e52753668a22841cc735f50e0b6fbc347a8efa96ad0873974f90da1babacd21e71e98c26d23102c7719e85c9023c3d3373f153527bb5566777f4cb544c1928961036f60c093f5cc9663293a7df95b59eb5d951ffea3ca94be39601c9cb20fd36dd347aec4d595fbc5c9b1ba31ef4d6776e536bb432d553068a2584fa0a33e9ced8cac465f9ce7f72b9ecc4a9bf507b35744b7fc455df751fe91a29c77101e7c2e275daa9ac70b96c66fcf8dbd45e4d3d4332d4523e8a25841cc735f7efa434cf5d79ff7732cd3f3d73e153ea398fa5be95745a2b905aa36da17d2c1cc77113278f52a7021068eacc07e4f92caa6a6ced3d721453368a28848d5b060ca66ae1ed6321ffd50f7f2ff9a1d7ba7b79eaccfbd45e1d430f4a5bc6ffffe5e183d4cb33a944ece2d15f66d229692bf12e4ecd5c205ff8e918da8feba2f756449f0eaf52770cef277571deb83a768c7c74740fc958f8d25f7e4d5d79d360b2346c1994b08ccf3356d534d20f74439ed591777f2be112a211bffbf2bbaf52d7c6d2ea8d2d5b774b5543b92aa210721cd7baed4bd48921e6464e8c1d7f5b9285d3d2c9c4b9375fa64eacc6715cdbc03eea6045d2b9f321d2524d37b966ae5f3cfa2b4926c98f06bd67fef45f49e2e4ab1cc7b50deca39ed32a50718550add539b63f40ed3577f9f8a5a3afe4b9344a3c1c38f3c79f899827426734b50fde9fcfa63765ae6d68ec1133d2aecd8e9ef9e3cf62a1bc6ee7f896674ebffe5311530c6bf546876c47e9e5a4b842c8715cc78e8322a6a674cd5c3ff6ab7fa13e6c7d8b7b7ee2e4ab3f1137534bcfdec7343a31eb8192f43f7844dc5602cef913bff9b7a5d173220e16b299f48d731f9efdd3cfc53d1adebde71069c62ac5e29ff8e18f59d77027d7ccf58beffc525cdfea86b6ce1d07eb3ab7095c1e30ec734d7ef657d78cc887c2cdb50d0f7cf34785b9f03077f9c4d8f13f8bee6eb2d66dd9fde5faae6d425e17cea453cea991a933efc74201719b33d7363cf08d1fc97a945e36682ba417467de736bba3cf3d372ea26fc0b970f1e82b3aa3a9ced16777f49a6d4d1516eb1d21c9e5b261afcbbf3ab73c7e29e0a4dd91bf43fffe2305bbf4d7befdfea5b1f321cfaab8ee61dfdae5777fa3d119ea3bb75a5bba2cf66693b58effdc8ae5b95c2e1af004d796bc8b379cd3d7f23cbcef3ff034122850318e841cc7c542fe93bffd77495e1d54a9350653955aabd7e8f4d9742a9588252221492edfb70decdbf6d0b3f9ff1de1c2beb553bffb8974b38cf21a9d5eab37f02a552a114f27e2a41723eec131f460fffea724f9534a50a4bf554673cde0635f17714970a36c261d0dfa429e55ffca5c706d391af4499240736d43fffe23f9ff1d1293b56ee0d117a4fb7bb974321e0b05a2415f2a1e952a81d50d6d7d0f1c96e44f2944918690e3b83a477fd7ee87595771776a8d76e8f11749733149a5b17b7b315f72d4ea8d438fbff8f9a35cd854f18690e3b8ee3d8fd515dfd3f73cafdafed8378893644ba9ef8127ebbbee63b5f57b506bb4c387bf857597a88a3a843ccf0f1f7ec9eee8635dc8e7f1038f3ecf3603bc4a35fcf88bc59643955ab3e3c96f630e0b118a3a84dccdaff6f0b78a2787fd078e34f7ef625d05c7abd4c38fff7d4397f42f4f89c3abd4c3875fb2b5e1416d318a3d84dcffe590f9aeaf526b060f7dcdb1bd58cec778956ae88917bb763d2cc9e5ab7ce82bcc7b9efb7e119e38948a22bd4571574ba3e7ae7ff206692a5ea9e82bcd3b0e7f9b34456ac1b8e7c647de7f2d158f32d97a4d63fbf0132f61ada57c945208b99b2f07bcf76aa8b02bc3d8db7bef7be47983c952c88d92c442feeb9fbc21eef106d1546a75c7f081ee3d87702d344f2516428ee372b9ece2b5b35367de2bc0c2bd0693a57fff530d32cc5b2107cfe2d4f8f1b70bf30b6577f46d3df07485a5b600db2a7ba517c29bd2c9f8cc854f16ae9d91e9304c6734b50feeeb183e505a6fe2e472d995f18bf3574e05d7645a3694b7b56ee9d87100d7602454aa21bc299b49af4e5d59b87a3acf47403fcf6c6b740c3dd8d433c4e45ebc5482aea5856ba757a746a47ac64dab3736f5ed681fbcbfb2da26c91f845b4a3b84b7c4d6fd9e8549cfe29477695ac4d8a8526bac4d1d76479fddd1574e3b592e9b0938173c0b539ec5a9e0da127575479e5759ea5b6c6d3db6b69eea8656cc5221933209e12d375f058804dc11bf3b12f044d7fde9643c934a665289742aa952a96e3ec9add1e9750653a5d56eb2d69b6aeaa8eb0196a25c36130dfac27e7724e08e06bde9442c9d4a6652894c2a99cbe5d41a9d46a7576b751a9da1a2ca5a5963afacb15756dbb18e520194db9ec7f3fccd1d88eb605d4a91e155eabf7d325064708001c0184208c0184208c0184208c0184208c0184208c0184208c0184208c0184208c0184208c0184208c0184208c0184208c0184208c0184208c0184208c0184208c0184208c0184208c0184208c0184208c0184208c0184208c0184208c0184208c0184208c0184208c0184208c0184208c0184208c0184208c0184208c0184208c0184208c0184208c0184208c0184208c0184208c0184208c0184208c0184208c0184208c0184208c0184208c0184208c0184208c0184208c0184208c0184208c0184208c0184208c0184208c0184208c0184208c0184208c0184208c0184208c0184208c0184208c0184208c0184208c0184208c0184208c0184208c0184208c0184208c0184208c0184208c0184208c0184208c0184208c0184208c0184208c0184208c0184208c0184208c0184208c0184208c0184208c0184208c0d8ff02686b9f93b4275a8f0000000049454e44ae426082');

INSERT INTO store_users(user_id) VALUES('45dfc61f-2254-4ef3-a664-bb9694c9eda4');
INSERT INTO participants(id, tpe, did, name, logo)
  VALUES('45dfc61f-2254-4ef3-a664-bb9694c9eda4', 'verifier', NULL, 'ბერაია-გელაძე', E'\\x89504e470d0a1a0a0000000d494844520000012c0000012c0802000000f61f1922000013e349444154789cedddf9731be77dc7f16717376f90e07d81a24891922553b264599625c576ec58f25d2769eb389e64c6936626757fe95fe1df3aedb49e36339eb4c92471a234b122abf5a5da922deb9668ea222952bc09920008102008e2ec0ff2a8aa284bfb05f6e177b1fcbc7e7e96f872866f2eae7d56d9ffe65b0200f8a8dc0300ac758810801922046086080198214200668810801922046086080198214200668810801922046086080198214200668810801922046086080198214200668810801922046086080198214200668810801922046086080198214200668810801922046086080198214200668810801922046086080198214200668810801922046086080198214200668810801922046086080198214200668810801922046086080198214200668810801922046066e51ee03e02e38321df98f6f5e5b5cd9e964e79f300e8cee81106a746ae9ffe58fbfa86ce1e440885c5e84f47ad7627697d747e56d2240092183d429b8316e1c2dc7462292a691800198c1ea1abac927844d677fd92945100e4307a84659e7aea21637d5fca98044012a347687316394bca498744023efff8a0a479007467f40885101575add443064efcb78c4900642880086bdb37510f09cf4ef8ae7f25631800dd15408435de2ed562a11e75f5f8e1743221631e007d15408456bbd3d3b2817a543c1a1e38f9818c7900f45500110a21dab6eec9e1a8d1de13a4afbc01b0288c082b1bd755d4b5508fca6633bd1ffe164f4ac1e00a23422144fbf62772382a160e5c397648f7610074543011d6b47557b7925f190a2126ae9c991eb8a8f73800ba29980885101bf7bda45a72b9eca3efe81fa2c119dde701d045214558545ed9f1c8d3391c984e262efcd7aff0e2108ca990221442acdbb6b7a6ad3b8703a3c1d9de8fde1522abfb4800792ab0088550b63cf59745e555391c39337469e0e487ba0f0490a7828b50d81cae6dcfbe6e73b8723876e8ccd1e9815edd4702c847e145288428adaadbf1e21bd48bee6feafbe4f70b7353ba8f0490b3828c5008515edbb4fdf91f5bac36ea81e954f2fc915f26e331195301e4a050231442b81bbc3b5e7ac3e62ca21eb8b410bcf8c16fb259bc49038650c0110a21dcf5de5ddffb590eefd3f8c70686ce1e95311200556147288428aef0ecfadecfdcf5e40b7f87ce1c5d0cf9658c044052f0110a21ecaee2875ffe4943670fe9a84c3a75f9d33f49190880c20c110a21548bf5c1effcb5b78776c553607c105f2b05762689f0a6ee3dcfaddbb68f74c8c0c90ff10e0df032558442880dbb0f346ddca17d7d2c1c9819c63ea5c0c96c110a211e78fc65778357fbfa1be78f499b05e0fe4c18a1a25ab63ef39af6cf0f43be31ec82018c4c18a110c2515cba69df8bdad7fb86fae40d03706fe68c500851dfd953d9b84ee3e2d9e12b528701b807d3462884e87aec398d2b1743fec5f939a9c3007c133347585ed3e869eed0b8d83f36207518806f62e60885102d9b1fd1b83212f0499d04e09b983cc29ab66e8d6f93622728e062f20815d5a2f116f6910022041e268f500851d5d4ae65592a114f2e2fc91e066025f3475851dbac7125f6440416e68fb0a8c2a37125220416e68fd062b5d95dc55a56a653881018983f422184c6fd11714d13b05813115a6c762dcbecf43da300f2b72622cc66325a96e5b0711b40fed644845a5eec29aa25b7dd8401f2b426225c8e45efbbc65154ba0a9300ac64fe085389b896cf1e4a3d75ab300cc04ae68f301a9cd5b2acccd3207b1280bb327f841a2f8f28abae973d09c05d993f428dfbc794e24c084c10a11042d89c45c515b9dc7814207f268f30b114d572a1a0bbde2b84227f1c80bb3079848189212dcb48fb9402e80b110af1f599108087c9230c4e0edf778d6ab196d734aec230007765e6089717235a36322caf6d522dd6559807e0aecc1ce1ec0d4d5bfa96d734c99e04e01e4c7606c8867ce3f3d323f3d3a3f3532389a5fb7f65540831da7b6239165dbfe38992ca5ad9f301ac648e08b3f353a3d3d7bff25def5b5e5c201f9ccd4c0f5c9c1ee8ad6ddfb4e1d1fdc59ab7c300d0456147984ac4c72e9d1aedfd221e0de7fdc3b2334397e646ae7a7bf6acdff1a4c6eb8001f257a811c6a3e1918bc7c72f9f4e259675fcb199747af8dca753fd17363ff95d8d1b9602e4a9f022cca453372e1c1f3a7b54dee668f168f8cc7befb46ddbbb61d77714d522e951006e2ab008e746fbaf7cf65e2c1c90ff50d91be73f0b4e0e6d3bf0bab3a45cfec3c1da55301f5164d2e9abc7fe7cf6d03bab52e0d7c233135ffefe9f71af1890aa30225c5a983ff987b7477a3f5ffd878e47c3270fbeadf1eb6f0039288008c333e35fbcfb8fe19971ae015289f8d943efa04390c4e8110627874fffe9e7c9788c778c4c3a75eef02f345e1f0c4062e808e746fbcf1e7a47df0f2172964e26ce1e7a47e38e3500da1937c2f0ccc48523bf4ca792dc83fc9fe4f2d2f9f7ff3d9588730f02a662d08f28e2d1d0b9c3bfc8a740abdde969eea86c6c2baeac29aea8ce66328bf3b39180cf3f36109cbaa1714fee951643feaf3efaddb6677f882bf1412fcafe37dfe29ee14ee964e2cb83ff12f14fe776b8a7b9c3bb758fa7b94351ef7e9e4f25e293d72edcb8706c692198db4374ed3ed0b66d5f6ec702dcc18867c22bc70ee556a0bbc1bb69df4ba59efb6c5e68b53b5bb7ec6ad9bc73f2eab96b9fbf9fc30d7a074e7e58d3b6b1d85d9dc390007730dc6bc2b9916b1357ce508fb2586d0f3cf1ca23affcf4be05dea2286ad3c61d7b7ef0f7d5de2eeac365d2a9be4f0ee2566aa00b6345988cc7fa8e1ea41ee5282edbf9ca4f9b373d9cc3eb344771e943cffda8f5c1ddd403e7a747c6fabea41e05b092b122bcf6f9fbcb8b11d221ae32f7a3dfffdb7cae8e571465e3de17d63ffc6dea8183a73ecae1a92cc01d0c146124e09bbc768e7488dd55b2e3c53774f98275c7cea79a373d4c3a24198f0d9ffb34ff878635ce4011f67f7184f42a4b512ddb9fff918e17c26ffad6cb958deb48878c5cfc5c8feb89614d334a848189a1b9d17ed2219d8f3c5d5edbace30c8aaa6e79eafb56bb43fb2199740a2743c8935122bc7efa63d27a77439b8c4fea5ca5eeee3dcf930e99b87a16af0c211f868830e29fd6b24bef2d37df4a511429df5969dab8bdac9a7087a674323171f9b48c49608d30448423bd5f90d637763d44ea8448d9f0e87ed20123bd27b2d91cbf0707c01f61626971aaff82f6f58aaa763cf294bc7984109e964e77439bf6f5f168c83f36286f1e3037fe08a7fa2f64d229edebebd76f719654481be76b5ee2c7f753d7ce4b9a044c8f3fc2e9c15ed27a6fcf1e4993dcae76dd26d2c78f33c397e5edfe06e6c61ce1522414f211f6ad28af692aaf5d8d5b4728aadab47187f6f5e9547266f8b2bc79c0c49823f40d7e2504e103fa860d3dd266b9537dc716d2fa99614df79f01b8037784437d94e54add7a5a18f928a9ac25dd2226303e98f3b5c2b0967146984ac4c33313dad7bb1b5a57791fdebaf59bb52f4e2e2f612728c8016784c1c961d2c76bd5ab7e73084f7307693df59b7700823742ea4e9e55c424f25751d74cba3d5370127b930259c14468b53b57e77dd1db29aac55defd5be3e3c3b9949a7a58d03e6c416612a118ff809f77870d7b72a0ac3b4950d5eed8b33e954c43f256d163027b60817e6a6481f4e9431dd59beacba91b47ede372a6912302bb608a9fba9e5b381453ea81192deef0510dc674282f21a5a0c7a7114973a8a4ab5af8f0667e40d03a6c41721e54c6873b818efd4595255a77df1e2fc1cb64204129e08b3d92ce98c51545e256f180d8f5ea97d713a958c47e6e50d03e6c313e1f2e202e9f2a522fd7673ca417139edd171e72620e18970698176aed0714bb51c90ce844288c5b05fd224604a4c11129fb01595d132d017f5c93036410492c238133a8a09ef4feace5e54425a8f0881a430ce84a40f097467779590beac83088184eb8d19da0d2778cf848aa2d85d45dad7234220e18930b91cd3be5851559bb358de305ad829a7e2442c2a6f12301f9e081371428456bb53d23ebfdad91c2eed8bd3a924e9031858e398ce8471c2bef156bb53de249a6720dca04208915c8e4b9a04cc87ebe92829425a003250ff11a470770ad08c21c2743291cd10ae7c35448436ea99101182561c11a6689be41ae1e9a885f88f209d5c963409980f4384d40d20548b55d224f266c860ef43d08c2142d273512104cbae16775055da0cd4df11d6b20238132ac40064a0fe23c82042d08c2342e21f28f52c2403f51f41167bae81662c4f4769af9714d52269127933e04c08daf19f64eecf10bb45d06630c2eb5828140c7f2be4a77606b81375219ebda150304458886ff75323542d8810b4e28890789630c2dbfdf4379310216855084f478d7026243e2556702604cd0ae1e9a8012e0ba2ce80332168c71221ed0fd4089705a512b4ef82e2352168c710a1c5e6108270916e2a618408693358ed848b80618de3784da8283607e1c208ea594806ea0c36272204ad783e53b63909fb2619e14c48bd34c9e620fc82b0c67145483851a41271f6dbdf269616b52fb6586d784d08da3145483c512cc7685b24ea8eb44723e93c0f50004f478510cb8b0b9226d122934e91b6ab206dcd06c013a193b8992f6f84d4f3b0a3b84cd224604a3c11ba883778e1ddd39afa2fc055e696340998125784b43fd3c510e7cdc6a88fee2a458440c01321f556678bf3739226d122160a90d617e14c08144c6742e2b982f94c18a645e8c49910287822b4d8ec7617e11e2f4b91503a49dbad5447b110ed3c8c332190b0edc25052594b599e5d989b9435cabd1f38938e0466b4afb7395c78771448d8222cab6e20ad0fcd8c4b9ae4de228119d2754ca59e7a79c38029154c84e199094993dc1bf50c8c08818a31c246d2faf9e9113983dc47c837465a4ffde702c0f89ab08674897d3c1a8e0609afcdf4e21f1f24ad2fc3991088d8225414957a329c1bed9734cc378985034b0bf3dad7ab166b49659dbc79c09438f7a8ad6a5e4f5a3f373a2069926f423d0dba1bbcb88809a83823f410230c4e0cadf2354dbeeb7da4f5554db4df0840f046e8ae6fb5d8ecdad767b399a9fe8bd2c6b9d3722c1a9c18261d52d5d42e69183031ce0815d552d9b88e74c8e4b573928659c937d84bda6ed46a7796d736c99b07cc8af9be25d5ad1b48eb23fee9e024edec94abecd8a593a403aa9ad7e33e309003e63f9afa8e2dd40db987cefe8fa4616e3737d21f0dce920e69e87c50d230606ecc11da5d259ee60ed221feb18155f8f6ccf0f9cf48eb2d367bb5b75bd230606efc4f9f1a366ca51e72e5d87bd41b0692cc8e5ca53ee9ad5db7c962b5499a07cc8d3fc2daf60748ef910a2142beb1f1cb6724cd93cda4af1d3f4c3daaa1b347c22cb026f04768b1da9aba1fa21ed5ffc591583828639ec1531f93f7b328737b5a3b650c036b017f844288b6adfba86fcf249797ce1ff98f742aa9ef2481f1c1e173e4377eda7af6e07d51c89921fe745c65eefa0ef25b8b11ff74ef07bfd1f116a28bf373173ff86d364b7bb56973b89a36eed06b0658830c11a11062dd43df22ddaae9a699e1cbe78ffc4a974df263e1c0a93ffe5b62294a3db065f32eea6b5a80db1925c2d2aabaface2d391c387be3caa9fffcd7a508e15a87958293c3270fbe9dc316c33687cbdbf3583e0f0d6094088510dd8f3d67b53b723830e41bfdfcd7ff3071e50cf599a41022934e5d3ff3c9e93ffe3cb7af8677ec7c8ab46315c04ab43b574be5282eebd8f9f4d5e37fcee1d85422def7c9c11b178eaddff1eddaf64d5a2e174ea792bec1dec1531f2d4542393ca210a2b4aaae65f3aedc8e05b8c540110a215a1f7c74e2ead9887f3ab7c3a3c1d98b1ffcda6a77d6aedb58d9d45e5edd585259a3dc76fbf86c361b0bf9c3b31381f1ebbea14b79def9b07bef0bd43775015652f6bff916f70cff4f34387be277ffa4df2ea38ad5eeb0399c8aaa2697e3a9e538e9c2887bf0f63cd6bde7795d7e14ac7186fb475e5259b3f9c9efeaf7f3b2a9447c29128a8583c9784caf022bea5aba761fd0e54701182e4221447dc783467ecbd1e670f53cf3eaedcf7201f261c40885105dbb9fad6d7f807b8abbb0586d5b0ffc10f75d021d1934424555b73ef3aad13a542dd66dcfbe8e3d2c405f068d5008a1a896adcffca0ae7d33f7205f5354cbd603af795af0456dd0997123144228aadab3ffd5f6ed8fe7f08d367d398a4a77befc931a5cb60b1218eb73c2951445eddcf58cbbdedbfbd1bbc9788c6506777debd6fdafe15e4b2089a1cf84b7547bbb76ffd5df557bbb56f971558ba57dfbe33bffe26f5020c863f433e12dae52f7f6e77fec1f1fbc76fc7024e05b8547acf6766ddcfb425179d52a3c16ac6586fbc6cc7d65b399a96be747bf3a119e9574db50c5d3bcbe6ddb5ebc0703aba360ce84b7288adad8bdbdb17b7b786662ecd2c9e9c15ebdbee36673b81abab6b56e79b4b8c2a3cb0f04d0a2f0ce8477c866d221df987f6cd03f3e189e9dc866685f4c5314b5bcb6c9d3d2e969e9aca86bc62e15b0fa0a3ec2db6533e95838189d9f5b0ccdc5c281d4f2522a99482797d3c944369bb558ed56bbc362b35bedcea2b2ca627775b1bbbab8a21af751025e85f774f41e14d572332dee410008f0ec0b80192204608608019821420066881080192204608608019821420066881080192204608608019821420066881080192204608608019821420066881080192204608608019821420066881080192204608608019821420066881080192204608608019821420066881080192204608608019821420066881080192204608608019821420066881080192204608608019821420066881080192204608608019821420066881080192204608608019821420066881080192204608608019821420066881080192204608608019821420066881080192204608608019821420066881080192204608608019821420066881080192204608608019821420066881080192204608608019821420066881080192204608608019821420066881080192204608608019821420066ff0b8a38cc16b29b05fd0000000049454e44ae426082');

INSERT INTO store_users(user_id) VALUES('378dfddc-c103-43c5-a53f-fdc671b3fa64');
INSERT INTO participants(id, tpe, did, name, logo)
  VALUES('378dfddc-c103-43c5-a53f-fdc671b3fa64', 'verifier', NULL, 'ლობჯანიძე-ონიანი', E'\\x89504e470d0a1a0a0000000d494844520000012c0000012c0802000000f61f192200001e9949444154789cedddd7731cd79d2ff0d3930783c1200d32300006192032488a1483484a1425d196ec2bcbb6645f7b6bcbe587d5d696ff0b3fecc3debb75afca559bec75a0b496644ba4289236039800824422721ce48c411e4cea7d182f4c5124d0a7a7bbcff4e0fb7993d8ddf323385f9ceed32770e7deff3901007634ac0b00d8ef104200c6104200c6104200c6104200c6104200c6104200c6104200c6104200c6104200c6104200c6104200c6104200c6104200c6104200c6104200c6104200c6104200c6104200c6104200c6104200c6104200c6104200c6104200c6104200c6104200c6104200c6104200c6104200c6104200c6104200c6104200c6104200c6104200c6104200c6104200c6104200c6104200c6104200c6104200c6104200c6104200c6104200c6104200c6104200c6104200c6104200c6104200c6104200c6104200c6104200c6104200c6104200c6104200c6104200c6104200c6104200c6104200c6104200c6104200c6104200c6104200c6104200c6104200c6104200c6104200c6104200c6104200c6104200c6104200c6104200c6104200c6104200c6104200c6104200c6104200c6104200c6104200c6104200c6104200c6104200c6104200c6104200c6104200c6104200c6104200c6104200c6104200c6104200c6104200c6104200c6104200c6104200c6104200c6104200c6104200c6104200c6104200c6104200c6104200c6104200c6104200c6104200c6104200c674ac0b9052c0efdb5a5df27b3d7e9f37e0f3067c5e8ee3345a9dce6836c5da4cb136ad4eaf70493c1f5c9e1a9d1dee5e9e1a595d98e68381671e66305b6c29598999f9f6dc126b529ac24512427cdb5b9e35f7f6e69adfb71df4fb394ea3d5ebb53abd566f3098634db1f11aad56f9aaf609eedcfb3f675d8378db1bab8b93c34b93c31bcb731beec5ed8d3542f8e71dcc715c8c2d29ce9e9198e54cce2e8ab125ca5a9bcfb3e9eab83bded5ec595fa13a31363135bbe26076d941adde20536d211bee850557dfe2c4e0cadc9467ddbdcb911cc7192d71e6b8c4b8e4b4f8344742bac31c27ef4f6f5f516508d71667267b1ece8d746fb817445fc496929559529b595aaf331825ac8d10120cf8871fdd1c7974cbeff588be88de14935f7b22b7fa458d56e2bb9580df37d1dd32d9f360656e52f4458c96b83467797a615542462e219c74d5ed476a0a61301098ec6919ef6a0ae7dbf3149dc1e4a83c925f77426730497241f7cc58c7b50f3796e725b99a25c15ef1d2b71333f324b95a30e01f696d1c6d6bf46e6d487241428829d69655d6905b75546f8a91ea9afb8d3a42c8f3fc545feb40d3d5add52539ae6f305b4a8ebe96595a1fe67546db6ff7debef4bc073f71388e2b3878c6d9709ae3c26a70e65d7d5d373e95e907a8d51b720e1cceaf3d6130c7ca71fde8a68210ae2d4cb75fbdb0b6302df707d9734b2acf7cc760b6883897e7f99e5b7f7075dc93bcaa9034e781aab3df15776b1a0c047a6f7f265f6d3bf44673c98baf679535c8fd415126c243c88f3c6aecbf7f391890b26dd985d99a50fbfa0fe3ec195467f13cdf71f5c2545fab4c5585246539ebceff98b683d7bbb5f1e8e22f97a747e529ea1992b29c07cebc6db62628f6896a17b9ef09033e6fcb1fffadf7ce45c5124808d95a5b6efaf883a5c961aab3ba6f7c2a770209218b1343ad977e45f5d3f0acafdcffafffa7640209218b1343772ffcf3f2b44bc90f55b5080da1cfb3d9f4c92fe65d7dca7fb4dfbbddf2c77f5d9c181278fcc8a35b638fefcb5ad28e79575ff7cd4f051eec595f69faf883703a9045f36ead377ff20b057e314587480ce1f6e6dafddfffff95d971560504fcbe47177fb93a3fb5e7918be3037d77bf50a0a41de35dcd4232eff77a5a3efbb7cd1559ba61840806fced5764bf458f0e1117c280dff7f0f37f5f5f9a635b86dfeb79f8f9bf7bb7d67739c6bbb5d17ee502cf0715ab2aa4e7d667eb4bb3bb1ec2b77df95b05bab2f6c2775cfb706ea4877519912ed242c8775cfd7065768275198410e2595f69bbfc9b5d32f6f8fac7db9b6b4a9614120cf8dbaffc8e0f3eb7b0a1961bf3a3bd4a96f43c7c30d8fac57f4af85e372a455608875aaecf0c76b0aee2af162786465a1b9ff947b3c3ddb3438f15ae67c7eafc94abe3ee33ff68656e72a0e98ac2f5ec2218f0b77ff99b80cfcbba90c81541215c5b9c196cbec6ba8aa70ddcbff2f57be380dfd77df30f22aea6d5e9ad49690919797647716266be2d2553f4409381a6abdb9b4fdf2df3c140e7b50f77692499d8702f88fb71ed1391328b82e7839dd73e0af36d8446ab4bca72c6d933621353f5a618bdd1c4f37cc0e7f579b636571637dcf34b53235babcb54d70c06fcdd373f3df8d64f9efc9fa36d8dbb8f78fe2a2e29bb20cd599e9c131a35fef4c0179f67736972787eac7fbabf5df87053bfd733f4e04f6527bef9e4ff1c69bbbdb63823b8b0bf94179b989290916bb125c7d812750693566fe08341bf6fdbbbb9bebe3cb7b638b334391c665336d1d3925658697714877391681529211c6dbbbd3227fe5130ce9e995f7b3c25af6ccf99079b2b4bd3fdad133d2dc27b0e17278666871ea73a2b42ffe9f36c0e3fbc29f0dcb482caa2c3af5812ecbb1ca337c5a43a2b529d15a5c7ce4f743f186cbe26706ce77857535eedf19dd7e2db9beb430ffe24b030129aae51de905e54638cd963ac5930e05f1c1f7475de5b70f5f1fc73e7a9ecaef7f6c5e49c428e8ba09baf08111121f47bb7875aae8b3bd718632d3ff9e64e42f614634b74369cceaf7b69b2f761fffd2bdb1bab42ceeabb773925bf2cf4051a696d14d25ee94d3155af7c97ea77bf56a777541ec928ae79fce7dfcf0c76ee797c30101879746ba7311c6cbeeaf76e0bf920b335a1f8c8abe9455502274068b43a7b6e893db7646d71a6fbe6a74b932342ce7acafad2ec7857734ec56111e746b788f8b534da7edbe7d91471a2dd517cecdd9f094fe00e4ea3c92a6b38f6eecfd20bab841cbfb13c3fdddf4e08f16d6f3daf47e44931b6a4a3effcbdb8bb2fbdd15c73eebda217ce0a3978a2a725f4a3f3acbb27ba1f083925a3b8e6c5efff437a51b5882948d6a4b443dffa69c9d1d7c53568834d578301bf8813a31bfb10fabd9ed1e7f440ee2ea3b8a6ee8d1f853383466f3457bffafd828367841c3cd4f26742f8f1aee63d9b4153acede05b3f31c7853578d2597faae88557f73c2ce0f38e77351342861fde10f2445d78e8e5aa57be1be6bcadbcdae375e77f246234f9f6e6fa747f5b381f1d95d88770bcabd9b7bd457b564a5e69e5cbef701a09ea2f3cf472d1e1bd9b9df5a5b9f9d1beb1bde622701a4dcdb977cdd6f8f00b73d6bf94515cb3e761e35dcd3ecfe644cfc33d8f2c387846e06f9c3dd91dc535afbd27e2e73fdabef77dc47e131121a43d253631b5ea95ef8539bfee49ce865399a5757b1ed671eda3adb53d3a579df5a7e2d31c12d5452a5efad69ed311365716dbaf5ed8b3f732bdb0b2f0d0cb5215460849c92d15f2cbeb29abf3930a0f288f7c8c43b83c3d4a3b099de3b8ca33df917c4d8af2136fee7903b9fb28364288d91a9f5f7752b29a08d1ea0da5c7ded8f3b03dc7c7182dd6f297be2551517f955f772229bb90f6aca95e0c28fd0ac6219ce812d497f02447e5515b6a96e49568f586f2936f85791167fd29c917744b755684fff72d3d765e6f344b52cf5771e527be497b533a3bfc58f47b8ea8c432847c30383bdc45758a566f2838785aa67aec8ee2840cf1abb918cc1621f7b42284d9ba5a93d3d30b2b25aae56996047b4ec521aa53b637d7ddb8237d02cb102e4fbb68bb641c9547645d50289c846714d74abe325a486a7ef99eefd377e1ac3b29eb82687935c769df58cc0cd1fdf28d6e2c43383f4a37c985e334b95547652a262439bb40f47aa41945d592d6f2571ca74913f63ef3eb42c371a4ade729e6b8c4546739d5294b9342e74cef074c434839713ed95164b4c4c954ccffe0324bc4dc521a2d56399e5477a4890d527a61954cedf393328a6ba98e5f5b98c1bc8a1dcc42e8dd5aa71d6a9c15f6928442a4e49589382b29d32979254f8a4f7388ebf249c92b95bc98afb33b8aa93a7e783ee89e1993af1e75611642da99bb1aad569931f871f60c53ac8df6acc42c7943a8d16ae3d37369cfd2eaf449321716a2d16a9373e8de55e06de10e662174532e219398e9947b6f861df16939b4a7d0ae9228828dfe23e2523215b8170d49ca2aa03a7e6d8176ca55d462d812d2853039a748a64abe2e3e359bea788ed3c426a6ca54cc8e387b26ed29b47f9170d0de0b6cb8a5d929200ab00b21e5ecc18474c9c682ed89b6593359e315d8746df74989cf644d96bd7dde61894fa21a17bee15ec02bfb103621f47936a9f624d168b50adcefed88b125511d2fc970edbd3f857e5a86259eee2f121e8e6a67c560c0ef5973cb568c9ab009e1e6ca22d5f1d6e474c59e6d0821266b02d59e9861ce5a12486f34d34e418ab125cb54cc33d16e6fbab9c26061e208a48e10c626c8fec4f5248ee30c66abf0e3c5ed212302d507711aad6285859829c7397c7da1aafd4925214c4c91a992e731982906c7e98d0a6dcd47152aaabf822468378191709b44556313c20dcae5d945f44984c960a2f8baeb4d724c5078d607d1bc10a7fa2b4882f6d978cfa961fb049b107a2917ae56a6e7e3495a3d456fa756a9e7550d4d1fac62af5577d08eadc7ed6808a31052de87182dd44358c244d50fc469287a71c2a1a1f92025bbb24268a72c8a58d6242a310a21cdda6aca773010ca6f3055576a38a83e882ab192d09bcc5473a6b0f25a08abf784142da1c16c9170391981284328fb9bfabf7c10ddeda84255ede0388d464bf18d5272fbd748c62084c14040e01ab521f2accbb007aa072ac59ebe747a8a9575b43aa59f0909e59d395ac21006210cf828124808917c4d2721a8bec10a8c590ba1fa516859fcdca8ee2010c210262d21dd8f3ecc956ac5a1ca956221a46b9f99b484340f0e91b67b142b6c6e47a98e57beab9df64323f37654c7e2e746f58fab588756846311c2205d0895efe523d42da1425f77aa3b4c26bfbca86e73947f89129954703b2ac95af7b4285b42a59e09a93a66680e9604cff3542da162b7f1118ec1f79ba76c09157b15fea4c86c09a93a66748abfa2f0793609a1982228ebea952ac22084b46b542aff9290d0b4849c46ab585b4dd93e2bdd12d28e05557e746b64621042aa37ce845147b6f0c64dc9fe0fcadb51a59f0969c7821a62104242988490f64980f6f65512c21ff3687fa784832a57caf78e6eadd24d8ea19dfa14ad5410423f8b556285b7844af62ed0bdac573c84b4d34411c21015dc8e8adb493b4cc25b4225bfeb548f79cabfacdf70d38590762d9f68c5a425d451f5cd30997f4dd3122af75de7384e78c3ab7c4bb8b63025fc60bdd16cb450ac2112c598cca2e00c347b0c79d657a83abe2521bcb95678b282f0c650e110067c5eaadb514b82d24b96442c365399a8d6990f06fcdb1b7433f1c3a7d5e905be1a51f8ae4ff8632155576af856e7a7a8d6118d4b4e97af187551410809fd13bf240436868ab7848232afd12af7f63264696a84ea785937b1521775849076ff2649087cfa8acc9650f937f5cbd421546e89fe08a78e10ae2e4ccb54c92e04b6390a3f7a09bcc954f857031f0c50edb2a4339814d8bd432dd884d0124fb78421edee319210f83d567814b2c0264e675034844b53a354ab252466e631198d1899d88430ce4ef750beb63043f56f2c09810f7b4ab784026f47956d09e7477ba98e4f94794f55756133a1cb6c4dd01bcdc257bce3f9e0f2f4a8329b84eeb0d8927d9ebd2b34c9be83f75798e31284bce3b6c42bba0bc5dc680fd5f1b43b8a463766b32aadc9e94b93c3c28f9f77f5291cc2aab3df53f2e3042a68385dd0709a75155fb13a3fb5b14cb1d9a029369e76eb98e8c66c7fc238caadf3686f784031d303ed54c7a7e496c854894a310b21ed96d49b2b8b4c5e54c05ef8e97eca10e697c9548a4a310b61527601d56acd8490a9be56998a01d116c607b7d696851faf37c52467d3ed6e1ff59885d060b6d0f6914ef7b76183e54833feb889eaf8d4fc7226eb954432662124842467d375916dadb9e75d78328c20deadf5d9e16eaa53328aaae5a945c5988690be9f7aace39e1c958038ae8e7b54eb1e98ad0949d97843f83496214cc8c8a35d5d7bded5bfbe342b533d402518f08f75d2fd4ecc2cada3ed08d80f588650a3d5a5151ca03c891f7e78438e6280d664cf43aaf9d61cc76595d6cb578f7ab10c212124a3b886f694a9feb60df7821cc580707c303844f9dbd0ee2831c761519967601cc2a4ac7c536c3cd5297c30d87fef4b79ca01a1267a5a68d756cba97c41a662d48e710809e1328aaa68cf9919ec70cf8cc9510d08c10703432dd7a94eb1c427db1d4532d5a376cc4348b2ca0f8a98d5d27df353bc336465ec71136d339857731c5d32cfc33e8496f8e494fc72dab356e626c73aefcb510fecceeff50c365fa33ac5608ecd2cad93a99e28c03e848490fcdae322ceeabff7c5d62ac5802990c4f0c39bb48b50e6561fc52e68bb888810c6a73912d27369cff27bb73bae7da8fc6a88fbd9e6cad248eb2daa53f446b3a3f2884cf544878808212124aff68488b3962687871fd17d27201c3db7fe48bb3f4f6ecd31261b9eab48a4843035bf8c76725348ffbdcb544b0c816873a33db433e8f546736ed55199ea891a9112424248e9b137449cc507836d977f43bb2917d00af8bcdd37fe407b567edd4934837b8aa010c6a739d20a2a459ce8595f7974f13f986c63b87ff4ddfd826ade2021c4146b73a01914208242480829397a4e5c379a7b66acf3da47e8a491c9f2b48b76ac3621a4e0e019ec4a2f446485d01c979827ea75052164aabfadf7f62569eb014248c0efebbcf621edd0086b525a5619866b0b125921248414349c11bd14d748eb2dccb1905cefedcf458c982f3dfe0daa0df0f6b388fb3169b4daca97df11bd0242dfdd2f465a1ba52d693f9b77f5891899949a5f9e9485c9bb42455c08092171f68c828653a24fefbdfd39ed0b657826efd67ae7b58f68cfd2eaf4252f8ae9e8deb7223184841067fd295b8af8adb37a6f5f1c68ba2a613dfb10cff3ed5ffe6e7b937a674867fda9185ba21c2545ab080d21a7d1d4bcf69ede1423fa0a83cdd7ba6ffd11332d441b6eb9be303e407b9625c12e6ef0d37e16a121248498ad0935afbe1bcec3bdabfd4eeba55f05fc3e09abda2796268745dd4a70e527dfd268b1a2219dc80d21212429bba0f8c8b970ae303bdcd5f4fb0fb63756a52a693ff0acafb47ef16b9e0fd29e985dde80fe1811223a848490bcdae3e9e1ad54b9323771e7c2ffc1f852818201ffa34bbff46e510f03345ae24a5e7c5d8e92a29e0a6679559e79dbbbb9b6383124fa0adb1b6b4d1fffa2f4d879079639d9cbd2e4b03529dd9a44b7383a2124a3a81ac344c5e1cebdff73d635ec2de0f3367df28bf0f7eb4d731ea838fd6dbdd12c4955009288f4dbd110added0f08dbf097f97f399a1ce3bbffda7e5a951298a0290863a424808d19b620ebef9b7e1bf80da5a5b6efaf883be3b9730eb0222846a424808315ae20e7deba7e1b7873ccf0f3fba79f7c2ff5d999d90a4308070a82984841053acedf0b77f6a4bcd0eff526b8b33f73efae79ec6cf023e6ff85703104d65212484e84d3187defa09edb66acfc4f3fc68dbedc65fffe3ecd0e3f0af06208efa424808d1ea0d75e77f9c5e48bd74f7336dadb91f5dfad5833ffccbc6f2bc241704a0a28e5714cfc10f3db83ed07445aa01a29c469b73e070e1c133e18c5905a0a5ea101242c8fc686fdb97bff57b3d525d506f343beb5f725461bd5a5088ea434808d9702f3cbaf81feb4b73125ed3146b2b68389d55568f0dd6416ed110424288dfbbdd75e393a9be56692f1b634b2c68389d515ccb6954f9f00caa1025210c991e68efbafe896f7b4bdacb9ae3129c752f6596d663920ec821aa424808f1acaf745cbd10ce68efe7315ae2f2aa5fccae388461ca20ad680b212184107ea4f576ffbdcb720c4cd3198cd9e5871c5547cdd678c92f0efb535486901042365796ba6f7e3aefea93e3e21ca749c92f73541ec11c56085fd486306466b0b3a7f133cffa8a4cd78f4d4ccd397038b3a416f7a8205a94879010e2f76e0f345d71b5df15b15e83405a9d3ebdb02abbe290b88da5609f8bfe1086ac2fcdf6ddbd3c37d22deba75812ec59a5f519c535a6589bac1f04d164bf843064797ab4efcea5e56997ac9fc2715c52766146714d9ab342ab37c8fa591005f65708436687bbfaef5d967684cd336975fa94bcb28ce2eae49c220c8283e7d98f212484f07c707aa063b8e5fadae28c021fa7339852f24ad30a0ed81dc548233c659f86f07ff07323bd432dd7dd33f2dea0eed0ea0dc939457647b1dd518ce74608d9e721fc8ba5c9e1a1077f16b1ea7b38acc9e929b9a5e98595d664eaf505219aeceb5b239f67d33d33e69e1d77cf8cadcc29bddeccdac2f4dac2f450cb9f2d09f6f4c2aaf4c2aad8c414856b8048b0ef5ac260c0bf3435b2e0ea5f18eb57e68150b8f834474ec5a1f4a22a3c37ee2bfbe51fdbb7bd353bdc3533d0b134391cb15bc4b8675cee19574fe36799a575b95547cd71d8606c5f88f21006fcbeb9e1aea9fef685b1be6020c0ba1c417cdb5ba36db75ded77d38baaf2eb4e8ade3c1cd4226a43b8b5bae4eabc3fd1fdc0e7d9645d8b183c1f9cea6b9dea6b4bc92b2d7ae12ca218c5a23084cb5323c30f6fcebb7aa36287507e6ea47b7eb427b3b4bee8f059a3c5caba1e905e5485d03d333670ff8ac26f1a14c0f3fc44f783e9817667dd4bf97527b0ec4d94899210ae2fcdf5deb9383fdacbba1019057cdefefb5f4e0fb41f38fdb62d358b75392019d5bfa208f87d83cdd7465a1bf9a03afa5dc2c7719adcea178b5e388b3719d141ddff8af3a3bd5d373edd5a5b56f243398e33c5c6c7c4279963e34dd67853ac2de0f72e4fb9dc332ef9660f3f89e78323adb71627866acebd17fe3655c09c5a5bc260c0df7be792abfd8e029f65b6265893d3adc9e971c9e9b1892931b6a4e735415b6bcbee69d7e2c4d0c2f8e0d6ea92dc85e90ca6ca336fa73a2be4fe2090952a43b8b13cdff6e56f56e7a764ba3ea7d1d852b292b29cf16939b6d41c634cac888b6cae2c2e8e0fce8ff52f8cf5cbbaf153c1c13385875e96effa2037f5dd8ecebbfada2effdaefdd96fcca666bbc3db73425b72421234f67308679b5185b528c2d29bbe25030e05f181f981dea9a1be9f16ead4b52ea93069baf79d6dc15a7be8d158a554a65211cef6aeebaf1091f9472b518735c4268fc749c3d43c2cbeed0687529b9a529b9a53c1f5c1c1f9cec7d343bdc256ddb38d1d3e2d958ad7dfd875a9d5ec2cb8232d4743b3ad1fda0f34fff25d5d5345a5d5ac1819c8a430919b98470525d568880df3733d839d679cf3d3326e16593b30bebceff085da6aaa3a67fb094bc3253ac2dfc1e48634caca3ea684ec561565ba06975facc92dacc92dad5f94957c7bda9be5649d6295e181f68bdf49fb5afff006ff3d5454d2d21216479dad5f4f107a26f478d96b8d05e4b11d55c6c6fae8fb4de1cebbc2fc93d6a7a5155f5d9ef877f1d508cca424808196d6bec69fc9cf62c9dc1e46c38e5a83c12b14f4d3ecfe6485be3686b63f833ad8a0ebfe26c382d4955a080086a1004caad3eb63ce59a19ea147e4a465175c9b1378c31113dfa596f8a293a7c36a7e270ffbdcb93bdad84881f7dde7fff6a6c525a6a7eb984e5817c54d9a97de0ccffb2c4270b39d21863ad3fffe3aab3df8bf004ee30c5da2a5f7ee7c83b7f17dec2337cfb95df6dae2c4a5616c8499521d4194c35e7dedbf3c63225aff4d8bb3fb3e796285395846c295947df79bff0f02ba277440cf8bc1d572fc8b7f23f4848952124845893d3cb4fbef9bc3fe538aef0d0cb756ffc6f56fd9fe1e334da8286d347bef37e8c2d49dc1596a75dc32d37242d0a64a1d6101242324bebb3ca1abefeff355a5df5abdf2f387846e1b77f72b026a71ffdeedf8b1e1d3ad07c4d8185c6214c2a0e2121a4fce49b4f0d73d1ea0df5dff89bb4824a5625494e6730d5bef60367c32911e7f2c1404fe367929704d2527708355a5dcdb9f776f606d4eaf4756ffc282a37ee2c3a7cb6ecc437398eba6d5f18eb977b2f2a0893ba43480889b125559e799b10c2719a9a73ef456502431c95470e9c7e5bc43d76efed8be8a18964ea7b4ff875a9ce8abc9ae3666bbc1a3b42a96496d6f9b6b768ef3037dc0bd3031d1945d5f21405e1527d4b18527cf43547d551d6552821b7fac5bcdae3b4670db75c0fe7ed3fc82a4a4228e26149bd8a8f9c4bcccca33a656d71666e249a57c152b52809e1bec2719aeab3ef1acc74f3fd5d1d7765aa07c28410aa92d1622d3df606d5298be303caac4305b41042b5ca28ae49cccc177e3ccff3933d0fe5ab0744430855acf4d879aae3277b11c2488410aa589c3d83eaadcc867b6163795ebe7a401c8450dd9cf574c3d9e6467b64aa04444308d52d21dd6149b00b3f7e6e04218c3808a1ea6514d7083f7879da15b11b15ef5b08a1eaa5d34c19e18381d5b909f98a01111042d5b324d8a916ef9076b153081f42180da846b12d238411467d4b1ec2d7057c5ebf4fe8e61c1a8d56bdab7e44a56898ca045abd41ab37b0ae0244c2ed280063082100630821006308210063082100630821006308210063082100630821006308210063082100630821006308210063082100630821006308210063082100630821006308210063082100630821006308210063082100630821006308210063082100630821006308210063082100630821006308210063082100630821006308210063082100630821006308210063ff0dd36f7f92c53c0bbd0000000049454e44ae426082');

INSERT INTO store_users(user_id) VALUES('c452b56c-05a1-4c50-b538-f51c4d01d70d');
INSERT INTO participants(id, tpe, did, name, logo)
  VALUES('c452b56c-05a1-4c50-b538-f51c4d01d70d', 'verifier', NULL, 'ლორთქიფანიძე-ჩხაიძე', E'\\x89504e470d0a1a0a0000000d494844520000012c0000012c0802000000f61f192200001e9949444154789cedddd7731cd79d2ff0d3930783c1200d32300006192032488a1483484a1425d196ec2bcbb6645f7b6bcbe587d5d696ff0b3fecc3debb75afca559bec75a0b496644ba4289236039800824422721ce48c411e4cea7d182f4c5124d0a7a7bbcff4e0fb7993d8ddf323385f9ceed32770e7deff3901007634ac0b00d8ef104200c6104200c6104200c6104200c6104200c6104200c6104200c6104200c6104200c6104200c6104200c6104200c6104200c6104200c6104200c6104200c6104200c6104200c6104200c6104200c6104200c6104200c6104200c6104200c6104200c6104200c6104200c6104200c6104200c6104200c6104200c6104200c6104200c6104200c6104200c6104200c6104200c6104200c6104200c6104200c6104200c6104200c6104200c6104200c6104200c6104200c6104200c6104200c6104200c6104200c6104200c6104200c6104200c6104200c6104200c6104200c6104200c6104200c6104200c6104200c6104200c6104200c6104200c6104200c6104200c6104200c6104200c6104200c6104200c6104200c6104200c6104200c6104200c6104200c6104200c6104200c6104200c6104200c6104200c6104200c6104200c6104200c6104200c6104200c6104200c6104200c6104200c6104200c6104200c6104200c6104200c6104200c6104200c6104200c6104200c6104200c6104200c6104200c6104200c6104200c6104200c6104200c6104200c674ac0b9052c0efdb5a5df27b3d7e9f37e0f3067c5e8ee3345a9dce6836c5da4cb136ad4eaf70493c1f5c9e1a9d1dee5e9e1a595d98e68381671e66305b6c29598999f9f6dc126b529ac24512427cdb5b9e35f7f6e69adfb71df4fb394ea3d5ebb53abd566f3098634db1f11aad56f9aaf609eedcfb3f675d8378db1bab8b93c34b93c31bcb731beec5ed8d3542f8e71dcc715c8c2d29ce9e9198e54cce2e8ab125ca5a9bcfb3e9eab83bded5ec595fa13a31363135bbe26076d941adde20536d211bee850557dfe2c4e0cadc9467ddbdcb911cc7192d71e6b8c4b8e4b4f8344742bac31c27ef4f6f5f516508d71667267b1ece8d746fb817445fc496929559529b595aaf331825ac8d10120cf8871fdd1c7974cbeff588be88de14935f7b22b7fa458d56e2bb9580df37d1dd32d9f360656e52f4458c96b83467797a615542462e219c74d5ed476a0a61301098ec6919ef6a0ae7dbf3149dc1e4a83c925f77426730497241f7cc58c7b50f3796e725b99a25c15ef1d2b71333f324b95a30e01f696d1c6d6bf46e6d487241428829d69655d6905b75546f8a91ea9afb8d3a42c8f3fc545feb40d3d5add52539ae6f305b4a8ebe96595a1fe67546db6ff7debef4bc073f71388e2b3878c6d9709ae3c26a70e65d7d5d373e95e907a8d51b720e1cceaf3d6130c7ca71fde8a68210ae2d4cb75fbdb0b6302df707d9734b2acf7cc760b6883897e7f99e5b7f7075dc93bcaa9034e781aab3df15776b1a0c047a6f7f265f6d3bf44673c98baf679535c8fd415126c243c88f3c6aecbf7f391890b26dd985d99a50fbfa0fe3ec195467f13cdf71f5c2545fab4c5585246539ebceff98b683d7bbb5f1e8e22f97a747e529ea1992b29c07cebc6db62628f6896a17b9ef09033e6fcb1fffadf7ce45c5124808d95a5b6efaf883a5c961aab3ba6f7c2a770209218b1343ad977e45f5d3f0acafdcffafffa7640209218b1343772ffcf3f2b44bc90f55b5080da1cfb3d9f4c92fe65d7dca7fb4dfbbddf2c77f5d9c181278fcc8a35b638fefcb5ad28e79575ff7cd4f051eec595f69faf883703a9045f36ead377ff20b057e314587480ce1f6e6dafddfffff95d971560504fcbe47177fb93a3fb5e7918be3037d77bf50a0a41de35dcd4232eff77a5a3efbb7cd1559ba61840806fced5764bf458f0e1117c280dff7f0f37f5f5f9a635b86dfeb79f8f9bf7bb7d67739c6bbb5d17ee502cf0715ab2aa4e7d667eb4bb3bb1ec2b77df95b05bab2f6c2775cfb706ea4877519912ed242c8775cfd7065768275198410e2595f69bbfc9b5d32f6f8fac7db9b6b4a9614120cf8dbaffc8e0f3eb7b0a1961bf3a3bd4a96f43c7c30d8fac57f4af85e372a455608875aaecf0c76b0aee2af162786465a1b9ff947b3c3ddb3438f15ae67c7eafc94abe3ee33ff68656e72a0e98ac2f5ec2218f0b77ff99b80cfcbba90c81541215c5b9c196cbec6ba8aa70ddcbff2f57be380dfd77df30f22aea6d5e9ad49690919797647716266be2d2553f4409381a6abdb9b4fdf2df3c140e7b50f77692499d8702f88fb71ed1391328b82e7839dd73e0af36d8446ab4bca72c6d933621353f5a618bdd1c4f37cc0e7f579b636571637dcf34b53235babcb54d70c06fcdd373f3df8d64f9efc9fa36d8dbb8f78fe2a2e29bb20cd599e9c131a35fef4c0179f67736972787eac7fbabf5df87053bfd733f4e04f6527bef9e4ff1c69bbbdb63823b8b0bf94179b989290916bb125c7d812750693566fe08341bf6fdbbbb9bebe3cb7b638b334391c665336d1d3925658697714877391681529211c6dbbbd3227fe5130ce9e995f7b3c25af6ccf99079b2b4bd3fdad133d2dc27b0e17278666871ea73a2b42ffe9f36c0e3fbc29f0dcb482caa2c3af5812ecbb1ca337c5a43a2b529d15a5c7ce4f743f186cbe26706ce77857535eedf19dd7e2db9beb430ffe24b030129aae51de905e54638cd963ac5930e05f1c1f7475de5b70f5f1fc73e7a9ecaef7f6c5e49c428e8ba09baf08111121f47bb7875aae8b3bd718632d3ff9e64e42f614634b74369cceaf7b69b2f761fffd2bdb1bab42ceeabb773925bf2cf4051a696d14d25ee94d3155af7c97ea77bf56a777541ec928ae79fce7dfcf0c76ee797c30101879746ba7311c6cbeeaf76e0bf920b335a1f8c8abe9455502274068b43a7b6e893db7646d71a6fbe6a74b932342ce7acafad2ec7857734ec56111e746b788f8b534da7edbe7d91471a2dd517cecdd9f094fe00e4ea3c92a6b38f6eecfd20bab841cbfb13c3fdddf4e08f16d6f3daf47e44931b6a4a3effcbdb8bb2fbdd15c73eebda217ce0a3978a2a725f4a3f3acbb27ba1f083925a3b8e6c5efff437a51b5882948d6a4b443dffa69c9d1d7c53568834d578301bf8813a31bfb10fabd9ed1e7f440ee2ea3b8a6ee8d1f853383466f3457bffafd828367841c3cd4f26742f8f1aee63d9b4153acede05b3f31c7853578d2597faae88557f73c2ce0f38e77351342861fde10f2445d78e8e5aa57be1be6bcadbcdae375e77f246234f9f6e6fa747f5b381f1d95d88770bcabd9b7bd457b564a5e69e5cbef701a09ea2f3cf472d1e1bd9b9df5a5b9f9d1beb1bde622701a4dcdb977cdd6f8f00b73d6bf94515cb3e761e35dcd3ecfe644cfc33d8f2c387846e06f9c3dd91dc535afbd27e2e73fdabef77dc47e131121a43d253631b5ea95ef8539bfee49ce865399a5757b1ed671eda3adb53d3a579df5a7e2d31c12d5452a5efad69ed311365716dbaf5ed8b3f732bdb0b2f0d0cb5215460849c92d15f2cbeb29abf3930a0f288f7c8c43b83c3d4a3b099de3b8ca33df917c4d8af2136fee7903b9fb28364288d91a9f5f7752b29a08d1ea0da5c7ded8f3b03dc7c7182dd6f297be2551517f955f772229bb90f6aca95e0c28fd0ac6219ce812d497f02447e5515b6a96e49568f586f2936f85791167fd29c917744b755684fff72d3d765e6f344b52cf5771e527be497b533a3bfc58f47b8ea8c432847c30383bdc45758a566f2838785aa67aec8ee2840cf1abb918cc1621f7b42284d9ba5a93d3d30b2b25aae56996047b4ec521aa53b637d7ddb8237d02cb102e4fbb68bb641c9547645d50289c846714d74abe325a486a7ef99eefd377e1ac3b29eb82687935c769df58cc0cd1fdf28d6e2c43383f4a37c985e334b95547652a262439bb40f47aa41945d592d6f2571ca74913f63ef3eb42c371a4ade729e6b8c4546739d5294b9342e74cef074c434839713ed95164b4c4c954ccffe0324bc4dc521a2d56399e5477a4890d527a61954cedf393328a6ba98e5f5b98c1bc8a1dcc42e8dd5aa71d6a9c15f6928442a4e49589382b29d32979254f8a4f7388ebf249c92b95bc98afb33b8aa93a7e783ee89e1993af1e75611642da99bb1aad569931f871f60c53ac8df6acc42c7943a8d16ae3d37369cfd2eaf449321716a2d16a9373e8de55e06de10e662174532e219398e9947b6f861df16939b4a7d0ae9228828dfe23e2523215b8170d49ca2aa03a7e6d8176ca55d462d812d2853039a748a64abe2e3e359bea788ed3c426a6ca54cc8e387b26ed29b47f9170d0de0b6cb8a5d929200ab00b21e5ecc18474c9c682ed89b6593359e315d8746df74989cf644d96bd7dde61894fa21a17bee15ec02bfb103621f47936a9f624d168b50adcefed88b125511d2fc970edbd3f857e5a86259eee2f121e8e6a67c560c0ef5973cb568c9ab009e1e6ca22d5f1d6e474c59e6d0821266b02d59e9861ce5a12486f34d34e418ab125cb54cc33d16e6fbab9c26061e208a48e10c626c8fec4f5248ee30c66abf0e3c5ed212302d507711aad6285859829c7397c7da1aafd4925214c4c91a992e731982906c7e98d0a6dcd47152aaabf822468378191709b44556313c20dcae5d945f44984c960a2f8baeb4d724c5078d607d1bc10a7fa2b4882f6d978cfa961fb049b107a2917ae56a6e7e3495a3d456fa756a9e7550d4d1fac62af5577d08eadc7ed6808a31052de87182dd44358c244d50fc469287a71c2a1a1f92025bbb24268a72c8a58d6242a310a21cdda6aca773010ca6f3055576a38a83e882ab192d09bcc5473a6b0f25a08abf784142da1c16c9170391981284328fb9bfabf7c10ddeda84255ede0388d464bf18d5272fbd748c62084c14040e01ab521f2accbb007aa072ac59ebe747a8a9575b43aa59f0909e59d395ac21006210cf828124808917c4d2721a8bec10a8c590ba1fa516859fcdca8ee2010c210262d21dd8f3ecc956ac5a1ca956221a46b9f99b484340f0e91b67b142b6c6e47a98e57beab9df64323f37654c7e2e746f58fab588756846311c2205d0895efe523d42da1425f77aa3b4c26bfbca86e73947f89129954703b2ac95af7b4285b42a59e09a93a66680e9604cff3542da162b7f1118ec1f79ba76c09157b15fea4c86c09a93a66748abfa2f0793609a1982228ebea952ac22084b46b542aff9290d0b4849c46ab585b4dd93e2bdd12d28e05557e746b64621042aa37ce845147b6f0c64dc9fe0fcadb51a59f0969c7821a62104242988490f64980f6f65512c21ff3687fa784832a57caf78e6eadd24d8ea19dfa14ad5410423f8b556285b7844af62ed0bdac573c84b4d34411c21015dc8e8adb493b4cc25b4225bfeb548f79cabfacdf70d38590762d9f68c5a425d451f5cd30997f4dd3122af75de7384e78c3ab7c4bb8b63025fc60bdd16cb450ac2112c598cca2e00c347b0c79d657a83abe2521bcb95678b282f0c650e110067c5eaadb514b82d24b96442c365399a8d6990f06fcdb1b7433f1c3a7d5e905be1a51f8ae4ff8632155576af856e7a7a8d6118d4b4e97af187551410809fd13bf240436868ab7848232afd12af7f63264696a84ea785937b1521775849076ff2649087cfa8acc9650f937f5cbd421546e89fe08a78e10ae2e4ccb54c92e04b6390a3f7a09bcc954f857031f0c50edb2a4339814d8bd432dd884d0124fb78421edee319210f83d567814b2c0264e675034844b53a354ab252466e631198d1899d88430ce4ef750beb63043f56f2c09810f7b4ab784026f47956d09e7477ba98e4f94794f55756133a1cb6c4dd01bcdc257bce3f9e0f2f4a8329b84eeb0d8927d9ebd2b34c9be83f75798e31284bce3b6c42bba0bc5dc680fd5f1b43b8a463766b32aadc9e94b93c3c28f9f77f5291cc2aab3df53f2e3042a68385dd0709a75155fb13a3fb5b14cb1d9a029369e76eb98e8c66c7fc238caadf3686f784031d303ed54c7a7e496c854894a310b21ed96d49b2b8b4c5e54c05ef8e97eca10e697c9548a4a310b61527601d56acd8490a9be56998a01d116c607b7d696851faf37c52467d3ed6e1ff59885d060b6d0f6914ef7b76183e54833feb889eaf8d4fc7226eb954432662124842467d375916dadb9e75d78328c20deadf5d9e16eaa53328aaae5a945c5988690be9f7aace39e1c958038ae8e7b54eb1e98ad0949d97843f83496214cc8c8a35d5d7bded5bfbe342b533d402518f08f75d2fd4ecc2cada3ed08d80f588650a3d5a5151ca03c891f7e78438e6280d664cf43aaf9d61cc76595d6cb578f7ab10c212124a3b886f694a9feb60df7821cc580707c303844f9dbd0ee2831c761519967601cc2a4ac7c536c3cd5297c30d87fef4b79ca01a1267a5a68d756cba97c41a662d48e710809e1328aaa68cf9919ec70cf8cc9510d08c10703432dd7a94eb1c427db1d4532d5a376cc4348b2ca0f8a98d5d27df353bc336465ec71136d339857731c5d32cfc33e8496f8e494fc72dab356e626c73aefcb510fecceeff50c365fa33ac5608ecd2cad93a99e28c03e848490fcdae322ceeabff7c5d62ac5802990c4f0c39bb48b50e6561fc52e68bb888810c6a73912d27369cff27bb73bae7da8fc6a88fbd9e6cad248eb2daa53f446b3a3f2884cf544878808212124aff68488b3962687871fd17d27201c3db7fe48bb3f4f6ecd31261b9eab48a4843035bf8c76725348ffbdcb544b0c816873a33db433e8f546736ed55199ea891a9112424248e9b137449cc507836d977f43bb2917d00af8bcdd37fe407b567edd4934837b8aa010c6a739d20a2a459ce8595f7974f13f986c63b87ff4ddfd826ade2021c4146b73a01914208242480829397a4e5c379a7b66acf3da47e8a491c9f2b48b76ac3621a4e0e019ec4a2f446485d01c979827ea75052164aabfadf7f62569eb014248c0efebbcf621edd0086b525a5619866b0b125921248414349c11bd14d748eb2dccb1905cefedcf458c982f3dfe0daa0df0f6b388fb3169b4daca97df11bd0242dfdd2f465a1ba52d693f9b77f5891899949a5f9e9485c9bb42455c08092171f68c828653a24fefbdfd39ed0b657826efd67ae7b58f68cfd2eaf4252f8ae9e8deb7223184841067fd295b8af8adb37a6f5f1c68ba2a613dfb10cff3ed5ffe6e7b937a674867fda9185ba21c2545ab080d21a7d1d4bcf69ede1423fa0a83cdd7ba6ffd11332d441b6eb9be303e407b9625c12e6ef0d37e16a121248498ad0935afbe1bcec3bdabfd4eeba55f05fc3e09abda2796268745dd4a70e527dfd268b1a2219dc80d21212429bba0f8c8b970ae303bdcd5f4fb0fb63756a52a693ff0acafb47ef16b9e0fd29e985dde80fe1811223a848490bcdae3e9e1ad54b9323771e7c2ffc1f852818201ffa34bbff46e510f03345ae24a5e7c5d8e92a29e0a6679559e79dbbbb9b6383124fa0adb1b6b4d1fffa2f4d879079639d9cbd2e4b03529dd9a44b7383a2124a3a81ac344c5e1cebdff73d635ec2de0f3367df28bf0f7eb4d731ea838fd6dbdd12c4955009288f4dbd110added0f08dbf097f97f399a1ce3bbffda7e5a951298a0290863a424808d19b620ebef9b7e1bf80da5a5b6efaf883be3b9730eb0222846a424808315ae20e7deba7e1b7873ccf0f3fba79f7c2ff5d999d90a4308070a82984841053acedf0b77f6a4bcd0eff526b8b33f73efae79ec6cf023e6ff85703104d65212484e84d3187defa09edb66acfc4f3fc68dbedc65fffe3ecd0e3f0af06208efa424808d1ea0d75e77f9c5e48bd74f7336dadb91f5dfad5833ffccbc6f2bc241704a0a28e5714cfc10f3db83ed07445aa01a29c469b73e070e1c133e18c5905a0a5ea101242c8fc686fdb97bff57b3d525d506f343beb5f725461bd5a5088ea434808d9702f3cbaf81feb4b73125ed3146b2b68389d55568f0dd6416ed110424288dfbbdd75e393a9be56692f1b634b2c68389d515ccb6954f9f00caa1025210c991e68efbafe896f7b4bdacb9ae3129c752f6596d663920ec821aa424808f1acaf745cbd10ce68efe7315ae2f2aa5fccae388461ca20ad680b212184107ea4f576ffbdcb720c4cd3198cd9e5871c5547cdd678c92f0efb535486901042365796ba6f7e3aefea93e3e21ca749c92f73541ec11c56085fd486306466b0b3a7f133cffa8a4cd78f4d4ccd397038b3a416f7a8205a94879010e2f76e0f345d71b5df15b15e83405a9d3ebdb02abbe290b88da5609f8bfe1086ac2fcdf6ddbd3c37d22deba75812ec59a5f519c535a6589bac1f04d164bf843064797ab4efcea5e56997ac9fc2715c52766146714d9ab342ab37c8fa591005f65708436687bbfaef5d967684cd336975fa94bcb28ce2eae49c220c8283e7d98f212484f07c707aa063b8e5fadae28c021fa7339852f24ad30a0ed81dc548233c659f86f07ff07323bd432dd7dd33f2dea0eed0ea0dc939457647b1dd518ce74608d9e721fc8ba5c9e1a1077f16b1ea7b38acc9e929b9a5e98595d664eaf505219aeceb5b239f67d33d33e69e1d77cf8cadcc29bddeccdac2f4dac2f450cb9f2d09f6f4c2aaf4c2aad8c414856b8048b0ef5ac260c0bf3435b2e0ea5f18eb57e68150b8f834474ec5a1f4a22a3c37ee2bfbe51fdbb7bd353bdc3533d0b134391cb15bc4b8675cee19574fe36799a575b95547cd71d8606c5f88f21006fcbeb9e1aea9fef685b1be6020c0ba1c417cdb5ba36db75ded77d38baaf2eb4e8ade3c1cd4226a43b8b5bae4eabc3fd1fdc0e7d9645d8b183c1f9cea6b9dea6b4bc92b2d7ae12ca218c5a23084cb5323c30f6fcebb7aa36287507e6ea47b7eb427b3b4bee8f059a3c5caba1e905e5485d03d333670ff8ac26f1a14c0f3fc44f783e9817667dd4bf97527b0ec4d94899210ae2fcdf5deb9383fdacbba1019057cdefefb5f4e0fb41f38fdb62d358b75392019d5bfa208f87d83cdd7465a1bf9a03afa5dc2c7719adcea178b5e388b3719d141ddff8af3a3bd5d373edd5a5b56f243398e33c5c6c7c4279963e34dd67853ac2de0f72e4fb9dc332ef9660f3f89e78323adb71627866acebd17fe3655c09c5a5bc260c0df7be792abfd8e029f65b6265893d3adc9e971c9e9b1892931b6a4e735415b6bcbee69d7e2c4d0c2f8e0d6ea92dc85e90ca6ca336fa73a2be4fe2090952a43b8b13cdff6e56f56e7a764ba3ea7d1d852b292b29cf16939b6d41c634cac888b6cae2c2e8e0fce8ff52f8cf5cbbaf153c1c13385875e96effa2037f5dd8ecebbfada2effdaefdd96fcca666bbc3db73425b72421234f67308679b5185b528c2d29bbe25030e05f181f981dea9a1be9f16ead4b52ea93069baf79d6dc15a7be8d158a554a65211cef6aeebaf1091f9472b518735c4268fc749c3d43c2cbeed0687529b9a529b9a53c1f5c1c1f9cec7d343bdc256ddb38d1d3e2d958ad7dfd875a9d5ec2cb8232d4743b3ad1fda0f34fff25d5d5345a5d5ac1819c8a430919b98470525d568880df3733d839d679cf3d3326e16593b30bebceff085da6aaa3a67fb094bc3253ac2dfc1e48634caca3ea684ec561565ba06975facc92dacc92dad5f94957c7bda9be5649d6295e181f68bdf49fb5afff006ff3d5454d2d21216479dad5f4f107a26f478d96b8d05e4b11d55c6c6fae8fb4de1cebbc2fc93d6a7a5155f5d9ef877f1d508cca424808196d6bec69fc9cf62c9dc1e46c38e5a83c12b14f4d3ecfe6485be3686b63f833ad8a0ebfe26c382d4955a080086a1004caad3eb63ce59a19ea147e4a465175c9b1378c31113dfa596f8a293a7c36a7e270ffbdcb93bdad84881f7dde7fff6a6c525a6a7eb984e5817c54d9a97de0ccffb2c4270b39d21863ad3fffe3aab3df8bf004ee30c5da2a5f7ee7c83b7f17dec2337cfb95df6dae2c4a5616c8499521d4194c35e7dedbf3c63225aff4d8bb3fb3e796285395846c295947df79bff0f02ba277440cf8bc1d572fc8b7f23f4848952124845893d3cb4fbef9bc3fe538aef0d0cb756ffc6f56fd9fe1e334da8286d347bef37e8c2d49dc1596a75dc32d37242d0a64a1d6101242324bebb3ca1abefeff355a5df5abdf2f387846e1b77f72b026a71ffdeedf8b1e1d3ad07c4d8185c6214c2a0e2121a4fce49b4f0d73d1ea0df5dff89bb4824a5625494e6730d5bef60367c32911e7f2c1404fe367929704d2527708355a5dcdb9f776f606d4eaf4756ffc282a37ee2c3a7cb6ecc437398eba6d5f18eb977b2f2a0893ba43480889b125559e799b10c2719a9a73ef456502431c95470e9c7e5bc43d76efed8be8a18964ea7b4ff875a9ce8abc9ae3666bbc1a3b42a96496d6f9b6b768ef3037dc0bd3031d1945d5f21405e1527d4b18527cf43547d551d6552821b7fac5bcdae3b4670db75c0fe7ed3fc82a4a4228e26149bd8a8f9c4bcccca33a656d71666e249a57c152b52809e1bec2719aeab3ef1acc74f3fd5d1d7765aa07c28410aa92d1622d3df606d5298be303caac4305b41042b5ca28ae49cccc177e3ccff3933d0fe5ab0744430855acf4d879aae3277b11c2488410aa589c3d83eaadcc867b6163795ebe7a401c8450dd9cf574c3d9e6467b64aa04444308d52d21dd6149b00b3f7e6e04218c3808a1ea6514d7083f7879da15b11b15ef5b08a1eaa5d34c19e18381d5b909f98a01111042d5b324d8a916ef9076b153081f42180da846b12d238411467d4b1ec2d7057c5ebf4fe8e61c1a8d56bdab7e44a56898ca045abd41ab37b0ae0244c2ed280063082100630821006308210063082100630821006308210063082100630821006308210063082100630821006308210063082100630821006308210063082100630821006308210063082100630821006308210063082100630821006308210063082100630821006308210063082100630821006308210063082100630821006308210063082100630821006308210063ff0dd36f7f92c53c0bbd0000000049454e44ae426082');

INSERT INTO store_users(user_id) VALUES('1f9f8ef0-fa57-405f-96bf-fb6f40adfb42');
INSERT INTO participants(id, tpe, did, name, logo)
  VALUES('1f9f8ef0-fa57-405f-96bf-fb6f40adfb42', 'verifier', NULL, 'მღებრიშვილი, პაპიძე and კილასონია', E'\\x89504e470d0a1a0a0000000d494844520000012c0000012c0802000000f61f192200001e5b49444154789cedddf7771bd79507f001061d200a01b0778a45852a54b514d9729565276e6bc7eda49c78e394dde46c7ed83f223fe59c6ccb66b3d993b5e3c41b5bb6b2b6dc556c354ba4444a24459162111bd8d13b06b33ff0ace24894387730833bc0dccfcfef61ae447c31e5bd794f73e8273f67082178b4d80510a276144242905108094146212404198590106414424290510809414621240419859010641442429051080941462124041985901064144242905108094146212404198590106414424290510809414621240419859010641442429051080941462124041985901064144242905108094146212404198590106414424290510809414621240419859010641442429051080941462124041985901064144242905108094146212404198590106414424290510809414621240419859010641442429051080941a6c32e40163ccfa7e2d16434948c85d38918974967b94c3693c966392dab63757a56a763f506a3d56eb23a8c56bb9665b14b26ea5524214c27e3fe99b1d0a22fbc381b5ef2c5824b7c362bb8b7c66473d8bd55766f95a3acbab4ba496730c9586b7e4d0f76c782cba02ed5eddb2d8e5299ea21b72bec1006e7a7e646fa16278743f3d33ccf8bfd183e1109242281f9b1018661345aadabb2c1dbd05ed9b2c55ce294ae581cb3c357e6c7af82ba94b82b2884f95490214cc52353035dd383dd91e579c93f9ccf6697a74797a74787ce7ce0a96fabebd853d6d0ce301ac90f941facc108ed928a47e4a884dc49818530190b8f769f9cec3bc765d2721f8be7f985f1c185f141bbb7aa6ddf639eda16b98f28071d3c84e1c559392a2177523021e4b3dc48f789910bc7b25c26cf870e2dcc5c78f7379ebad68e079f35d91c793e7a8e747a700897a6aecb5109b993c218a208ce4d9dfee32f87cf7d9cff04deb4383174ea8d5ff8862f6315208ed16a8776890616a1cf72482e0a2084530317cebef5afe125fc6ba47432def3e1ef074fbdcf30a21f02e59badb44c44af89beb3925742ee44e121e4074fbd77e5b3b7f82c875dc95f8c5dfafcf227ff031902c1642b2d17d16baaff421eeebac90a4587b0ffc491b14b5f6057b18ae9c18bbd9fbc895d8520e61227ab37407ba593f1d1aee372d4436ea7dc100e9dfd68e28a722f8a7c433dc35f7e825d85208eb21a11bd462f9ea43bc3fc50680867867a46ba8e6157b186ebe73f9d1be9c3ae626d650deb45f4ca7299bee387739802418452620863c1e5fee3ef60572148dff1c3a97814bb8a3594358a0921c3304b93c323173e93b618723b058690effdf88f995402bb0c4152f1e8c0c923d855acc1eaf25a9d1e717daf9fff74717258da7ac82d1437583f73ad27307b23f7cf6175fa9539d91687c76473e84d1656a7d7b22c974973997432128c8703a1455f607622190de57220df706ffd96bdaeca86dc6b964f75fbf6a1731f89e8c8f3fca5a3afed7afa557137964408658530cb6586ce8af9aedcc4eaf415eb3657b66e71d7346b5941ffbad0c28c6fb877b2ff7c3a111377d0e12f3fd9f5d4f7c5f5cd8fbacdf78c741fe7d229117d33a964d79f7fbbfb991f8a1b72246b52560827fb2fc4c37e717db5acae7ecbbee6ed07f4260ba8e3ca0973ddae87c67b4e8d741d13f14d5d9abcee9f19735535423be68dde68aedbb45bf4784f2a1e3dffeeaf773ef9b725ee0a690b238cd2ee09458f4938caaabff6e23fb4ef7b0c9ac09b589dbe79c7fdfb5ffa99dd5b2da2fb0d058fa6ac68d8ba9fd5e945774f46c35fbefd2bffcc98842591150a0ae1d2d44864794e44c78ae68e3dcffed8eaf2e65e83d95e7acf733ff636b4433bce8df4a793f1dc0b908fc9e668ddfb682e9f904ec6cfbffb9b821895292c0a0ae1f460b7885ee54d1bb71e7a59e0ed9f105a56d7f9d8b74aab9b40bdb25cc637d42b550d3269d8b22fc76be62c97b978f4f5a1b31fd2f8a1849412c29597f7a0bd4adc155b0ebea8d148fcc6ad96d56d7df465a3a504d46b6eb45fda3264a0d9fcd07322de30fc6bfc48d7f1ae23ff29fa3916b985524218989d808e7a6b34da8e87be99cb7dce5d182db6f5fbbf0eeae29f19437cd34a208bc3ddf9d8b773bf70589c1c3efde62f95f06a4b11504a08172786a05daadb3b1d65621ea20854d9bad5595127bc3d9749fb7d128c70cacd5dbb6ecbc117349a5cfff4f190ffec9ffea510ceff4aa7941006e726813d34cd3b1f94a594af68da7e00d47e797a549e422456d1dcd1f1d0b3b92ff4c8a55317df7f6db4fb841445a9975242185a9801b577d7aecbc38a60658deb417786e1459f7cc548abba7dfbaea77f60b4c2ee7b57c35f3bf3c1c805a5cfb65732458430190d2763615097aad62d3215f3551a8db6a265b3f0f6e1a5820921c330aecafa7dcfffd459519ffb470d9dfb68ece2c9dc3f479d1411c2686001dac553d72a4725b7f3420e140bfac54d0dc362b4daf73cfba38d079e163dc9e1a6c1d34727fbcf4b5295da282284894810d4de6c77e56dd533575503640884173ded0e8b46a3a9ebd873dfb7feb1ae634f8e4f6b064e1e092d4c4b55987a1464084bdc953255723b9dc164b6036e3e13b9bd9381456fb26c3cf0f4be177eeaae6916fd212b43f90a9f39a440ca0821f08b2bc90c35e1406b25e5f86214ae124fe5aea75fed7cec5ba0df9daf8a870ae6856ce5504408a1aff09ae06b69e6c26c77096f9c8cc29e30295079f3a6fd2ffdacaa6d9bb8eebee1dea5a911694b2a6e8a086116b8ba9ec16293a99255192187cba493f2559237acdeb0e591173a1e7c56dc84a48193470a65494825504408a14b5cb2d24dd716c260b20a6f9ccd287de69a70351b76ee79f647221e9c4696e7e849a9708a08619683adedab9567bee89d0f07c87c962baa3573eddeeadd4fbf6a30037e86568cf77c5140eb94e3524408795ed1972e5a169079ae88ce842b569ed640cf87d1c0e2c20df07c6075524408150ef4aa94c27f50c42971576c79f879e8268d372e9f91a99e2243212482781bda9bb6df07eab238314463864250088950adf71c04bd3bc667b38b13b466e9da14b1da5acbee47ea37ef15de5ed6d708c99d6834dab67d8f9f7fe7d7c2bb2cdc18ac84cc8057274584d05529c1447e9207ee9a664f5dabf037b0972669d3dfb5d1e5288169d9fdb0f0c68948906e0bd744212430ce8a3ad0ce16e296b154150a2101034d2b8d2ccfcb574971a01012305008e321da69740d1442026671b80d66a193da33a96298d12e2b0a2111c3eead12d89242b8260a211143f87685c5f16e97ac2884440ce10f48f92cec151915a21012317446b3d0960693ac9514010a2111436f141a2de12d558b4248c4d00b3f130a6ea95a144222462a1e11d812bac39c0a51088918c23745b37b840e66a816859088e1f74d0869a6d168848f28aa16859088c00bdc04cee2f4b07a83dcd5143a0a2101f3fb2604de13e6b2a8be7a500809986fb857604bd1cb78ab0a8590c070e9d4f4d56e212dcd7617ad9920048590c04cf49d13b87748755b2774954475a2101280742236d2755c484bbdd1dcb06dbfdcf514070a2101e83f79249d880969d9bcf301e1b36a544e11abad498ecba463c1a5542c9c49a7b94c8a4b25392e6db23a2c0eb7951e9a8b35d97fde37d423a4a5d9ee02ad61a9724512c26434b4343dba3c3d1af5cf47034bc968f82ebb91182d2516a7c7eea97455359656351aad34af6a6d73a303fd2704edfea965d9ad075fd2e677e7ac8256d8ff5381d989996b171727af47fd0bc27b2563e1642cec9f195bd92cc1e270bbaa1a3d752de58d1be824b9aaa9810b7dc70f0bdc7270fdfe279c15757297544c0a3284a978747ab07b6aa04b92e5f462c1a5587069fa6a17abd397356da86addeaa96bd3b26cee9f5c04d289d8d553ef091c936018a666c3ceba8e3db296547c0a2c84995472ecd2e763973ee7d229c93f9ccba47d43bdbea15ebdd15cbd7e47e3b6fd269b43f2a3148a4c2a39d1776eb4fb84c027310cc3d46ddab3e1c0537216559c0a26843c9f9db87cf6fa85cf52f1a8dcc74a27e3e33d5f4c5c3953d5d6d9d409db8aa8d0a593f1e5a991b9d1fed9913ed02f5dd3f6036d7b0fc95758112b8c10c6c3fede8ffee8f78de7f3a0598e9b1ab8307db5cbea2acbe771a5c34ff65f58b35196cb70e95432168e870391e5b9586091e7613becb27ac3867b9fa8d9b0536c9d6a570021f40df7f61d3b2c709686e4789e2fd085dcf92cdf77ec6db98fe2aa6ad8f2f0f3667ba9dc072a624a0fe1d0d98f46ba8e6157415661305b9b773e50bf791f682763723b258790ef3f7164e2ca59ec32c8adf44673e3b6fd0d5bf7d3888e24141a429ee72f7ff2e6ccb54bd885905b69349a2d8fbce06d68c72ea4782874eee8b533472981cac4f37cf7fbff7de3325da1484689219c1eec1ebbf8397615e48ef82c3770f2ddbe636ff3bca03934e4ee1417c2c0ec44dfb1c3d85590b54df69fbf74f4352e93c62ea4e029eb9e90cba47b3ffe4396cbe4fe513a83c951566d7357949496eb4d169dc1c8ea0ca94434190b27a3e178d81f0b2ec582cbc96828f763a9d6dce840d79f7fbbe389efb13a3d762d054c59211c3ef7712c98d39e92ac4e5fd5de59d1bca9b4ba59c8fccf7422165af485e6a79767c6fcbe71e153b4c88ae5e9d1eef77eb7e31bdfa5d7264453d07f5c707e6abce794e8ee3a83b171dbbdf59bf7ea4d16e1bdf4268bbba6d95dd3dcd8792fc3f081d9c9b9d1fed9eb9773fc2d5095a5c9e14b1fbcdef9f87768c0501ce58490cfe546df5bdfb6e981674c36676e35689c1575ce8abab6bd8f2e4d5e1fef3d333f3690db07aac5fcd8d5c153efafdfff75ec420a925242383bd2175a9811d555d3feb5c71ab7dd2b69391a776d8bbbb625b4307df58bf7042e74ab72e33d5fd84acb6a37eec22ea4f028e4e9287ffdfc6722ba6959ddb6c75e963a817f61f756ef7ee6d5e61d0fc8f4f94566e0e411e17b54909b1411c2d991bef0a20fde4fb3f9e1e72b9a3ba42fe8af8f42bb290894e5323d1fbe418316508ab81c1ded3a21a257fbbec72a5b364b5d4bf1d06835bb9ff981f0f67c964b2713c95824383fe59f198b0597441c34b23c3774f6c3f5fbbf21a2af6ae18730bce80bce4f417b791bda1b3be5ba0a2d169ad2ea26d19d03b337c67b4e0b5ff1fea61bbd67aadab639ca6a441f5a6df02f472707d67ef1f4167a93a5e3c167e52886dce4aca8dffae84bf73cf763abd303eac8f3d9be636f43df0c5633e41066394ec444edb6bd8768ffd7fc7056d4ef7dfe27defa3650afd0c2cccca0d0b5a1087208e7c706a09354ac2e6fcd861d32d5436ea733983a1fff8ea7b605d46be8dc27924c3f5403e410ce8df643bbb4ee39a8d1e05f45ab8a96653b1fffb6adb45c78974424402f640b84fb6de6172786401dcc765779f32699aa2177c1ea0d5b0fbe089a203a76e90b3ecbc95752d1c00c61706e1aba7e61dda63d3441114b89a7b269fb01e1ed1391e0ccb51eb9aa292298215cb831086aaf65595a570f5753e77da0ad3bc67bc5cfc8570fcc1042af45dd35eb0c66ab4cc5102158bda179fbfdc2db871666420bd3f2d5531cd042c867b3c179d89fa7bc69a34cc510e1aad7efd0198cc2db0b598058e5d042185e9a053dc2d6683465144205d0198cd5ed9dc2dbfb867b056ee7a45a6821844e552bf1541a2d36998a212095ad5b85374e27624bd323b2d5520cf0423837096aefaa6c90a71002e6aaac07ed573577bd4fbe628a00e299107643e8aa6a90a7102282a6ac7183f0d673b440c15da185301a00ecadcb308cabb25ea64a8808ee9a66e18d93d15064795ebe620a1d4e0853f10868ef3bbdd19cf3fa31444aee9a668601cc9a589aa2dbc23bc20921f48551d0ac4592077a93c556ea15de7e69eaba7cc5143aac10c21614b4b929848a63f70056fd803e87539502391316ea5eb9c5cceead16de381109266361f98a296838218c8703a0f6e612a72c75901c94782a40ed452c62a21238214c27602f4f8046a5487e581cb0652fc28bb41ae2eab09e8ec2dea6a747a30a642e716ab480ef0f74504a3d70565b4b41ce841a8dd6a0b2096bd74e1f15fe3851ab33ecf99b1fca5acfaa345aadb9c425fcf63eeaa710ae0e2784a07565744693da5ee40dcc4d0a9f518478ad6eb4da01210c2cca5a4ce142b91ce5d389b8f0d67aa359be529409f42385f8ff035af32e9d88d1e2dcab420861269504edbea4379ae42b469952f188f0c6a0ade0a4057daf85b6645d154208b31c6cf11f9deace847c0a74262c9c10262241992a29682821842d47a9d31b64aa4499d2c904e82d58035e087506d8454a320638c3ab074208a1cbe069b46bef7a5d4ca02bd021de13b290752e1886c9a412325552d00ae072944278778897a33a3d308449c00339f5c00821f04ca8858c081701e87422c410b2c03b85349d09574397a38a033d1322de136a817f1a2e4d4314ab4039c90047de55b6c956015d8e427f1f6955fc55218450cbc2fe72d0cbd74257400f6640734719f5fd2905420821f8e71332b25f0440136b19d43321f4729416205d15c69910fa97e3d4f5972ba0cb51b5fd3ecaa4002e47795e5dd730a0106a591dabd3cb57ccdd41cf6cd03fbd4a14c0e5289751d786afa010229e0619f89950abc5796b47e150ce84b0bf84daa65980c60911c72718f883160d9d09578310429dc100daef5a5521cc725c269514de5e6fc29cdd4e97a392c01927047d75d249158510f41213c3307a13e6868da0df0b06fe4c4e257066848186b6d0cf84c021e69c160100bdcecb308c1ef81e83b4a07f1ac467484a861442c89d0c974ee1be910dbaf3c9f34c579ec19c4e043d13aaefd550410a20840cf61bd9a03b1fe863a75b806732005f499116f44c88fb1849b1704208fd63e086107626ccedd90334c3b813c1d2c05793700754140b278446ab1dd43e11c55c411d74d195e33b1fe089b5c0650aa4055dae8242b82a9c109aed2e50fb0470d97c69815e45cdf172141a42dca75649e08f235d8eae0a2784167b29a83deee2cda03112e87baeb776d7015f93852c1e2939e06d8206774045b190ce8425b033610475f166d09d4f8e3ff6acde003a9742efca24c4f3d9640c104293cd4e83f5ab42bc1c058ca7e1aea00ebaf3319873fdb1379801eb08425fb990503ce4072d1704bd07510f9c106a599dd10afaaa45a0a3d812028530f72b2e508cb35c063ac9462ad065ed2d76b74c95143ab435946ca5b0dded02685bbdf2a03b1f29ce84b04f888702391e511ce8e5099d09ef042d84762f60b365066fbfe54424041a06802e4abdda270036786018261ef6e778447122cb73a0f6d0a771ea8116420764b36506ef4c08faaae94d16e8a2d4b7b338605f566818a412989d00b5b79596cb5449a12b983361c07703653105d057dce290e0b6c7ea84ed801b5af4e57e50282e9d8a2ccf0b6fafd16aa1db6bab075a08ad2e0f68482d9d8c0766114e8621c826cfd0fcaccae2f482da873142189c9f06fd26da4acb739cc650c41017b7d638ca6a401d166e5c93a994bb08f8c6853796e84c08fb90587029ff0f4817278741ededc0bb0f55c15c61de53bb0ed47e61fcaa4c95dc492a1e013d88b7b9ca723fa8ce60826ebebb3c3d9afb7141166f0c82da3b80771faa821942776d0ba87d686126cfa3f6d02fb7a31c766ebff3e7d482da2f4d8d48725c8152f168707e06d4c559d9204f2dc50033848ef21ae8ead15357bb642a665573a303c21beb4d16492e4719867155d483dacf8f5d65f2f876efecf5cba0c319cc5647199d09ef0833841a8db6b4ba09d4657af062de9e91f2d9ecc238e0a2cb093c7dddeda32a61214c44827edf0da98ebea6e9c18ba0f6eeda7539aefa51dc90771df3d6b781da27a321dff065998ab9c5c2c435d0f468e835e4dd3eaaac1a3ad779e65a8f5447bfbba87f013a42e801de77a80d72082bd67540bf6d23178ee5e7d26be2ca39507b09bf6a5a56e7aa825e2374e7e7ddc2b19e2fa05d3c75ad725452349043a83759bcf5eda02e91e5b9d9913e99eab9291ef22f424644f4268bb3b24ec202ca9b3680da73e9d464ff79090b585532169ebeda0deae2aca8833eec551bfc4d70abdab741bb0c9e7a5feef5d7ae9fff9487ec8be8ad6f03ad68bca6f2a68dd02e63174f42973f831aed3a015d50a3babd53a6628a067e08cb1ad6439f91c643feebe73f95a91e8661a2fe05e8b387b2c6f5d2d660b2391c65b001ee642c32d2754cda32be2abc347be3ca1950172dcb56b66c91a99ea2811f422dababd9b013da6becd2e7fe997119ca611886ef3b7e18f40c96d51bca1a240e21c330556de06b84f19e2f420bb0113c81789eef3f7e18baeebdb7613d2deeb426fc10320cd3b0f56be0fdd2b2d94b1fbc065ded4b88f1ded3d031faaad6ad392e2db3aaeaf53ba04b566739aee7a337b8744af26286cf7d246214a476e32ec92b293e8a08a1c9e6a86a03df392463918befff4eda455696a646064f1d85f6aaddb45bc21a6ed21bcd95ad5ba1bda2fe854b1ffe5edadde1e746fa46ba4e407bd9bd55d0212875524408198669da7e40a3018fe706e7a7bf3cfcef52adb3125a98b974f435e8d7d7eead82ce4417ae7ef35e11bd16c6077b3f7e53aa1cce8d0ef47cf4868861a1e61d0f485240d1534a08ad4e4f55fb76111dc38bbeb37ffa67e8f0f1ed162786be3cfc2b11e7d5e69d327ed5ecde2a718f7c7cc3bd5fbef31fb9ff3c4d0d5cb8f4c1eba0059d56585ddef2e64d391e5d259412428661daf71d823e265d110b2e9f7bfbdf86bffc44dcb84596cb5c3b7db4ebcfff25e2f9bedd5b5d21f357ad6def2171831ffe99b1537ff8856fa847dc71d38958cf876f5cf9ec2d7167d4d67b0e8ab8b45127cda19ffc1cbb86bf98b872aeffc43ba2bb1b2db6a61df7d7acdf21708d892cc74d0f768f761f8f0597c51d71c713dfcbc36dcf95cfde9a1ab820babbabb2be71dbbd654d1b05a622934a8cf79e1ebbf8b9e82938defab61d4f7c4f5c5f1552d6cbceb59b764f0d5c08ce4f89eb9e8c45ae7efebfd74e7fe0ad6f2d6bdce028abb19596ddbe394422120cce4fcf8f0dcc8f0de472c1e6a96bcdcf8387d63d07e746fb452ffae8f7ddf0fb5e33d91cde86766f5dabdd5b6db63b6f9951cdf37c2cb0189c9f9a1de95b181fcc658b0b56a7df78e029d1dd55485967428661a281c5336ffe9354d320b52c6bb494e80c269dc194cd6632a964321a96e4c37506d3fe977f66b23973ff282166af5fb9f4c1eb527d1aabd39b6c0e566f64f57a2e9dcea412c96848aa49486d7b0f356d3f20c947a984b2ce840cc3589d9ecd0f3d77f1e86b927c5a96e3e2f26c26b37effd7f3964086612ad67554afdf0e9db779275c260d5dba57206f7d5b63e77d727c721153d083999bca9b373576de8b5dc5dd94376f1231cb27471bee7d52e1ab065a1cee2d075fa4e731504a0c21c3306d7b0f29f601b7a3bc76cb232fe4ffb83a8371e793af28f68d04566fe87cfcdbe29e6fab9c4243a8d168b73dfa724573077621b732db5d3bbef15de86c32a9986c8e9d4fbea2c02fbace60dcf9c42b256e5a59540c85869061188d56bbf5d1972ad629288716877bd753af82764d929cadb47cd7d3af42b73a9695ce60daf9e42baeaa06ec420a957243c8fc7f0e9b3aef53c20a258eb29a7b9efb3be81af572b07babf67ef3ef4b3c95d885300cc318adf65d4f7fdf095c998a7c95e2862856353f76f5f2276f226e8859d9b2b9e3c1e7e4785542b44c2ad977fc6ddf502f620d9ebad62d8fbc90fb46542a5718216418261e5abe72ecf01270e1e7dce98de60df73d29e2d5befc981bedef3ffe4e3206db3b3e775a965db7eba1e61df72be122a5d0154c0857cc8f5d1d3cf59e4c635cb7d06834152d9bdbf73daed807922bd2c9f8f0b98f27fbcfe732cd05a4a2b9a36ddf21a91659250516428661f82c37d97f7ebcf7b4acab7197376f6ad9fd70013dee4b4643a3174f4ef67d29ebea3bee9ae696dd8fd0331869155e086f5a9a1a99b8726e6eb45fc21758cd25ceaab6ceeaf64eab0bb6359242a413b1d9eb57a6af5df2cf8c4bb830a4c16cad6edf5ebb69b724db4e915b14700857645289e5e9d1c589e1c5c96171e7462dab7394d794563579ea5a4aab1b8be326271109cc8f0dfa67c6fcbe1be2b6f2d568b4f6b22a4f6d8bbbb6c555d9005d7f840857f021fcaa543c1a599e8f0616a28185586029958871e924974e65d2c92cc7b13a3dabd3b37a83ce6034d99c1687dbe228b53a3d766f75716f9d978804c34bb3f1d0722cb41c0b2ea762e14c3ac5a5535c269de5325a96d5e98dacdec0ea8d468bcdeaf4589d1e8bd35be22ecf7dd7612244517df90c666b6975636975237621ca62b23914fe6c49e5143d584f881a500809414621240419859010641442429051080941462124041985901064144242905108094146212404198590106414424290510809414621240419859010641442429051080941462124041985901064144242905108094146212404198590106414424290510809414621240419859010641442429051080941462124041985901064144242905108094146212404198590106414424290510809414621240419859010641442429051080941462124041985901064144242905108094146212404198590106414424290510809414621240419859010641442429051080941462124041985901064144242905108094146212404198590106414424290510809414621240419859010641442429051080941462124041985901064144242905108094146212404198590106414424290510809414621240419859010641442429051080941462124041985901064ff07145c5d0e5b2622be0000000049454e44ae426082');

INSERT INTO store_users(user_id) VALUES('f6f02e3d-0ed3-4e27-8bcb-f82503a64add');
INSERT INTO participants(id, tpe, did, name, logo)
  VALUES('f6f02e3d-0ed3-4e27-8bcb-f82503a64add', 'verifier', NULL, 'გაფრინდაშვილი-ჩიხლაძე', E'\\x89504e470d0a1a0a0000000d494844520000012c0000012c0802000000f61f1922000016c649444154789ceddde97753e79d07f0e7ea6ab3655bb22d795ff106c6601b30600884d03481a693d23669a7e999d33967a63d33edc99c7931ff445ecd64deccf474399d74499ab669d304d210481ab680b10d36c606bc095bde64cb96acc5da352f9c124208b98fa4abdfbdd2f7f332799e7b7fc9e1cb7375efb308c75f7c8901001d0d750100b90e2104208610021043080188218400c41042006208210031841080184208400c2104208610021043080188218400c41042006208210031841080184208400c2104208610021043080188218400c41042006208210031841080184208400c2104208610021043080188218400c41042006208210031841080184208400c2104208610021043080188218400c41042006208210031841080184208400c2104208610021043080188218400c41042006208210031841080184208400c2104208610021043080188218400c41042006208210031841080184208400c2104208610021043080188218400c41042006208210031841080184208400c2104208610021043080188218400c41042006208210031841080184208400c2104208610021043080188218400c41042006208210031841080184208400c2104208610021043080188218400c41042006208210031841080184208400c2104208610021043080188218400c41042006208210031841080184208400c2104208610021043080188218400c410420062082100318410809896ba80b48986436b0b76efca82d7b5e85b75067deef04680b1c4e7b517048d3ecf642c3017949617965414da2a8b2bea459d3e933503b02c0861c0e39abf737dd97ecbe37424e271e91d13897828e00d05bc1ea763f39f081ad152516bab6bad6cedce3797c8532fc08384e32fbe445d43321289c4d2e4c8f4b573eec51939ae5f5cd550bfa3b7a2a553100439ae0f708f2a47c2a5a9d1db174ffadd2bf2dd626ddebe366f375d79af79ef93556dddf2dd084065210cf9d7473e78c3393d9699dbf9dd2b43a75f738c5eed38facd7c7369666e0ab9464d6f47d7e6a72fbef672c612788fcb3179e137ffb9387123c3f7851ca19a102e4e0c5ff9e34f42011fc9dd63d1c8b5777e3dd17786e4ee90ddd411c2a5a99bd7df7d35118f91569118bff2dec4d5b3a4354016524108bd2b0b43efbecaf5f9413ee3974fcf8e5ca1ae02b28ad243180d87aebdf3ab5834425dc82746cffd797d799eba0ac81e4a0fe144df19593f4524211e8b5e7ff737f15894ba10c8128a0ea1dfbd621fba485dc543f8d796ef2ab2305023457f279cec7f3fe99731824653585a595c5967b2d8b4863c9d214fa3d54643c14868231a0efadd2b9ea559af6b31e99f9a1357dfaf69efd119f393eb0e708f724318def02ddc194aa2a3a9d8d6d079b07aebee2f9c8d1d8b465cb3e377873f5a99197fc454ef878a868333372e37f51c4da24280fb293784736303bcbfbb34a2b8f5e033f59d07189334e153d4eaca1adbcb1adbfdee959b1fbce1724c72dd6e66e4ca963d470441d18ff4a07ccafd03b43839c2d55e67ccdfffdc8fea3b0f4a4ce0fd4c16ebdeaf7f7febc167040dc7ff90a0cfbd3233ce7b2f8007283484a180cfbd382bbdbd2068ba8ebd602eab4ee19e42e3aec3db1f3fc1d5c7393d9ac21d0118536c08dd0b76ae1f698dbb0e5b6b5b52bf6f6dc7bec6ee43d2db2fdb6fa57e53c8714a0de112c730286a758ddd87d375ebd6de63065391c4c61b5ef7c6fa6aba6e0db949a121f4ae2c486f5cd5d6adcf33a5ebd61a51dbb4fb88f4f6983d0329526808033cc38bb52e0d0fa2f7abedd8277db3190f4208a9516808835eb7f4c6968afaf4de5d236a8b2b1b24360eb897d37b77c8354a0c61341c943e635b67cc371698d35e43694d93c49641df7adaef0e394589218c45c2d21beb0c46396a3097d5486c19f42384901245869067e192562f4b08a5bfe98904fd721400b94389214c2438be1072cd71914e67cc93d8126b9a20454a0c615ea145fa84cc905f965d67b47ae9218cf14efe06b89f1243a811b57945c5121b87025e3932100d07a5374ec41142489e1243c8182b282993d832118f8537d2ffab4cfa35459d5ea64762c8110afdd353502c35844c9e8f04e10da94fb97a63da26eb406e52e87a422923615e51b1b5aed556d76a2ab6a5bd00e993d1f4f90821a444a121347dce48286a7525354db6ba56ab3cd9bb676dc12eb1a5d926f58b22c0432934840f8c8485d6cacd41afb8aa412366a0e6c4dac25d894d2d9575b29602594fa121d4ea8d85d6ca8292325b5dabb5aecd602acce4dd5d8ea9483020b1b1f459a6000fa5d01032c61efbcebf53ddda317a5562cb225b354e6b821429f4ed28a16838b824797b9b9a6dbb652d06720142f820fbf50b1227af0a1ab1b2b54be67220fb21849f12def04d5f3b27b1716d7b4f1a57f443ce42083f65a2ef4c341c92d252236ab1f32fa40542f809cfd2ec8ce463cfea77f6cab19818721042f8b158243c74fa35894753180bcc4d3d5f92bb24c81108e1c7c6cebf25fd0cb68e27bea133485deb04f0680821638c39c6fa676ff6496c5cbd6db7ad61abacf5404e4108996b767ce4fd3724363615dbda0f3f2b6b3d906b723d845ed7e2e0a95f493c0551ab37ee7ee67b32ed6a03392ba743e85b755e7df3671217d10b82d0f5f477645dba01b949b97347e5e65d59e8fbd34fa52fdedd7ae8abf8290872c8d1107a9c7357dffca9f4a512adfb9f6ae87c4cd6922067e562089dd36343a75f9538338631b665f7117c1504f9e45c08a7063fbc73e91de95b9b36761f6a3b705cd69220c7e55008e3b1e8c8fb7f98bb3528bd4b6befb1a63d4fc8571200cb9110ba1767e66e0d2c8c0f4bff1128089a8ea3dfa869ef91b5300096dd210cf9d71d63fd73b706fd6bdca79735761f42022133b233841ea7c37efdc2c2f8b0c4aff09f3535f8e1faca426bef317359757a6b037840968530b1347973fafaf9b5797bead75a99b9b332335ed1dcd1da7bcc64b1a67e418087ca9e103aed63773e7a97ebb07b09128b13379cd3638dbb1e6fdaf384a8d5a5f5e2008c65470857e7a66e5ffa8b7b51ea4ea1bce2b1e8e4d5b3f3b707db0f7fadac719b4c77819ca5ee106e78dd63e7de5c9a1acdc4bdd6d706defe45656be7f6235fc762424823b58630118fdbaf5f18ef7b8feb6cedd42ddc195a9bb7ef7cf2f9d2da964cde17b2982a43b8be3c377ce677e9fef92755d0e7e9fbd3cf1abb1f6b3bf0151c8a06a9535d0813f6eb176f5f3a158f25f9ed215d654c5f3bef71ce751fffae3eaf80b412503d35fd451edef0f7bff58bb1f36f5127f063ab7353175ffb6f8fd3415d08a89b6a42b8be3c77e1d5ff5ab6dfa22ee453823ecfe5dfff4f66de0c41b65247089df6b1cb7ff8df903ffd27f2a62e1e8b5e3bf5cbb9b101ea4240ad54f09bf0eef0a5b1736f2512927604954267cc2faea83795d83c4b0ecfd2acc493271e2191880f9ff95d241468e83a94960a21a7283d84137d67c6afbc978e2b09968abacad69dd6da96829232c684cd7f9a88c73c4e87737a6c617c28e0594de1fa89b1f36f0b82a6bef3603aaa851c221c7ff125ea1a3ed7d4c05f6f5f7a27c58b180bccf53b0f54b676e5155a1eddd2bd38e318eb9f1b1b88c7a2c9de4dd8f9e473d5dbf624db1d7291724742fbf5f32926b0a0a4ac71d7e3d56ddd824694d2de525167a9a86bd9f765fbf50b33373e92beffc57d1237cefe41ab37963775f0f7851ca5d091706e6c60f8cceb4977d719f25af63f55b7a3571084e4ae100a78c7cebfb570672889bea256b7ffb91f16d9aa92bb35e41a25be1d752fce8c7c20754beccfaa6aeb3efc0fff51bff340d209648c19f20bbb9e7ea1e7c43f7fe143ec67c5a291c193af8437fc49df1d728ae24218f479064fbd92dcaf328da8ed38facdcea7fe3e5db358acb52d07befd6f25d55b783b6e78d7aeffe5d7697ca30b594c59214cc46383a75e09f9bd49f4cd2b2cee7dfe47b5dbf7a6b7247d9e69ef89efd7ede8e5ede8724c4ef67f90de62202b292b84137d673d4bc9cc02cb3797ee7fee5f64fa19266834db8f9c48e2dbc344dfd9f5e539394a826ca2a0107a9c8ec98164868e8292b2fddffc57638125dd157d4afbe16779c7c3443c3674fab7297cf0809ca09410c663d1e1f75e977850eefd8c05e6bd277e603015ca51d503da1fff9ab5ae95ab8b6f7569f2eafb32d503d94129219c1afcd0b7bac4db4bd4ea763df3bdcc2490fded6026de2177fadab90daf5b9682202b282284a1806f6ae0af4974dcf1e4b732bc25a1ce98df7dfc05ae8f1fb168e4f6c553f295046aa788108e5f399dc42e15d5dbf654b6ec94a39e47b354d4d770be835d181f926f1f2a503bfa10fa569d8e9b57797b194c45db0e7d558e7aa468eb3da6cf33717599e83b2b5331a076f4219c1af820898fda1d47bf41b8e599ce98dfb2efcb5c5d96efde5e5f9e97a91e5035e21086fcde8571eef999b686ad650dc4fb7fd6b4f7180bcc5c5d26fbf19a141e82388477872ff16e1823089aad07bf22533dd269446de3aec35c5d96264736bc6b32d503ea4519c2583432337299b757cdf69e82927239eae155bb7d9fce982fbd7d2291c02e18f0599421744e8f4a3f30709346149b157372b5a8d5d5b4f3addf758cf64b3f2418720465089358ad57bd7537ef2f3159d575f4dedb29438a0def9acb31215f3da04664218c8683cb776f73751104cd96dd47e4292749f9e6126b1ddf7ef88be3c33215032a4516c2a5a99bbc339bcbb6b4e79b4b65aa276955ad5d5ced9df631c6f0440a9f200ba1739a7b1bdfba8e7d725492a2f2a6ed1a9163ab9e90df9bdc722dc85654214cacce4d7275c82b2a56e641485abd917769c5d2f4984cc5801ad184d0eb5ae2dd82a566db9e54f68c9195ada18dabfdeadc944c95801ad18470d5c1370c32c62a9a77c851495ad83847c275a7231157c49936a00444219c9fe66a6f2ab629e403fd43e5159570bd318a452398470af7103d8e729eef59a1f8bd748bab1ab9daaf616513fc0d4108e3b168c0e3e2ea525ad32c5331e96229afe16aef5d5994a912501d8210fa5697b8a66e6944d152592f5f3d69612eabe56aef5f73ca5409a80e4108bd2ebe41c05c5e2b6a753215932e85d60a41e0f89fe95b5b96af1850178210f29e40662ee37bd223a111b5469e0df323c100f6c9874d0421e43d70b7b0b442a64ad2cb64b172b5c7da42d84410c2206f08ad953255925e260bdfbcd670c0275325a02e2a18097947182a86fc22aef6a14032476e40f6210921c71f3e51a7d7ea8df2159346fa7cbea3a042180981314612c2683828bdb1a296f03e1aef268891205ecc0063541feba53736700e2f84f43cfbcd30c662d1884c9580ba643a8489788ceb4bbda8d5cb574c7a6944be8f99bcdbcc41b6ca74086351bed5f41ac57fa6bf47238a5cede31809813196f910f26e69c1b5689d166fa918096153a643c8bb303789130ba970ef65a8d435ca9061990e21efe3a58a8eb98dc7f81e2f953f21163223d32114b55aae8d3a551442fe9fbbaa79d2065965fe138520f2fce1e31d5e08f1fe7d81911036117c27e47a228d0437e4ab24bd78b7f4470861134108b93e6aab688225ef9c58c2f31541510842c835132dbc1150cbc664bcab430cea999107b2a2086161314ff3845a0643de91d068e25b7501d98a2084793c2bd019637e37dfae50547877ac50d1dc7490950a42e8e3dc938648c2b7bac4d5c1809110186324213415dbb8da7b39ff70930878566391b0f4f6c60233de8ec22682101659abb826afa9628b4ede1db5d5b2670764004108459dde545c26bdfdfab243f94bef780f992ab256c95409a80ecd36f8e6b26ae98de3b1987b41e99bc6afccf21d828d9110eea10a21df56a22ece7126c3823e8f9ff3d5681142087f4313c2d25abeb32596eddcc7fa6692737a94abbd21bfc054ac8e2de4200368425850529ec7f3c97e7d79deef5e91af9e14cddd1ae46a5f5ad3ccb59404b21bd999f5bca7db2e8e0fc954498a021e977b7186ab8bb54e89e77e0315b21096356ce36a3f77fb1a639c4bd733c231dacfdba5b41621844f9085b0a4a6896b575fffdaf2f2dd3bf2d5939c58243c73e323ae2e85a51598b006f7230ba1a8d555b676727599be765ea662923633723912e25bf1c8fb5f0d598f2c848cb1daf61eaef6aed9f1f5e539998a49422c1ae1ff7b41a86aeb96a51a502dca109acb6b798f3dbb75e1a44cc52461b2ff7ddee54b25d50d5caf8521175086903156bb7d2f577b976392f7a39c4c029ed5e9c173bcbdaada76c9510ca81a71086bda7b749c47388c9d7f5b0153491337fffa47de9d9d74c6fcaad62e79ea0115230ea1a8d337761fe6ea12f0b86e5d785ba67a249a1e3cbf32c3fdaab66e47afa853cdd11a9031c421648cd5ef3cc03b18cedcb84c3891cde374dcfee82fbcbd34a2b6a1f3801cf580dad18750ab3734761de2ed357ce6f5808760db8b907f7df0e42f93d87baa7adb6e7d9e6a8e79834ca20f2163aca1eb31638185ab4b78c3dfffe79ff36ef599a2683878f5cf3f0ffadcbc1d35a2b669f713325404d94011211475faf6c37fc7dbcbef5e1938f97f5c9b4aa422168d0c9e7cc5bbb29044df86aec7f28af065021e4e1121648c953775d8eaf9a67433c6d6e6ed7d7ffa09ef9c952444c3c1ab6ffed4e5486659a321bfa069cfd1b4970459432921648cb53f7e2289d308dd8b3357def871128f88d2057d9e2b6ffc786dde9e5cf796fd4f6bf586b4560459454121cc3797b41d3c9e4447efcac285575f96e97de9caecf8c5d75ee6ddc7e91e4b457d0de7ec3cc8350a0a2163aca1f3b1f22ded49748c0403fd6ffd62f4c337d3f8681a8b846f5d3cd5ffe6cfc21bfee4ae206a753bbffc2dde735121d728ee88bc1d5f7adee37c39a9c7cbc4dde14b0be3432dfb9eaaddde2368f84e907fe0520b77866f5d3c19f47952b8086b3bf88cc9826d2ce00b08c75f7c89ba8607ad2dd8afbcf1e3540eca36e417d676ecabebd86f301572758c4523736303f6ebe753df4da3b4b665ef897fc23616f085941842c69863f4ea8db3bf4ff122822098cb6b6d0d5b4b6b9a0b4bcb3f6f0d712291d8585f5d9d9f764e8daeccdc49cbc4d4bc424befb75e34e4e3eb3c7c31c53d8e6eaa69ef09fa3ce357de4be5228944c2bd38e35e9c1967a71963c60273beb954ab376af50651ab8b4642d170281cf0f95697d23b235cd4e9777ff51f91409048a121648c35ef7d32e85f9f1db992ae0b067d9e147fe349210842d7b117b0b72f48a7acb7a30fd87ee444658bca3683d876f859de3dac20c7293a8482a0e97cfa3bf59d07a90b914410343bbef45cfd4e2c95003e8a0e21634c1084f6c3cfb61d38aef0d78c1a51ec3af602becb431294fb9bf07e5b761f31165a46cefe5e016bea1f4267c8eb3afe5d2b761385a4a823848cb1aad62e7359cdd0bbaf7a9c0eea5a3ea5a47a4be753dfe65d8a05708fd21f47ef67b2587b9fff61d39ea382a088b2058da675ffd37bbffe03241052a19a917093a0115b7b9f2edfb2fdd6c593ab7353849594d6366f3df84c910d677d42aa143a63468ae5bbb76f5f7a27b955b6a928b255b51d386ead6bcdf07d215ba96c24bc9fadbecd5ad7ba347963e6c66597634afee36284d2daa6ba8efd15cd1d0a7f550beaa2e21032c60441a868de59d1bc33e071cddeec9b1b1b0805bc69bf8bb1c05cbd6d4f6d7b0fb6a80039a8f871f4b31289c4faf2bccb31e19a195f5bb0a7f23d43ab3796543796d63497d634155a2b30f4817cd43d123e4010047359b5b9ac7acbaec7e3b1a8d7b5e4772ffbd796fd6bcb7ef74a24e88f46c2d170e8be0d0b0551a713b57aadde6030159a2c3693c59a6f2935596c0525650a79070b592fab42783f8da8dd0ce467ff55221e8b46c21a8d28ea7418e2805cd686f011048da833e4515701f0313c71011043080188218400c41042006208210031841080184208400c2104208610021043080188218400c41042006208210031841080184208400c2104208610021043080188218400c41042006208210031841080184208400c2104208610021043080188218400c41042006208210031841080184208400c2104208610021043080188218400c410420062ff0fd1dbf4db8da9c1890000000049454e44ae426082');

INSERT INTO students (student_id, issuer_id, university_assigned_id, full_name, email, admission_date, created_on, connection_status, connection_token, connection_id)
  VALUES ('a46e7009-7d51-4041-8857-c392a3bdb466', 'ebe65434-3015-4ea4-97c8-1f4181312bcf', '29208944', 'ლარისა ბრეგვაძე', 'mediko31@kiknaze.com', '2014-05-12', '2019-05-21T15:56:50', 'CONNECTION_REVOKED', '0653247509746', 'f435d7ef-9854-4ccb-b7d8-f1d4d3c2e95f');
INSERT INTO participants(id, tpe, did, name)
  VALUES('d0ecca47-86e2-4cdb-bf64-b289f03eb77e', 'holder', NULL, 'ლარისა ბრეგვაძე');
INSERT INTO holder_public_keys(participant_id, x, y) VALUES ('d0ecca47-86e2-4cdb-bf64-b289f03eb77e', 114519179781327186194101085822676460792448240606003649158695596495633775567326, 40053995873023568579421284438456565677866789180344346270053161373797648677125);
INSERT INTO connection_tokens(token, initiator, created_at, used_at)
  VALUES('0653247509746', 'ebe65434-3015-4ea4-97c8-1f4181312bcf', '2019-05-21T15:56:50', '2019-05-25T01:48:36');
INSERT INTO connections(id, initiator, acceptor, token, instantiated_at)
  VALUES('f435d7ef-9854-4ccb-b7d8-f1d4d3c2e95f', 'ebe65434-3015-4ea4-97c8-1f4181312bcf', 'd0ecca47-86e2-4cdb-bf64-b289f03eb77e', '0653247509746', '2019-05-25T01:48:36');

INSERT INTO credentials(credential_id, issuer_id, student_id, title, enrollment_date, graduation_date, group_name, created_on)
  VALUES ('825109e0-a36d-4c65-840a-e15db64039c5', 'ebe65434-3015-4ea4-97c8-1f4181312bcf', 'a46e7009-7d51-4041-8857-c392a3bdb466', 'Bachelor of Science', '2014-05-12', '2019-05-14', 'group', '2019-05-23T05:14:22');

INSERT INTO students (student_id, issuer_id, university_assigned_id, full_name, email, admission_date, created_on, connection_status, connection_token, connection_id)
  VALUES ('342492ca-8aa4-445e-b9fb-52e4c353ac12', '779fb314-9e45-4cdb-aac5-66516de9bdeb', '75024031', 'ლარისა ბრეგვაძე', 'mediko31@kiknaze.com', '2014-01-23', '2021-01-27T07:37:46', 'CONNECTION_ACCEPTED', '2400810825394', 'e8f0fe6b-cb4b-4507-b61d-70e52f9aed4a');
INSERT INTO participants(id, tpe, did, name)
  VALUES('ef7fe2de-003f-46f4-b6ad-011a0f4cd0fd', 'holder', NULL, 'ლარისა ბრეგვაძე');
INSERT INTO holder_public_keys(participant_id, x, y) VALUES ('ef7fe2de-003f-46f4-b6ad-011a0f4cd0fd', 114519179781327186194101085822676460792448240606003649158695596495633775567326, 40053995873023568579421284438456565677866789180344346270053161373797648677125);
INSERT INTO connection_tokens(token, initiator, created_at, used_at)
  VALUES('2400810825394', '779fb314-9e45-4cdb-aac5-66516de9bdeb', '2021-01-27T07:37:46', '2021-02-02T05:14:04');
INSERT INTO connections(id, initiator, acceptor, token, instantiated_at)
  VALUES('e8f0fe6b-cb4b-4507-b61d-70e52f9aed4a', '779fb314-9e45-4cdb-aac5-66516de9bdeb', 'ef7fe2de-003f-46f4-b6ad-011a0f4cd0fd', '2400810825394', '2021-02-02T05:14:04');

INSERT INTO credentials(credential_id, issuer_id, student_id, title, enrollment_date, graduation_date, group_name, created_on)
  VALUES ('2727029b-f402-497e-8852-08a13f6bdb72', '779fb314-9e45-4cdb-aac5-66516de9bdeb', '342492ca-8aa4-445e-b9fb-52e4c353ac12', 'Bachelor of Science', '2014-01-23', '2021-01-23', 'group', '2021-02-02T12:47:30');
INSERT INTO messages (id, received_at, connection, recipient, sender, content)
  VALUES ('8f1a054c-3cf1-42d6-87c6-ce26bc9f560f', '2021-02-04T03:02:20', 'e8f0fe6b-cb4b-4507-b61d-70e52f9aed4a', 'ef7fe2de-003f-46f4-b6ad-011a0f4cd0fd', '779fb314-9e45-4cdb-aac5-66516de9bdeb', E'\\x0ad1020a8a010a2c556e6976657273697479206f6620e18390e183aee18390e1839ae183a5e18390e1839ae18390e183a5e18398120e5465737420696e73746974757465224a6469643a6174616c613a6433323432316535376135386464636663343432633964323836373862303531396464396262653931316133356263626430313965626164353334646236373512450a12e1839ae18390e183a0e18398e183a1e183901218e18391e183a0e18394e18392e18395e18390e183abe183941a0708ca0f100a1813220c0a0a38382d3839343639343222390a12e1839ce18394e183a1e183a2e18390e1839c121be18390e18393e18394e18398e183a8e18395e18398e1839ae183981a06526563746f723a0708e50f1002180342063732303430374a0634353437343852063130383033337a013392010708de0f100118179a010708e50f10011817a2010708e50f10021803');

INSERT INTO students (student_id, issuer_id, university_assigned_id, full_name, email, admission_date, created_on, connection_status, connection_token, connection_id)
  VALUES ('354d21c6-183c-4ae3-a14b-5ea08633fd2d', 'b8be4c4d-71b0-4fbf-ae1d-f47b1ff9e267', '80837985', 'ლარისა ბრეგვაძე', 'mediko31@kiknaze.com', '2014-01-20', '2021-01-23T12:02:48', 'CONNECTION_MISSING', '5079678199083', NULL);
INSERT INTO connection_tokens(token, initiator, created_at, used_at)
  VALUES('5079678199083', 'b8be4c4d-71b0-4fbf-ae1d-f47b1ff9e267', '2021-01-23T12:02:48', NULL);

INSERT INTO students (student_id, issuer_id, university_assigned_id, full_name, email, admission_date, created_on, connection_status, connection_token, connection_id)
  VALUES ('d3b47a35-3c49-4ac7-81da-45df38cbc449', '53bac948-21a8-42c5-a7cc-67cac7ed5a04', '05049967', 'ლარისა ბრეგვაძე', 'mediko31@kiknaze.com', '2016-09-15', '2023-09-21T07:33:14', 'CONNECTION_ACCEPTED', '0153198859476', 'dcb7c615-c6a5-4564-ae87-7594b57ea5be');
INSERT INTO participants(id, tpe, did, name)
  VALUES('87b57f19-52ec-45df-ba71-74dd21310023', 'holder', NULL, 'ლარისა ბრეგვაძე');
INSERT INTO holder_public_keys(participant_id, x, y) VALUES ('87b57f19-52ec-45df-ba71-74dd21310023', 114519179781327186194101085822676460792448240606003649158695596495633775567326, 40053995873023568579421284438456565677866789180344346270053161373797648677125);
INSERT INTO connection_tokens(token, initiator, created_at, used_at)
  VALUES('0153198859476', '53bac948-21a8-42c5-a7cc-67cac7ed5a04', '2023-09-21T07:33:14', '2023-09-21T13:16:08');
INSERT INTO connections(id, initiator, acceptor, token, instantiated_at)
  VALUES('dcb7c615-c6a5-4564-ae87-7594b57ea5be', '53bac948-21a8-42c5-a7cc-67cac7ed5a04', '87b57f19-52ec-45df-ba71-74dd21310023', '0153198859476', '2023-09-21T13:16:08');

INSERT INTO credentials(credential_id, issuer_id, student_id, title, enrollment_date, graduation_date, group_name, created_on)
  VALUES ('af5b9c46-caf1-4ef7-96c6-d2b5368cae5f', '53bac948-21a8-42c5-a7cc-67cac7ed5a04', 'd3b47a35-3c49-4ac7-81da-45df38cbc449', 'Bachelor of Science', '2016-09-15', '2023-09-17', 'group', '2023-09-25T20:13:03');
INSERT INTO messages (id, received_at, connection, recipient, sender, content)
  VALUES ('8c8429a5-6b27-4d27-a5cb-a0fbe36a2d62', '2023-09-28T16:18:41', 'dcb7c615-c6a5-4564-ae87-7594b57ea5be', '87b57f19-52ec-45df-ba71-74dd21310023', '53bac948-21a8-42c5-a7cc-67cac7ed5a04', E'\\x0ab8020a780a1a556e6976657273697479206f6620e183aee1839de1839ce18398120e5465737420696e73746974757465224a6469643a6174616c613a6339656238386534373031646332363631613939323235353335376462356664373733626261653934373865323236373137636239616564666364343435343312450a12e1839ae18390e183a0e18398e183a1e183901218e18391e183a0e18394e18392e18395e18390e183abe183941a0708ca0f100a1813220c0a0a38382d3839343639343222330a0fe18392e18398e183a3e1839ae183981218e183ade18394e18398e183a8e18395e18398e1839ae183981a06526563746f723a0708e70f1009181c42063530363939314a0633303031303552063136363033387a013392010708e00f1009180f9a010708e70f10091811a2010708e70f1009181c');

INSERT INTO students (student_id, issuer_id, university_assigned_id, full_name, email, admission_date, created_on, connection_status, connection_token, connection_id)
  VALUES ('bce65e16-57a8-4492-b01e-6261522c8ca6', 'ffa499e3-47f8-496c-b621-3cc99695945c', '19751948', 'ლარისა ბრეგვაძე', 'mediko31@kiknaze.com', '2015-07-12', '2020-07-11T23:41:22', 'CONNECTION_MISSING', '7046089496696', NULL);
INSERT INTO connection_tokens(token, initiator, created_at, used_at)
  VALUES('7046089496696', 'ffa499e3-47f8-496c-b621-3cc99695945c', '2020-07-11T23:41:22', NULL);

INSERT INTO credentials(credential_id, issuer_id, student_id, title, enrollment_date, graduation_date, group_name, created_on)
  VALUES ('92316dde-a7c9-4a29-9743-9ddec104448f', 'ffa499e3-47f8-496c-b621-3cc99695945c', 'bce65e16-57a8-4492-b01e-6261522c8ca6', 'Bachelor of Science', '2015-07-12', '2020-07-10', 'group', '2020-07-17T04:59:51');

INSERT INTO students (student_id, issuer_id, university_assigned_id, full_name, email, admission_date, created_on, connection_status, connection_token, connection_id)
  VALUES ('3249188a-47bc-42ae-aff8-2a9114386648', 'd4bf93e9-d99c-4740-bb57-7b9541b00e55', '33763873', 'ლარისა ბრეგვაძე', 'mediko31@kiknaze.com', '2016-05-05', '2022-05-10T13:12:00', 'CONNECTION_ACCEPTED', '8712180676761', 'ab9b9145-f151-42ef-a639-ff86eca1ab8b');
INSERT INTO participants(id, tpe, did, name)
  VALUES('11a0e08a-bcc5-4b2e-ba21-c3718ef8b20d', 'holder', NULL, 'ლარისა ბრეგვაძე');
INSERT INTO holder_public_keys(participant_id, x, y) VALUES ('11a0e08a-bcc5-4b2e-ba21-c3718ef8b20d', 114519179781327186194101085822676460792448240606003649158695596495633775567326, 40053995873023568579421284438456565677866789180344346270053161373797648677125);
INSERT INTO connection_tokens(token, initiator, created_at, used_at)
  VALUES('8712180676761', 'd4bf93e9-d99c-4740-bb57-7b9541b00e55', '2022-05-10T13:12:00', '2022-05-10T22:06:54');
INSERT INTO connections(id, initiator, acceptor, token, instantiated_at)
  VALUES('ab9b9145-f151-42ef-a639-ff86eca1ab8b', 'd4bf93e9-d99c-4740-bb57-7b9541b00e55', '11a0e08a-bcc5-4b2e-ba21-c3718ef8b20d', '8712180676761', '2022-05-10T22:06:54');

INSERT INTO credentials(credential_id, issuer_id, student_id, title, enrollment_date, graduation_date, group_name, created_on)
  VALUES ('b0c59090-5e8e-40fb-bf64-51437beae7da', 'd4bf93e9-d99c-4740-bb57-7b9541b00e55', '3249188a-47bc-42ae-aff8-2a9114386648', 'Bachelor of Science', '2016-05-05', '2022-05-10', 'group', '2022-05-16T09:34:42');
INSERT INTO messages (id, received_at, connection, recipient, sender, content)
  VALUES ('cf03c95b-c1bb-44b5-b78a-b7b63902b18f', '2022-05-17T15:27:16', 'ab9b9145-f151-42ef-a639-ff86eca1ab8b', '11a0e08a-bcc5-4b2e-ba21-c3718ef8b20d', 'd4bf93e9-d99c-4740-bb57-7b9541b00e55', E'\\x0abc020a81010a23556e6976657273697479206f6620e183a1e18398e183a6e1839ce18390e183a6e18398120e5465737420696e73746974757465224a6469643a6174616c613a6234623531353763356430343034636136303335326432636530363065653236663937356333613131373832373662336462633932323730643639653238373912450a12e1839ae18390e183a0e18398e183a1e183901218e18391e183a0e18394e18392e18395e18390e183abe183941a0708ca0f100a1813220c0a0a38382d38393436393432222d0a0ce1839ce18394e1839ae183981215e18391e183a3e183a0e18393e183a3e1839ae183981a06526563746f723a0708e60f1005181142063630333834314a0634303636393852063130323132367a013392010708e00f100518059a010708e60f1005180aa2010708e60f10051811');

INSERT INTO students (student_id, issuer_id, university_assigned_id, full_name, email, admission_date, created_on, connection_status, connection_token, connection_id)
  VALUES ('b2053207-b1ff-4820-b69a-b49215625e63', 'a8e4f9b0-97a8-43ec-8a73-2efe67243cd5', '77762740', 'ლარისა ბრეგვაძე', 'mediko31@kiknaze.com', '2015-01-16', '2020-01-21T07:24:49', 'CONNECTION_ACCEPTED', '6496714299283', '32e7c980-310c-47b7-b83a-9f2a80343f84');
INSERT INTO participants(id, tpe, did, name)
  VALUES('f2a46ea8-aa38-4ecb-9897-c385791638c3', 'holder', NULL, 'ლარისა ბრეგვაძე');
INSERT INTO holder_public_keys(participant_id, x, y) VALUES ('f2a46ea8-aa38-4ecb-9897-c385791638c3', 114519179781327186194101085822676460792448240606003649158695596495633775567326, 40053995873023568579421284438456565677866789180344346270053161373797648677125);
INSERT INTO connection_tokens(token, initiator, created_at, used_at)
  VALUES('6496714299283', 'a8e4f9b0-97a8-43ec-8a73-2efe67243cd5', '2020-01-21T07:24:49', '2020-01-26T08:14:16');
INSERT INTO connections(id, initiator, acceptor, token, instantiated_at)
  VALUES('32e7c980-310c-47b7-b83a-9f2a80343f84', 'a8e4f9b0-97a8-43ec-8a73-2efe67243cd5', 'f2a46ea8-aa38-4ecb-9897-c385791638c3', '6496714299283', '2020-01-26T08:14:16');

INSERT INTO students (student_id, issuer_id, university_assigned_id, full_name, email, admission_date, created_on, connection_status, connection_token, connection_id)
  VALUES ('5e52f05e-78dd-4a13-ba30-1bada52156ee', 'd99eec32-eb64-45de-9875-194da6eb2e86', '64085586', 'ლარისა ბრეგვაძე', 'mediko31@kiknaze.com', '2014-02-12', '2021-02-16T17:14:22', 'CONNECTION_ACCEPTED', '3489624031091', 'd10eadaa-78f3-47ba-b7f6-4fd18a8e18d6');
INSERT INTO participants(id, tpe, did, name)
  VALUES('7dde6b8c-68f8-4989-aa13-956b5dd6ea6d', 'holder', NULL, 'ლარისა ბრეგვაძე');
INSERT INTO holder_public_keys(participant_id, x, y) VALUES ('7dde6b8c-68f8-4989-aa13-956b5dd6ea6d', 114519179781327186194101085822676460792448240606003649158695596495633775567326, 40053995873023568579421284438456565677866789180344346270053161373797648677125);
INSERT INTO connection_tokens(token, initiator, created_at, used_at)
  VALUES('3489624031091', 'd99eec32-eb64-45de-9875-194da6eb2e86', '2021-02-16T17:14:22', '2021-02-20T06:04:58');
INSERT INTO connections(id, initiator, acceptor, token, instantiated_at)
  VALUES('d10eadaa-78f3-47ba-b7f6-4fd18a8e18d6', 'd99eec32-eb64-45de-9875-194da6eb2e86', '7dde6b8c-68f8-4989-aa13-956b5dd6ea6d', '3489624031091', '2021-02-20T06:04:58');

INSERT INTO credentials(credential_id, issuer_id, student_id, title, enrollment_date, graduation_date, group_name, created_on)
  VALUES ('7403b414-4034-401f-82eb-457267a9c413', 'd99eec32-eb64-45de-9875-194da6eb2e86', '5e52f05e-78dd-4a13-ba30-1bada52156ee', 'Bachelor of Science', '2014-02-12', '2021-02-16', 'group', '2021-02-20T07:18:25');
INSERT INTO messages (id, received_at, connection, recipient, sender, content)
  VALUES ('f238e29d-59f4-4a03-a759-23397963eccf', '2021-02-20T22:56:01', 'd10eadaa-78f3-47ba-b7f6-4fd18a8e18d6', '7dde6b8c-68f8-4989-aa13-956b5dd6ea6d', 'd99eec32-eb64-45de-9875-194da6eb2e86', E'\\x0abe020a7b0a1d556e6976657273697479206f6620e183ace1839ce1839de183a0e18398120e5465737420696e73746974757465224a6469643a6174616c613a3363626165363261656661356538323134373733336237663733383364336261306664633930626465343839303663396138316337363839626666306163363912450a12e1839ae18390e183a0e18398e183a1e183901218e18391e183a0e18394e18392e18395e18390e183abe183941a0708ca0f100a1813220c0a0a38382d3839343639343222360a18e18395e18390e1839ae18394e183a0e18398e18390e1839c1212e183afe1839de183aee18390e183abe183941a06526563746f723a0708e50f1002181442063938383433304a0634393530313352063139323937387a013392010708de0f1002180c9a010708e50f10021810a2010708e50f10021814');

INSERT INTO students (student_id, issuer_id, university_assigned_id, full_name, email, admission_date, created_on, connection_status, connection_token, connection_id)
  VALUES ('4d6f2870-dd1a-4fa4-b9e3-c1f1e6c977f6', '8cbe9764-39f1-40ce-9d05-e9fd90a5fe43', '86579841', 'ლარისა ბრეგვაძე', 'mediko31@kiknaze.com', '2015-01-24', '2022-01-29T03:53:59', 'INVITATION_MISSING', NULL, NULL);


INSERT INTO students (student_id, issuer_id, university_assigned_id, full_name, email, admission_date, created_on, connection_status, connection_token, connection_id)
  VALUES ('2d0f49a1-7a1f-4424-8bc5-1b5f9e08f35b', 'e0e16680-d0ef-4c1d-a8d3-21a3402bd221', '43949687', 'ლარისა ბრეგვაძე', 'mediko31@kiknaze.com', '2013-03-26', '2020-03-25T17:47:25', 'CONNECTION_ACCEPTED', '5959086710998', '6e953dba-e268-40ff-814a-d38fe5e0a8ec');
INSERT INTO participants(id, tpe, did, name)
  VALUES('8b3c124d-11ee-454a-a212-1b0dd642d206', 'holder', NULL, 'ლარისა ბრეგვაძე');
INSERT INTO holder_public_keys(participant_id, x, y) VALUES ('8b3c124d-11ee-454a-a212-1b0dd642d206', 114519179781327186194101085822676460792448240606003649158695596495633775567326, 40053995873023568579421284438456565677866789180344346270053161373797648677125);
INSERT INTO connection_tokens(token, initiator, created_at, used_at)
  VALUES('5959086710998', 'e0e16680-d0ef-4c1d-a8d3-21a3402bd221', '2020-03-25T17:47:25', '2020-03-30T20:04:11');
INSERT INTO connections(id, initiator, acceptor, token, instantiated_at)
  VALUES('6e953dba-e268-40ff-814a-d38fe5e0a8ec', 'e0e16680-d0ef-4c1d-a8d3-21a3402bd221', '8b3c124d-11ee-454a-a212-1b0dd642d206', '5959086710998', '2020-03-30T20:04:11');

INSERT INTO students (student_id, issuer_id, university_assigned_id, full_name, email, admission_date, created_on, connection_status, connection_token, connection_id)
  VALUES ('42ab174f-ce06-402f-b343-a0cf6106049a', 'a10de7e8-c014-49b1-999e-4bc287d96efe', '29775569', 'ლარისა ბრეგვაძე', 'mediko31@kiknaze.com', '2013-03-08', '2019-03-11T08:56:35', 'CONNECTION_ACCEPTED', '6530920927131', 'fee96491-a9bd-4eb4-964e-095b15664bb7');
INSERT INTO participants(id, tpe, did, name)
  VALUES('7f8be884-6492-4053-8b2e-1aecc158d495', 'holder', NULL, 'ლარისა ბრეგვაძე');
INSERT INTO holder_public_keys(participant_id, x, y) VALUES ('7f8be884-6492-4053-8b2e-1aecc158d495', 114519179781327186194101085822676460792448240606003649158695596495633775567326, 40053995873023568579421284438456565677866789180344346270053161373797648677125);
INSERT INTO connection_tokens(token, initiator, created_at, used_at)
  VALUES('6530920927131', 'a10de7e8-c014-49b1-999e-4bc287d96efe', '2019-03-11T08:56:35', '2019-03-18T08:36:34');
INSERT INTO connections(id, initiator, acceptor, token, instantiated_at)
  VALUES('fee96491-a9bd-4eb4-964e-095b15664bb7', 'a10de7e8-c014-49b1-999e-4bc287d96efe', '7f8be884-6492-4053-8b2e-1aecc158d495', '6530920927131', '2019-03-18T08:36:34');

INSERT INTO students (student_id, issuer_id, university_assigned_id, full_name, email, admission_date, created_on, connection_status, connection_token, connection_id)
  VALUES ('0a91e2ca-485a-40a1-b66b-3697908c4368', '68db7f32-bc5b-4b9f-98ba-8dcd112b6f65', '11292029', 'ლარისა ბრეგვაძე', 'mediko31@kiknaze.com', '2016-06-01', '2023-06-08T03:12:41', 'INVITATION_MISSING', NULL, NULL);


INSERT INTO students (student_id, issuer_id, university_assigned_id, full_name, email, admission_date, created_on, connection_status, connection_token, connection_id)
  VALUES ('ccdec238-c515-48dc-a28f-02af60b5e0df', '6907db07-c8c2-439f-b6e6-3af00690b24d', '92649941', 'ლარისა ბრეგვაძე', 'mediko31@kiknaze.com', '2016-01-19', '2023-01-24T00:55:09', 'CONNECTION_ACCEPTED', '1574026997082', 'd92f4891-bd25-4504-9a83-89c78de05e81');
INSERT INTO participants(id, tpe, did, name)
  VALUES('61e661bf-27f0-46eb-8c51-0f64dfeff388', 'holder', NULL, 'ლარისა ბრეგვაძე');
INSERT INTO holder_public_keys(participant_id, x, y) VALUES ('61e661bf-27f0-46eb-8c51-0f64dfeff388', 114519179781327186194101085822676460792448240606003649158695596495633775567326, 40053995873023568579421284438456565677866789180344346270053161373797648677125);
INSERT INTO connection_tokens(token, initiator, created_at, used_at)
  VALUES('1574026997082', '6907db07-c8c2-439f-b6e6-3af00690b24d', '2023-01-24T00:55:09', '2023-01-28T12:38:22');
INSERT INTO connections(id, initiator, acceptor, token, instantiated_at)
  VALUES('d92f4891-bd25-4504-9a83-89c78de05e81', '6907db07-c8c2-439f-b6e6-3af00690b24d', '61e661bf-27f0-46eb-8c51-0f64dfeff388', '1574026997082', '2023-01-28T12:38:22');

INSERT INTO credentials(credential_id, issuer_id, student_id, title, enrollment_date, graduation_date, group_name, created_on)
  VALUES ('2fe4e282-2211-4daf-b2a1-d9ff04007979', '6907db07-c8c2-439f-b6e6-3af00690b24d', 'ccdec238-c515-48dc-a28f-02af60b5e0df', 'Bachelor of Science', '2016-01-19', '2023-01-18', 'group', '2023-01-25T10:02:19');
INSERT INTO messages (id, received_at, connection, recipient, sender, content)
  VALUES ('5426f261-e9c8-4f9e-bb9a-ca3cd9bc201b', '2023-01-28T08:26:23', 'd92f4891-bd25-4504-9a83-89c78de05e81', '61e661bf-27f0-46eb-8c51-0f64dfeff388', '6907db07-c8c2-439f-b6e6-3af00690b24d', E'\\x0ac4020a7e0a20556e6976657273697479206f6620e1839be183aae183aee18394e18397e18390120e5465737420696e73746974757465224a6469643a6174616c613a6163633933653530333830343164363262306130383031323531616436373738643932363938623633363862633861323264353339343561393531643632643312450a12e1839ae18390e183a0e18398e183a1e183901218e18391e183a0e18394e18392e18395e18390e183abe183941a0708ca0f100a1813220c0a0a38382d3839343639343222390a0ce18398e183a0e1839be183901221e1839be18394e183a0e18390e18391e18398e183a8e18395e18398e1839ae183981a06526563746f723a0708e70f1001181c42063531373835374a0633393430323052063130383832327a013392010708e00f100118139a010708e70f10011812a2010708e70f1001181c');

INSERT INTO students (student_id, issuer_id, university_assigned_id, full_name, email, admission_date, created_on, connection_status, connection_token, connection_id)
  VALUES ('f3dc7522-66ab-4a78-9bbc-e2792efd6c0c', '25cd6766-e169-44f8-b9f5-b9f9b51b1a4b', '16573109', 'ლარისა ბრეგვაძე', 'mediko31@kiknaze.com', '2014-01-14', '2019-01-21T13:39:38', 'CONNECTION_ACCEPTED', '5809912004206', '038a9512-6347-4a78-a74e-400233da81de');
INSERT INTO participants(id, tpe, did, name)
  VALUES('62ab027d-d8d4-4f9a-9997-bb95e03f1f09', 'holder', NULL, 'ლარისა ბრეგვაძე');
INSERT INTO holder_public_keys(participant_id, x, y) VALUES ('62ab027d-d8d4-4f9a-9997-bb95e03f1f09', 114519179781327186194101085822676460792448240606003649158695596495633775567326, 40053995873023568579421284438456565677866789180344346270053161373797648677125);
INSERT INTO connection_tokens(token, initiator, created_at, used_at)
  VALUES('5809912004206', '25cd6766-e169-44f8-b9f5-b9f9b51b1a4b', '2019-01-21T13:39:38', '2019-01-23T16:11:32');
INSERT INTO connections(id, initiator, acceptor, token, instantiated_at)
  VALUES('038a9512-6347-4a78-a74e-400233da81de', '25cd6766-e169-44f8-b9f5-b9f9b51b1a4b', '62ab027d-d8d4-4f9a-9997-bb95e03f1f09', '5809912004206', '2019-01-23T16:11:32');

INSERT INTO credentials(credential_id, issuer_id, student_id, title, enrollment_date, graduation_date, group_name, created_on)
  VALUES ('cfb85914-b460-43f7-92d4-67cfe5339594', '25cd6766-e169-44f8-b9f5-b9f9b51b1a4b', 'f3dc7522-66ab-4a78-9bbc-e2792efd6c0c', 'Bachelor of Science', '2014-01-14', '2019-01-20', 'group', '2019-01-22T02:29:03');
INSERT INTO messages (id, received_at, connection, recipient, sender, content)
  VALUES ('49bc2971-2c39-425e-879c-45816a626d33', '2019-01-29T05:21:43', '038a9512-6347-4a78-a74e-400233da81de', '62ab027d-d8d4-4f9a-9997-bb95e03f1f09', '25cd6766-e169-44f8-b9f5-b9f9b51b1a4b', E'\\x0abf020a81010a23556e6976657273697479206f6620e18393e1839be18390e1839ce18398e183a1e18398120e5465737420696e73746974757465224a6469643a6174616c613a3235303930363239623834353266333562653332306461633865373434303062636366633161663636666131616565393131326665666364643034303037663612450a12e1839ae18390e183a0e18398e183a1e183901218e18391e183a0e18394e18392e18395e18390e183abe183941a0708ca0f100a1813220c0a0a38382d3839343639343222300a0fe18397e18394e1839de1839ce183901215e183afe18398e18391e1839ae18390e183abe183941a06526563746f723a0708e30f1001181c42063635393330344a0633363132363552063131393430317a013392010708de0f1001180e9a010708e30f10011814a2010708e30f1001181c');

INSERT INTO students (student_id, issuer_id, university_assigned_id, full_name, email, admission_date, created_on, connection_status, connection_token, connection_id)
  VALUES ('3820cf3f-98fc-4e59-b703-b454dd818d68', 'da52ef12-5835-4352-a89c-c48d505f09ed', '89971888', 'ლარისა ბრეგვაძე', 'mediko31@kiknaze.com', '2013-04-01', '2020-03-31T05:52:56', 'CONNECTION_ACCEPTED', '9096500673326', 'b5823142-a28b-4f4e-929f-6026f00be9b6');
INSERT INTO participants(id, tpe, did, name)
  VALUES('b436b106-c310-4387-935a-5a4c6431ed40', 'holder', NULL, 'ლარისა ბრეგვაძე');
INSERT INTO holder_public_keys(participant_id, x, y) VALUES ('b436b106-c310-4387-935a-5a4c6431ed40', 114519179781327186194101085822676460792448240606003649158695596495633775567326, 40053995873023568579421284438456565677866789180344346270053161373797648677125);
INSERT INTO connection_tokens(token, initiator, created_at, used_at)
  VALUES('9096500673326', 'da52ef12-5835-4352-a89c-c48d505f09ed', '2020-03-31T05:52:56', '2020-04-03T16:17:32');
INSERT INTO connections(id, initiator, acceptor, token, instantiated_at)
  VALUES('b5823142-a28b-4f4e-929f-6026f00be9b6', 'da52ef12-5835-4352-a89c-c48d505f09ed', 'b436b106-c310-4387-935a-5a4c6431ed40', '9096500673326', '2020-04-03T16:17:32');

INSERT INTO students (student_id, issuer_id, university_assigned_id, full_name, email, admission_date, created_on, connection_status, connection_token, connection_id)
  VALUES ('de6ac0cc-ac90-4dff-a1fa-a848e7984912', '57c12ac6-c114-41c2-904b-6c84b019522f', '77336538', 'ლარისა ბრეგვაძე', 'mediko31@kiknaze.com', '2015-02-04', '2022-02-04T20:29:46', 'CONNECTION_ACCEPTED', '6545596503534', '1a76b31b-dbd9-4020-bbf9-9e8a07b92ff3');
INSERT INTO participants(id, tpe, did, name)
  VALUES('509f2c46-5c12-42ac-bbe5-0f9c5a85f2b8', 'holder', NULL, 'ლარისა ბრეგვაძე');
INSERT INTO holder_public_keys(participant_id, x, y) VALUES ('509f2c46-5c12-42ac-bbe5-0f9c5a85f2b8', 114519179781327186194101085822676460792448240606003649158695596495633775567326, 40053995873023568579421284438456565677866789180344346270053161373797648677125);
INSERT INTO connection_tokens(token, initiator, created_at, used_at)
  VALUES('6545596503534', '57c12ac6-c114-41c2-904b-6c84b019522f', '2022-02-04T20:29:46', '2022-02-06T10:17:45');
INSERT INTO connections(id, initiator, acceptor, token, instantiated_at)
  VALUES('1a76b31b-dbd9-4020-bbf9-9e8a07b92ff3', '57c12ac6-c114-41c2-904b-6c84b019522f', '509f2c46-5c12-42ac-bbe5-0f9c5a85f2b8', '6545596503534', '2022-02-06T10:17:45');

INSERT INTO credentials(credential_id, issuer_id, student_id, title, enrollment_date, graduation_date, group_name, created_on)
  VALUES ('05f9e578-468e-41e2-a3b2-467d8b1863aa', '57c12ac6-c114-41c2-904b-6c84b019522f', 'de6ac0cc-ac90-4dff-a1fa-a848e7984912', 'Bachelor of Science', '2015-02-04', '2022-02-04', 'group', '2022-02-09T12:37:12');
INSERT INTO messages (id, received_at, connection, recipient, sender, content)
  VALUES ('0bbbb1cd-d427-4748-bd0a-566cc0cd5a4f', '2022-02-16T14:10:58', '1a76b31b-dbd9-4020-bbf9-9e8a07b92ff3', '509f2c46-5c12-42ac-bbe5-0f9c5a85f2b8', '57c12ac6-c114-41c2-904b-6c84b019522f', E'\\x0abf020a84010a26556e6976657273697479206f6620e183a5e1839de18391e183a3e1839ae18394e18397e18398120e5465737420696e73746974757465224a6469643a6174616c613a6665383030643063326562666438636235656632393234393330386436653361393130613939633831363730613063616161303038643934616565666531343012450a12e1839ae18390e183a0e18398e183a1e183901218e18391e183a0e18394e18392e18395e18390e183abe183941a0708ca0f100a1813220c0a0a38382d38393436393432222d0a0ce1839ce18390e18396e183981215e183afe18398e18391e1839ae18390e183abe183941a06526563746f723a0708e60f1002180f42063837363936384a0633363030373752063132313939347a013392010708df0f100218049a010708e60f10021804a2010708e60f1002180f');

INSERT INTO students (student_id, issuer_id, university_assigned_id, full_name, email, admission_date, created_on, connection_status, connection_token, connection_id)
  VALUES ('17257c0e-e8d5-4f55-838b-27c66455e048', '06854064-50b7-471f-bbd8-2a3c8654f2cd', '06420970', 'ლარისა ბრეგვაძე', 'mediko31@kiknaze.com', '2015-12-24', '2023-01-01T13:22:45', 'CONNECTION_ACCEPTED', '2122260758557', '15fe6160-efc0-417d-81a0-5e65071123cc');
INSERT INTO participants(id, tpe, did, name)
  VALUES('4e218c0a-7a12-434f-959e-32781fe39c5e', 'holder', NULL, 'ლარისა ბრეგვაძე');
INSERT INTO holder_public_keys(participant_id, x, y) VALUES ('4e218c0a-7a12-434f-959e-32781fe39c5e', 114519179781327186194101085822676460792448240606003649158695596495633775567326, 40053995873023568579421284438456565677866789180344346270053161373797648677125);
INSERT INTO connection_tokens(token, initiator, created_at, used_at)
  VALUES('2122260758557', '06854064-50b7-471f-bbd8-2a3c8654f2cd', '2023-01-01T13:22:45', '2023-01-03T11:11:12');
INSERT INTO connections(id, initiator, acceptor, token, instantiated_at)
  VALUES('15fe6160-efc0-417d-81a0-5e65071123cc', '06854064-50b7-471f-bbd8-2a3c8654f2cd', '4e218c0a-7a12-434f-959e-32781fe39c5e', '2122260758557', '2023-01-03T11:11:12');

INSERT INTO credentials(credential_id, issuer_id, student_id, title, enrollment_date, graduation_date, group_name, created_on)
  VALUES ('48a56538-1879-4646-ae93-589c067fb3f8', '06854064-50b7-471f-bbd8-2a3c8654f2cd', '17257c0e-e8d5-4f55-838b-27c66455e048', 'Bachelor of Science', '2015-12-24', '2022-12-28', 'group', '2023-01-05T20:39:58');
INSERT INTO messages (id, received_at, connection, recipient, sender, content)
  VALUES ('7ee83c43-77d6-447c-8d14-3df060111e2f', '2023-01-08T09:07:13', '15fe6160-efc0-417d-81a0-5e65071123cc', '4e218c0a-7a12-434f-959e-32781fe39c5e', '06854064-50b7-471f-bbd8-2a3c8654f2cd', E'\\x0ab5020a7b0a1d556e6976657273697479206f6620e18399e18390e183a1e1839ee18398120e5465737420696e73746974757465224a6469643a6174616c613a3331396635623166393766366331636634326336323637363535373237326232333638353866353631303636313037613531623739646563346231646662663612450a12e1839ae18390e183a0e18398e183a1e183901218e18391e183a0e18394e18392e18395e18390e183abe183941a0708ca0f100a1813220c0a0a38382d38393436393432222d0a0ce1839fe18390e1839ce183901215e183a4e183aee18390e1839ae18390e183abe183941a06526563746f723a0708e70f1001180842063935343231364a0634313338353152063238303230337a013392010708df0f100c18189a010708e60f100c181ca2010708e70f10011808');

INSERT INTO students (student_id, issuer_id, university_assigned_id, full_name, email, admission_date, created_on, connection_status, connection_token, connection_id)
  VALUES ('abfa74d5-cfeb-4197-b590-567e5f69e73e', '2aba0316-2c47-41a3-bb5c-ea284d53e326', '81477593', 'ლარისა ბრეგვაძე', 'mediko31@kiknaze.com', '2013-05-01', '2020-05-06T18:59:22', 'CONNECTION_ACCEPTED', '6264997283394', '29c0a6a0-1c17-49be-8c5b-b6c271a22542');
INSERT INTO participants(id, tpe, did, name)
  VALUES('5f1bf0b2-07d5-4c39-b4d0-6dda1afeb1ad', 'holder', NULL, 'ლარისა ბრეგვაძე');
INSERT INTO holder_public_keys(participant_id, x, y) VALUES ('5f1bf0b2-07d5-4c39-b4d0-6dda1afeb1ad', 114519179781327186194101085822676460792448240606003649158695596495633775567326, 40053995873023568579421284438456565677866789180344346270053161373797648677125);
INSERT INTO connection_tokens(token, initiator, created_at, used_at)
  VALUES('6264997283394', '2aba0316-2c47-41a3-bb5c-ea284d53e326', '2020-05-06T18:59:22', '2020-05-10T05:15:10');
INSERT INTO connections(id, initiator, acceptor, token, instantiated_at)
  VALUES('29c0a6a0-1c17-49be-8c5b-b6c271a22542', '2aba0316-2c47-41a3-bb5c-ea284d53e326', '5f1bf0b2-07d5-4c39-b4d0-6dda1afeb1ad', '6264997283394', '2020-05-10T05:15:10');

INSERT INTO credentials(credential_id, issuer_id, student_id, title, enrollment_date, graduation_date, group_name, created_on)
  VALUES ('dd54707a-9e5f-4669-b4ad-6938c7224d5a', '2aba0316-2c47-41a3-bb5c-ea284d53e326', 'abfa74d5-cfeb-4197-b590-567e5f69e73e', 'Bachelor of Science', '2013-05-01', '2020-05-01', 'group', '2020-05-13T11:20:50');
INSERT INTO messages (id, received_at, connection, recipient, sender, content)
  VALUES ('0bfeaf98-68f4-4812-8a36-09253b0973e0', '2020-05-16T13:18:35', '29c0a6a0-1c17-49be-8c5b-b6c271a22542', '5f1bf0b2-07d5-4c39-b4d0-6dda1afeb1ad', '2aba0316-2c47-41a3-bb5c-ea284d53e326', E'\\x0abe020a780a1a556e6976657273697479206f6620e18392e18390e1839ae18398120e5465737420696e73746974757465224a6469643a6174616c613a6566643338303861633262343261343466323831643535383038666535323338343932386230333634376361373535393231353462303563333530656531623212450a12e1839ae18390e183a0e18398e183a1e183901218e18391e183a0e18394e18392e18395e18390e183abe183941a0708ca0f100a1813220c0a0a38382d3839343639343222390a0fe18392e183a3e183a0e18390e1839b121ee1839fe1839de183a0e1839fe1839de1839ae18398e18390e1839ce183981a06526563746f723a0708e40f1005181042063936383336324a0634383039343552063230323130327a013392010708dd0f100518019a010708e40f10051801a2010708e40f10051810');

INSERT INTO students (student_id, issuer_id, university_assigned_id, full_name, email, admission_date, created_on, connection_status, connection_token, connection_id)
  VALUES ('bc0a8b16-af7a-4c71-aa4b-0e3ba08dbc20', 'feef2594-a90a-45a8-b0e4-3533b1b0f450', '52708695', 'ლარისა ბრეგვაძე', 'mediko31@kiknaze.com', '2015-03-08', '2022-03-13T08:32:29', 'INVITATION_MISSING', NULL, NULL);


INSERT INTO students (student_id, issuer_id, university_assigned_id, full_name, email, admission_date, created_on, connection_status, connection_token, connection_id)
  VALUES ('7d371190-acce-47dd-8cfc-82fa711d09ab', 'b6233b14-32c8-4c5d-8f21-162413d5b8a8', '16032538', 'ლარისა ბრეგვაძე', 'mediko31@kiknaze.com', '2015-05-27', '2020-06-06T01:20:16', 'CONNECTION_ACCEPTED', '3083147650076', '7bf48fb6-5328-478d-bb2a-6c234cd9485b');
INSERT INTO participants(id, tpe, did, name)
  VALUES('9a0161f2-51af-47f4-9c11-316544a4164d', 'holder', NULL, 'ლარისა ბრეგვაძე');
INSERT INTO holder_public_keys(participant_id, x, y) VALUES ('9a0161f2-51af-47f4-9c11-316544a4164d', 114519179781327186194101085822676460792448240606003649158695596495633775567326, 40053995873023568579421284438456565677866789180344346270053161373797648677125);
INSERT INTO connection_tokens(token, initiator, created_at, used_at)
  VALUES('3083147650076', 'b6233b14-32c8-4c5d-8f21-162413d5b8a8', '2020-06-06T01:20:16', '2020-06-07T22:48:50');
INSERT INTO connections(id, initiator, acceptor, token, instantiated_at)
  VALUES('7bf48fb6-5328-478d-bb2a-6c234cd9485b', 'b6233b14-32c8-4c5d-8f21-162413d5b8a8', '9a0161f2-51af-47f4-9c11-316544a4164d', '3083147650076', '2020-06-07T22:48:50');

INSERT INTO credentials(credential_id, issuer_id, student_id, title, enrollment_date, graduation_date, group_name, created_on)
  VALUES ('1bddb07d-c1bc-4c63-84d9-f973dc9f3295', 'b6233b14-32c8-4c5d-8f21-162413d5b8a8', '7d371190-acce-47dd-8cfc-82fa711d09ab', 'Bachelor of Science', '2015-05-27', '2020-05-30', 'group', '2020-06-10T22:41:49');
INSERT INTO messages (id, received_at, connection, recipient, sender, content)
  VALUES ('41b10590-d0ad-46f5-8ea1-2c287440047c', '2020-06-11T20:32:41', '7bf48fb6-5328-478d-bb2a-6c234cd9485b', '9a0161f2-51af-47f4-9c11-316544a4164d', 'b6233b14-32c8-4c5d-8f21-162413d5b8a8', E'\\x0ac2020a87010a29556e6976657273697479206f6620e18392e18390e183a0e18393e18390e18391e18390e1839ce18398120e5465737420696e73746974757465224a6469643a6174616c613a3437353739383938306237663366656536616236626166303462323339623039383734643537633239613631326237316661393464626635653437356439643512450a12e1839ae18390e183a0e18398e183a1e183901218e18391e183a0e18394e18392e18395e18390e183abe183941a0708ca0f100a1813220c0a0a38382d38393436393432222d0a0ce1839fe18390e1839ce183901215e18392e18398e18392e18390e183a3e183a0e183981a06526563746f723a0708e40f1006180b42063937393833394a0634353933323852063134343139367a013392010708df0f1005181b9a010708e40f1005181ea2010708e40f1006180b');

INSERT INTO students (student_id, issuer_id, university_assigned_id, full_name, email, admission_date, created_on, connection_status, connection_token, connection_id)
  VALUES ('f4aa739a-08cb-46eb-9b97-1255d480056f', '3b87a9d7-2039-4d0e-b62e-c3abbdf7be75', '12931866', 'ლარისა ბრეგვაძე', 'mediko31@kiknaze.com', '2016-08-26', '2021-08-26T14:19:12', 'CONNECTION_ACCEPTED', '9534940701822', '8ae8dbfa-7099-4046-90fc-fef4ca20463e');
INSERT INTO participants(id, tpe, did, name)
  VALUES('539473b7-c8dd-40ce-9de6-821785aa9469', 'holder', NULL, 'ლარისა ბრეგვაძე');
INSERT INTO holder_public_keys(participant_id, x, y) VALUES ('539473b7-c8dd-40ce-9de6-821785aa9469', 114519179781327186194101085822676460792448240606003649158695596495633775567326, 40053995873023568579421284438456565677866789180344346270053161373797648677125);
INSERT INTO connection_tokens(token, initiator, created_at, used_at)
  VALUES('9534940701822', '3b87a9d7-2039-4d0e-b62e-c3abbdf7be75', '2021-08-26T14:19:12', '2021-08-30T22:38:21');
INSERT INTO connections(id, initiator, acceptor, token, instantiated_at)
  VALUES('8ae8dbfa-7099-4046-90fc-fef4ca20463e', '3b87a9d7-2039-4d0e-b62e-c3abbdf7be75', '539473b7-c8dd-40ce-9de6-821785aa9469', '9534940701822', '2021-08-30T22:38:21');

INSERT INTO store_individuals (user_id, individual_id, status, connection_token, connection_id, full_name, email, created_at)
  VALUES ('77398291-5d7a-44f5-ab15-2866a88125e8', '4627560e-9cd5-4372-ac51-f80f18f94c34', 'CREATED', NULL, NULL, 'ლარისა ბრეგვაძე', 'mediko31@kiknaze.com', '2022-06-13T19:20:51');


INSERT INTO store_individuals (user_id, individual_id, status, connection_token, connection_id, full_name, email, created_at)
  VALUES ('abcb20d0-fad7-46bd-b10c-10ac42b23199', '15a7d168-244f-437e-acb8-4c811d41660a', 'INVITED', '5565098326814', NULL, 'ლარისა ბრეგვაძე', 'mediko31@kiknaze.com', '2021-10-29T19:20:51');
INSERT INTO connection_tokens(token, initiator, created_at, used_at)
  VALUES('5565098326814', 'abcb20d0-fad7-46bd-b10c-10ac42b23199', '2021-10-29T19:20:51', NULL);

INSERT INTO store_individuals (user_id, individual_id, status, connection_token, connection_id, full_name, email, created_at)
  VALUES ('3c45f4eb-2041-4202-bad0-f617b7785db5', '286047ed-c22e-43cf-8d7b-86c903ef0a82', 'REVOKED', '7160784260274', '1e1f316f-1969-4edb-b296-ac7db4e0ef49', 'ლარისა ბრეგვაძე', 'mediko31@kiknaze.com', '2023-05-15T19:20:51');
INSERT INTO participants(id, tpe, did, name)
  VALUES('274bbeaa-4de1-4706-ad41-ad9d6b38acc6', 'holder', NULL, 'ლარისა ბრეგვაძე');
INSERT INTO holder_public_keys(participant_id, x, y) VALUES ('274bbeaa-4de1-4706-ad41-ad9d6b38acc6', 114519179781327186194101085822676460792448240606003649158695596495633775567326, 40053995873023568579421284438456565677866789180344346270053161373797648677125);
INSERT INTO connection_tokens(token, initiator, created_at, used_at)
  VALUES('7160784260274', '3c45f4eb-2041-4202-bad0-f617b7785db5', '2023-05-15T19:20:51', '2023-05-22T06:19:23');
INSERT INTO connections(id, initiator, acceptor, token, instantiated_at)
  VALUES('1e1f316f-1969-4edb-b296-ac7db4e0ef49', '3c45f4eb-2041-4202-bad0-f617b7785db5', '274bbeaa-4de1-4706-ad41-ad9d6b38acc6', '7160784260274', '2023-05-22T06:19:23');

INSERT INTO store_individuals (user_id, individual_id, status, connection_token, connection_id, full_name, email, created_at)
  VALUES ('1ef53e06-a645-4e13-b34a-1d20e185ca21', '2ce068ac-fd3d-4a70-b721-cacea7ec0408', 'INVITED', '0542982039550', NULL, 'ლარისა ბრეგვაძე', 'mediko31@kiknaze.com', '2022-04-21T19:20:51');
INSERT INTO connection_tokens(token, initiator, created_at, used_at)
  VALUES('0542982039550', '1ef53e06-a645-4e13-b34a-1d20e185ca21', '2022-04-21T19:20:51', NULL);

INSERT INTO store_individuals (user_id, individual_id, status, connection_token, connection_id, full_name, email, created_at)
  VALUES ('2a73d9ee-10cc-437c-8f4c-dbb1fb95555b', '1ce3176b-aa5c-40b1-b37c-7350c43b2759', 'CREATED', NULL, NULL, 'ლარისა ბრეგვაძე', 'mediko31@kiknaze.com', '2020-08-24T19:20:51');


INSERT INTO store_individuals (user_id, individual_id, status, connection_token, connection_id, full_name, email, created_at)
  VALUES ('b32494ab-9ff5-4433-85c2-988a1dcd5b04', 'fc0edd7a-9ab7-4071-9ec8-8fd2d6662223', 'INVITED', '7743321083347', NULL, 'ლარისა ბრეგვაძე', 'mediko31@kiknaze.com', '2020-07-07T19:20:51');
INSERT INTO connection_tokens(token, initiator, created_at, used_at)
  VALUES('7743321083347', 'b32494ab-9ff5-4433-85c2-988a1dcd5b04', '2020-07-07T19:20:51', NULL);

INSERT INTO store_individuals (user_id, individual_id, status, connection_token, connection_id, full_name, email, created_at)
  VALUES ('dc9f6e7b-299f-40b5-9a26-06eca872194e', 'bde69138-0777-4880-a802-0daf14421ae3', 'CREATED', NULL, NULL, 'ლარისა ბრეგვაძე', 'mediko31@kiknaze.com', '2022-12-08T19:20:51');


INSERT INTO store_individuals (user_id, individual_id, status, connection_token, connection_id, full_name, email, created_at)
  VALUES ('5df20ffe-5aa0-4b1e-a857-7a3a0883dee9', '194bd367-29b6-4968-bd6e-bda297eb93e5', 'CREATED', NULL, NULL, 'ლარისა ბრეგვაძე', 'mediko31@kiknaze.com', '2019-01-10T19:20:51');


INSERT INTO store_individuals (user_id, individual_id, status, connection_token, connection_id, full_name, email, created_at)
  VALUES ('2c00dd22-9f8a-4b3d-a857-fc55c90a2b09', '93a43437-5952-4e0c-999e-dd532843e5ff', 'CONNECTED', '0684354690089', '6a945139-55a8-4234-ac41-79f5c4dfc5a1', 'ლარისა ბრეგვაძე', 'mediko31@kiknaze.com', '2023-05-15T19:20:51');
INSERT INTO participants(id, tpe, did, name)
  VALUES('9819e952-ed5c-4447-b38f-3dad1356ad40', 'holder', NULL, 'ლარისა ბრეგვაძე');
INSERT INTO holder_public_keys(participant_id, x, y) VALUES ('9819e952-ed5c-4447-b38f-3dad1356ad40', 114519179781327186194101085822676460792448240606003649158695596495633775567326, 40053995873023568579421284438456565677866789180344346270053161373797648677125);
INSERT INTO connection_tokens(token, initiator, created_at, used_at)
  VALUES('0684354690089', '2c00dd22-9f8a-4b3d-a857-fc55c90a2b09', '2023-05-15T19:20:51', '2023-05-18T21:28:26');
INSERT INTO connections(id, initiator, acceptor, token, instantiated_at)
  VALUES('6a945139-55a8-4234-ac41-79f5c4dfc5a1', '2c00dd22-9f8a-4b3d-a857-fc55c90a2b09', '9819e952-ed5c-4447-b38f-3dad1356ad40', '0684354690089', '2023-05-18T21:28:26');

INSERT INTO messages (id, received_at, connection, recipient, sender, content)
  VALUES ('1f451c46-1b6c-4353-81bd-8d483db1491f', '2343-04-15T16:18:41', '6a945139-55a8-4234-ac41-79f5c4dfc5a1', '9819e952-ed5c-4447-b38f-3dad1356ad40', '2c00dd22-9f8a-4b3d-a857-fc55c90a2b09', E'\\x0ab8020a780a1a556e6976657273697479206f6620e183aee1839de1839ce18398120e5465737420696e73746974757465224a6469643a6174616c613a6339656238386534373031646332363631613939323235353335376462356664373733626261653934373865323236373137636239616564666364343435343312450a12e1839ae18390e183a0e18398e183a1e183901218e18391e183a0e18394e18392e18395e18390e183abe183941a0708ca0f100a1813220c0a0a38382d3839343639343222330a0fe18392e18398e183a3e1839ae183981218e183ade18394e18398e183a8e18395e18398e1839ae183981a06526563746f723a0708e70f1009181c42063530363939314a0633303031303552063136363033387a013392010708e00f1009180f9a010708e70f10091811a2010708e70f1009181c');

INSERT INTO messages (id, received_at, connection, recipient, sender, content)
  VALUES ('dc8af343-2f94-4546-8140-ae6259df1710', '2216-06-30T21:28:26', '6a945139-55a8-4234-ac41-79f5c4dfc5a1', '9819e952-ed5c-4447-b38f-3dad1356ad40', '2c00dd22-9f8a-4b3d-a857-fc55c90a2b09', E'\\x0abe020a7b0a1d556e6976657273697479206f6620e183ace1839ce1839de183a0e18398120e5465737420696e73746974757465224a6469643a6174616c613a3363626165363261656661356538323134373733336237663733383364336261306664633930626465343839303663396138316337363839626666306163363912450a12e1839ae18390e183a0e18398e183a1e183901218e18391e183a0e18394e18392e18395e18390e183abe183941a0708ca0f100a1813220c0a0a38382d3839343639343222360a18e18395e18390e1839ae18394e183a0e18398e18390e1839c1212e183afe1839de183aee18390e183abe183941a06526563746f723a0708e50f1002181442063938383433304a0634393530313352063139323937387a013392010708de0f1002180c9a010708e50f10021810a2010708e50f10021814');

INSERT INTO messages (id, received_at, connection, recipient, sender, content)
  VALUES ('2281da12-0dc4-48bb-8238-e54dc245f70a', '2306-06-16T21:28:26', '6a945139-55a8-4234-ac41-79f5c4dfc5a1', '9819e952-ed5c-4447-b38f-3dad1356ad40', '2c00dd22-9f8a-4b3d-a857-fc55c90a2b09', E'\\x0abf020a81010a23556e6976657273697479206f6620e18393e1839be18390e1839ce18398e183a1e18398120e5465737420696e73746974757465224a6469643a6174616c613a3235303930363239623834353266333562653332306461633865373434303062636366633161663636666131616565393131326665666364643034303037663612450a12e1839ae18390e183a0e18398e183a1e183901218e18391e183a0e18394e18392e18395e18390e183abe183941a0708ca0f100a1813220c0a0a38382d3839343639343222300a0fe18397e18394e1839de1839ce183901215e183afe18398e18391e1839ae18390e183abe183941a06526563746f723a0708e30f1001181c42063635393330344a0633363132363552063131393430317a013392010708de0f1001180e9a010708e30f10011814a2010708e30f1001181c');

INSERT INTO messages (id, received_at, connection, recipient, sender, content)
  VALUES ('604e0103-abb8-4475-9b07-ba37cc7b9a57', '2351-03-27T21:28:26', '6a945139-55a8-4234-ac41-79f5c4dfc5a1', '9819e952-ed5c-4447-b38f-3dad1356ad40', '2c00dd22-9f8a-4b3d-a857-fc55c90a2b09', E'\\x0ac2020a87010a29556e6976657273697479206f6620e18392e18390e183a0e18393e18390e18391e18390e1839ce18398120e5465737420696e73746974757465224a6469643a6174616c613a3437353739383938306237663366656536616236626166303462323339623039383734643537633239613631326237316661393464626635653437356439643512450a12e1839ae18390e183a0e18398e183a1e183901218e18391e183a0e18394e18392e18395e18390e183abe183941a0708ca0f100a1813220c0a0a38382d38393436393432222d0a0ce1839fe18390e1839ce183901215e18392e18398e18392e18390e183a3e183a0e183981a06526563746f723a0708e40f1006180b42063937393833394a0634353933323852063134343139367a013392010708df0f1005181b9a010708e40f1005181ea2010708e40f1006180b');

INSERT INTO store_individuals (user_id, individual_id, status, connection_token, connection_id, full_name, email, created_at)
  VALUES ('3ff23685-4df0-4a1c-b11f-322bc3607158', '16966402-ccd5-4982-8c4a-96438b1bf38e', 'CONNECTED', '5041621700240', '8421a54a-a2b9-43f3-b70b-b2a300e58ec6', 'ლარისა ბრეგვაძე', 'mediko31@kiknaze.com', '2021-10-25T19:20:51');
INSERT INTO participants(id, tpe, did, name)
  VALUES('ca4293a3-80bb-4d85-a7a7-fe3df67da7e1', 'holder', NULL, 'ლარისა ბრეგვაძე');
INSERT INTO holder_public_keys(participant_id, x, y) VALUES ('ca4293a3-80bb-4d85-a7a7-fe3df67da7e1', 114519179781327186194101085822676460792448240606003649158695596495633775567326, 40053995873023568579421284438456565677866789180344346270053161373797648677125);
INSERT INTO connection_tokens(token, initiator, created_at, used_at)
  VALUES('5041621700240', '3ff23685-4df0-4a1c-b11f-322bc3607158', '2021-10-25T19:20:51', '2021-10-28T03:25:44');
INSERT INTO connections(id, initiator, acceptor, token, instantiated_at)
  VALUES('8421a54a-a2b9-43f3-b70b-b2a300e58ec6', '3ff23685-4df0-4a1c-b11f-322bc3607158', 'ca4293a3-80bb-4d85-a7a7-fe3df67da7e1', '5041621700240', '2021-10-28T03:25:44');

INSERT INTO messages (id, received_at, connection, recipient, sender, content)
  VALUES ('8e813e23-4653-4136-a23f-7c6f1cee9e00', '2167-07-07T03:25:44', '8421a54a-a2b9-43f3-b70b-b2a300e58ec6', 'ca4293a3-80bb-4d85-a7a7-fe3df67da7e1', '3ff23685-4df0-4a1c-b11f-322bc3607158', E'\\x0ad1020a8a010a2c556e6976657273697479206f6620e18390e183aee18390e1839ae183a5e18390e1839ae18390e183a5e18398120e5465737420696e73746974757465224a6469643a6174616c613a6433323432316535376135386464636663343432633964323836373862303531396464396262653931316133356263626430313965626164353334646236373512450a12e1839ae18390e183a0e18398e183a1e183901218e18391e183a0e18394e18392e18395e18390e183abe183941a0708ca0f100a1813220c0a0a38382d3839343639343222390a12e1839ce18394e183a1e183a2e18390e1839c121be18390e18393e18394e18398e183a8e18395e18398e1839ae183981a06526563746f723a0708e50f1002180342063732303430374a0634353437343852063130383033337a013392010708de0f100118179a010708e50f10011817a2010708e50f10021803');

INSERT INTO messages (id, received_at, connection, recipient, sender, content)
  VALUES ('aa110456-40a5-48e3-922c-eac5a9aa19ad', '2286-12-11T03:25:44', '8421a54a-a2b9-43f3-b70b-b2a300e58ec6', 'ca4293a3-80bb-4d85-a7a7-fe3df67da7e1', '3ff23685-4df0-4a1c-b11f-322bc3607158', E'\\x0abe020a7b0a1d556e6976657273697479206f6620e183ace1839ce1839de183a0e18398120e5465737420696e73746974757465224a6469643a6174616c613a3363626165363261656661356538323134373733336237663733383364336261306664633930626465343839303663396138316337363839626666306163363912450a12e1839ae18390e183a0e18398e183a1e183901218e18391e183a0e18394e18392e18395e18390e183abe183941a0708ca0f100a1813220c0a0a38382d3839343639343222360a18e18395e18390e1839ae18394e183a0e18398e18390e1839c1212e183afe1839de183aee18390e183abe183941a06526563746f723a0708e50f1002181442063938383433304a0634393530313352063139323937387a013392010708de0f1002180c9a010708e50f10021810a2010708e50f10021814');

INSERT INTO messages (id, received_at, connection, recipient, sender, content)
  VALUES ('474dc6f4-61ff-4651-8ab9-2020de5f3a0e', '2115-04-03T08:26:23', '8421a54a-a2b9-43f3-b70b-b2a300e58ec6', 'ca4293a3-80bb-4d85-a7a7-fe3df67da7e1', '3ff23685-4df0-4a1c-b11f-322bc3607158', E'\\x0ac4020a7e0a20556e6976657273697479206f6620e1839be183aae183aee18394e18397e18390120e5465737420696e73746974757465224a6469643a6174616c613a6163633933653530333830343164363262306130383031323531616436373738643932363938623633363862633861323264353339343561393531643632643312450a12e1839ae18390e183a0e18398e183a1e183901218e18391e183a0e18394e18392e18395e18390e183abe183941a0708ca0f100a1813220c0a0a38382d3839343639343222390a0ce18398e183a0e1839be183901221e1839be18394e183a0e18390e18391e18398e183a8e18395e18398e1839ae183981a06526563746f723a0708e70f1001181c42063531373835374a0633393430323052063130383832327a013392010708e00f100118139a010708e70f10011812a2010708e70f1001181c');

INSERT INTO messages (id, received_at, connection, recipient, sender, content)
  VALUES ('a3097cae-9b9e-4b44-9727-3a14df1028c0', '2095-04-27T14:10:58', '8421a54a-a2b9-43f3-b70b-b2a300e58ec6', 'ca4293a3-80bb-4d85-a7a7-fe3df67da7e1', '3ff23685-4df0-4a1c-b11f-322bc3607158', E'\\x0abf020a84010a26556e6976657273697479206f6620e183a5e1839de18391e183a3e1839ae18394e18397e18398120e5465737420696e73746974757465224a6469643a6174616c613a6665383030643063326562666438636235656632393234393330386436653361393130613939633831363730613063616161303038643934616565666531343012450a12e1839ae18390e183a0e18398e183a1e183901218e18391e183a0e18394e18392e18395e18390e183abe183941a0708ca0f100a1813220c0a0a38382d38393436393432222d0a0ce1839ce18390e18396e183981215e183afe18398e18391e1839ae18390e183abe183941a06526563746f723a0708e60f1002180f42063837363936384a0633363030373752063132313939347a013392010708df0f100218049a010708e60f10021804a2010708e60f1002180f');

INSERT INTO messages (id, received_at, connection, recipient, sender, content)
  VALUES ('d1fee371-20cd-446c-b554-ad2c47d6fbb6', '2463-06-17T09:07:13', '8421a54a-a2b9-43f3-b70b-b2a300e58ec6', 'ca4293a3-80bb-4d85-a7a7-fe3df67da7e1', '3ff23685-4df0-4a1c-b11f-322bc3607158', E'\\x0ab5020a7b0a1d556e6976657273697479206f6620e18399e18390e183a1e1839ee18398120e5465737420696e73746974757465224a6469643a6174616c613a3331396635623166393766366331636634326336323637363535373237326232333638353866353631303636313037613531623739646563346231646662663612450a12e1839ae18390e183a0e18398e183a1e183901218e18391e183a0e18394e18392e18395e18390e183abe183941a0708ca0f100a1813220c0a0a38382d38393436393432222d0a0ce1839fe18390e1839ce183901215e183a4e183aee18390e1839ae18390e183abe183941a06526563746f723a0708e70f1001180842063935343231364a0634313338353152063238303230337a013392010708df0f100c18189a010708e60f100c181ca2010708e70f10011808');

INSERT INTO store_individuals (user_id, individual_id, status, connection_token, connection_id, full_name, email, created_at)
  VALUES ('86741836-66e7-41d9-94db-0512d6887162', '9d4db3fa-e5eb-4a58-bf23-74d803d80458', 'CREATED', NULL, NULL, 'ლარისა ბრეგვაძე', 'mediko31@kiknaze.com', '2020-08-10T19:20:51');


INSERT INTO store_individuals (user_id, individual_id, status, connection_token, connection_id, full_name, email, created_at)
  VALUES ('ce0db5e5-d893-44ad-8b72-6b56150a3b32', '181f63bb-a42a-414d-b087-821b391e9b59', 'CREATED', NULL, NULL, 'ლარისა ბრეგვაძე', 'mediko31@kiknaze.com', '2019-01-10T19:20:51');


INSERT INTO store_individuals (user_id, individual_id, status, connection_token, connection_id, full_name, email, created_at)
  VALUES ('0d175b1a-76f9-47a6-86a8-3edab46b4c56', 'e42646d7-e252-4d73-b365-7294b72de544', 'CONNECTED', '4537640050943', '800e2e82-51f8-4fbc-b4d0-4377159b102b', 'ლარისა ბრეგვაძე', 'mediko31@kiknaze.com', '2022-04-27T19:20:51');
INSERT INTO participants(id, tpe, did, name)
  VALUES('c89e941f-fbcd-4ff5-9afb-244fd884869a', 'holder', NULL, 'ლარისა ბრეგვაძე');
INSERT INTO holder_public_keys(participant_id, x, y) VALUES ('c89e941f-fbcd-4ff5-9afb-244fd884869a', 114519179781327186194101085822676460792448240606003649158695596495633775567326, 40053995873023568579421284438456565677866789180344346270053161373797648677125);
INSERT INTO connection_tokens(token, initiator, created_at, used_at)
  VALUES('4537640050943', '0d175b1a-76f9-47a6-86a8-3edab46b4c56', '2022-04-27T19:20:51', '2022-05-01T14:40:52');
INSERT INTO connections(id, initiator, acceptor, token, instantiated_at)
  VALUES('800e2e82-51f8-4fbc-b4d0-4377159b102b', '0d175b1a-76f9-47a6-86a8-3edab46b4c56', 'c89e941f-fbcd-4ff5-9afb-244fd884869a', '4537640050943', '2022-05-01T14:40:52');

INSERT INTO messages (id, received_at, connection, recipient, sender, content)
  VALUES ('731373bd-a688-4eae-8c53-f8da8e32739e', '2345-12-31T14:40:52', '800e2e82-51f8-4fbc-b4d0-4377159b102b', 'c89e941f-fbcd-4ff5-9afb-244fd884869a', '0d175b1a-76f9-47a6-86a8-3edab46b4c56', E'\\x0ad1020a8a010a2c556e6976657273697479206f6620e18390e183aee18390e1839ae183a5e18390e1839ae18390e183a5e18398120e5465737420696e73746974757465224a6469643a6174616c613a6433323432316535376135386464636663343432633964323836373862303531396464396262653931316133356263626430313965626164353334646236373512450a12e1839ae18390e183a0e18398e183a1e183901218e18391e183a0e18394e18392e18395e18390e183abe183941a0708ca0f100a1813220c0a0a38382d3839343639343222390a12e1839ce18394e183a1e183a2e18390e1839c121be18390e18393e18394e18398e183a8e18395e18398e1839ae183981a06526563746f723a0708e50f1002180342063732303430374a0634353437343852063130383033337a013392010708de0f100118179a010708e50f10011817a2010708e50f10021803');

INSERT INTO messages (id, received_at, connection, recipient, sender, content)
  VALUES ('67fe3252-94d9-4cbc-8e9c-48ce8121bd81', '2323-06-26T15:27:16', '800e2e82-51f8-4fbc-b4d0-4377159b102b', 'c89e941f-fbcd-4ff5-9afb-244fd884869a', '0d175b1a-76f9-47a6-86a8-3edab46b4c56', E'\\x0abc020a81010a23556e6976657273697479206f6620e183a1e18398e183a6e1839ce18390e183a6e18398120e5465737420696e73746974757465224a6469643a6174616c613a6234623531353763356430343034636136303335326432636530363065653236663937356333613131373832373662336462633932323730643639653238373912450a12e1839ae18390e183a0e18398e183a1e183901218e18391e183a0e18394e18392e18395e18390e183abe183941a0708ca0f100a1813220c0a0a38382d38393436393432222d0a0ce1839ce18394e1839ae183981215e18391e183a3e183a0e18393e183a3e1839ae183981a06526563746f723a0708e60f1005181142063630333834314a0634303636393852063130323132367a013392010708e00f100518059a010708e60f1005180aa2010708e60f10051811');

INSERT INTO messages (id, received_at, connection, recipient, sender, content)
  VALUES ('2aa387c3-74fe-4e84-a3b8-91467ce94599', '2156-06-06T14:40:52', '800e2e82-51f8-4fbc-b4d0-4377159b102b', 'c89e941f-fbcd-4ff5-9afb-244fd884869a', '0d175b1a-76f9-47a6-86a8-3edab46b4c56', E'\\x0abe020a7b0a1d556e6976657273697479206f6620e183ace1839ce1839de183a0e18398120e5465737420696e73746974757465224a6469643a6174616c613a3363626165363261656661356538323134373733336237663733383364336261306664633930626465343839303663396138316337363839626666306163363912450a12e1839ae18390e183a0e18398e183a1e183901218e18391e183a0e18394e18392e18395e18390e183abe183941a0708ca0f100a1813220c0a0a38382d3839343639343222360a18e18395e18390e1839ae18394e183a0e18398e18390e1839c1212e183afe1839de183aee18390e183abe183941a06526563746f723a0708e50f1002181442063938383433304a0634393530313352063139323937387a013392010708de0f1002180c9a010708e50f10021810a2010708e50f10021814');

INSERT INTO messages (id, received_at, connection, recipient, sender, content)
  VALUES ('033a3c70-930f-4b34-9775-88ef4b834273', '2198-01-05T14:40:52', '800e2e82-51f8-4fbc-b4d0-4377159b102b', 'c89e941f-fbcd-4ff5-9afb-244fd884869a', '0d175b1a-76f9-47a6-86a8-3edab46b4c56', E'\\x0abf020a81010a23556e6976657273697479206f6620e18393e1839be18390e1839ce18398e183a1e18398120e5465737420696e73746974757465224a6469643a6174616c613a3235303930363239623834353266333562653332306461633865373434303062636366633161663636666131616565393131326665666364643034303037663612450a12e1839ae18390e183a0e18398e183a1e183901218e18391e183a0e18394e18392e18395e18390e183abe183941a0708ca0f100a1813220c0a0a38382d3839343639343222300a0fe18397e18394e1839de1839ce183901215e183afe18398e18391e1839ae18390e183abe183941a06526563746f723a0708e30f1001181c42063635393330344a0633363132363552063131393430317a013392010708de0f1001180e9a010708e30f10011814a2010708e30f1001181c');

INSERT INTO messages (id, received_at, connection, recipient, sender, content)
  VALUES ('ba45905d-f213-481e-a1d5-ed9eaece80c4', '2048-04-02T09:07:13', '800e2e82-51f8-4fbc-b4d0-4377159b102b', 'c89e941f-fbcd-4ff5-9afb-244fd884869a', '0d175b1a-76f9-47a6-86a8-3edab46b4c56', E'\\x0ab5020a7b0a1d556e6976657273697479206f6620e18399e18390e183a1e1839ee18398120e5465737420696e73746974757465224a6469643a6174616c613a3331396635623166393766366331636634326336323637363535373237326232333638353866353631303636313037613531623739646563346231646662663612450a12e1839ae18390e183a0e18398e183a1e183901218e18391e183a0e18394e18392e18395e18390e183abe183941a0708ca0f100a1813220c0a0a38382d38393436393432222d0a0ce1839fe18390e1839ce183901215e183a4e183aee18390e1839ae18390e183abe183941a06526563746f723a0708e70f1001180842063935343231364a0634313338353152063238303230337a013392010708df0f100c18189a010708e60f100c181ca2010708e70f10011808');

INSERT INTO messages (id, received_at, connection, recipient, sender, content)
  VALUES ('e699c14c-42d6-4798-8c62-940f0091dc68', '2168-11-17T14:40:52', '800e2e82-51f8-4fbc-b4d0-4377159b102b', 'c89e941f-fbcd-4ff5-9afb-244fd884869a', '0d175b1a-76f9-47a6-86a8-3edab46b4c56', E'\\x0ac2020a87010a29556e6976657273697479206f6620e18392e18390e183a0e18393e18390e18391e18390e1839ce18398120e5465737420696e73746974757465224a6469643a6174616c613a3437353739383938306237663366656536616236626166303462323339623039383734643537633239613631326237316661393464626635653437356439643512450a12e1839ae18390e183a0e18398e183a1e183901218e18391e183a0e18394e18392e18395e18390e183abe183941a0708ca0f100a1813220c0a0a38382d38393436393432222d0a0ce1839fe18390e1839ce183901215e18392e18398e18392e18390e183a3e183a0e183981a06526563746f723a0708e40f1006180b42063937393833394a0634353933323852063134343139367a013392010708df0f1005181b9a010708e40f1005181ea2010708e40f1006180b');

INSERT INTO store_individuals (user_id, individual_id, status, connection_token, connection_id, full_name, email, created_at)
  VALUES ('691e5e4e-f017-4c63-99c4-ccfe8b79c392', 'e7ad5e88-1180-42a6-8181-c02ea2fd681c', 'REVOKED', '0408269078424', '56ca7d08-6e56-4f20-bd75-9d44fa4bd0c6', 'ლარისა ბრეგვაძე', 'mediko31@kiknaze.com', '2019-06-15T19:20:51');
INSERT INTO participants(id, tpe, did, name)
  VALUES('7a79a0a1-f7bf-4f41-8bef-f7887f8d671d', 'holder', NULL, 'ლარისა ბრეგვაძე');
INSERT INTO holder_public_keys(participant_id, x, y) VALUES ('7a79a0a1-f7bf-4f41-8bef-f7887f8d671d', 114519179781327186194101085822676460792448240606003649158695596495633775567326, 40053995873023568579421284438456565677866789180344346270053161373797648677125);
INSERT INTO connection_tokens(token, initiator, created_at, used_at)
  VALUES('0408269078424', '691e5e4e-f017-4c63-99c4-ccfe8b79c392', '2019-06-15T19:20:51', '2019-06-18T21:36:04');
INSERT INTO connections(id, initiator, acceptor, token, instantiated_at)
  VALUES('56ca7d08-6e56-4f20-bd75-9d44fa4bd0c6', '691e5e4e-f017-4c63-99c4-ccfe8b79c392', '7a79a0a1-f7bf-4f41-8bef-f7887f8d671d', '0408269078424', '2019-06-18T21:36:04');

INSERT INTO store_individuals (user_id, individual_id, status, connection_token, connection_id, full_name, email, created_at)
  VALUES ('70319d95-36c3-405d-82e0-34e35345e7fc', 'dace4481-c76a-475e-9709-3b40ca0f49d0', 'INVITED', '0406008986603', NULL, 'ლარისა ბრეგვაძე', 'mediko31@kiknaze.com', '2023-10-07T19:20:51');
INSERT INTO connection_tokens(token, initiator, created_at, used_at)
  VALUES('0406008986603', '70319d95-36c3-405d-82e0-34e35345e7fc', '2023-10-07T19:20:51', NULL);

INSERT INTO store_individuals (user_id, individual_id, status, connection_token, connection_id, full_name, email, created_at)
  VALUES ('cf09254a-7ca7-4f85-b4bf-ed0802cfc56b', 'a4f0009a-83f7-4298-b948-d2669cce423d', 'CREATED', NULL, NULL, 'ლარისა ბრეგვაძე', 'mediko31@kiknaze.com', '2019-06-09T19:20:51');


INSERT INTO store_individuals (user_id, individual_id, status, connection_token, connection_id, full_name, email, created_at)
  VALUES ('45dfc61f-2254-4ef3-a664-bb9694c9eda4', 'e8b7de7f-77f0-4c40-a1de-9779aeddd746', 'INVITED', '5983737416304', NULL, 'ლარისა ბრეგვაძე', 'mediko31@kiknaze.com', '2023-05-27T19:20:51');
INSERT INTO connection_tokens(token, initiator, created_at, used_at)
  VALUES('5983737416304', '45dfc61f-2254-4ef3-a664-bb9694c9eda4', '2023-05-27T19:20:51', NULL);

INSERT INTO store_individuals (user_id, individual_id, status, connection_token, connection_id, full_name, email, created_at)
  VALUES ('378dfddc-c103-43c5-a53f-fdc671b3fa64', '873f5a14-0f13-4dd1-9d8e-73e8ad5c5df8', 'CONNECTED', '0114997757714', '070c1ee2-95c5-4fe2-b400-e303efbb6310', 'ლარისა ბრეგვაძე', 'mediko31@kiknaze.com', '2022-01-23T19:20:51');
INSERT INTO participants(id, tpe, did, name)
  VALUES('d8c85aaf-883f-4774-a9ae-03072c9b9912', 'holder', NULL, 'ლარისა ბრეგვაძე');
INSERT INTO holder_public_keys(participant_id, x, y) VALUES ('d8c85aaf-883f-4774-a9ae-03072c9b9912', 114519179781327186194101085822676460792448240606003649158695596495633775567326, 40053995873023568579421284438456565677866789180344346270053161373797648677125);
INSERT INTO connection_tokens(token, initiator, created_at, used_at)
  VALUES('0114997757714', '378dfddc-c103-43c5-a53f-fdc671b3fa64', '2022-01-23T19:20:51', '2022-01-25T05:32:50');
INSERT INTO connections(id, initiator, acceptor, token, instantiated_at)
  VALUES('070c1ee2-95c5-4fe2-b400-e303efbb6310', '378dfddc-c103-43c5-a53f-fdc671b3fa64', 'd8c85aaf-883f-4774-a9ae-03072c9b9912', '0114997757714', '2022-01-25T05:32:50');

INSERT INTO messages (id, received_at, connection, recipient, sender, content)
  VALUES ('6ac3f63e-38b3-48b9-b8ce-d8c238c2c53f', '2341-03-24T16:18:41', '070c1ee2-95c5-4fe2-b400-e303efbb6310', 'd8c85aaf-883f-4774-a9ae-03072c9b9912', '378dfddc-c103-43c5-a53f-fdc671b3fa64', E'\\x0ab8020a780a1a556e6976657273697479206f6620e183aee1839de1839ce18398120e5465737420696e73746974757465224a6469643a6174616c613a6339656238386534373031646332363631613939323235353335376462356664373733626261653934373865323236373137636239616564666364343435343312450a12e1839ae18390e183a0e18398e183a1e183901218e18391e183a0e18394e18392e18395e18390e183abe183941a0708ca0f100a1813220c0a0a38382d3839343639343222330a0fe18392e18398e183a3e1839ae183981218e183ade18394e18398e183a8e18395e18398e1839ae183981a06526563746f723a0708e70f1009181c42063530363939314a0633303031303552063136363033387a013392010708e00f1009180f9a010708e70f10091811a2010708e70f1009181c');

INSERT INTO messages (id, received_at, connection, recipient, sender, content)
  VALUES ('d4291b9b-a43d-437a-b0b9-ecea1b683786', '2108-05-16T05:32:50', '070c1ee2-95c5-4fe2-b400-e303efbb6310', 'd8c85aaf-883f-4774-a9ae-03072c9b9912', '378dfddc-c103-43c5-a53f-fdc671b3fa64', E'\\x0abf020a81010a23556e6976657273697479206f6620e18393e1839be18390e1839ce18398e183a1e18398120e5465737420696e73746974757465224a6469643a6174616c613a3235303930363239623834353266333562653332306461633865373434303062636366633161663636666131616565393131326665666364643034303037663612450a12e1839ae18390e183a0e18398e183a1e183901218e18391e183a0e18394e18392e18395e18390e183abe183941a0708ca0f100a1813220c0a0a38382d3839343639343222300a0fe18397e18394e1839de1839ce183901215e183afe18398e18391e1839ae18390e183abe183941a06526563746f723a0708e30f1001181c42063635393330344a0633363132363552063131393430317a013392010708de0f1001180e9a010708e30f10011814a2010708e30f1001181c');

INSERT INTO messages (id, received_at, connection, recipient, sender, content)
  VALUES ('bb59519b-b8f9-4455-98b5-e93896894619', '2192-09-02T14:10:58', '070c1ee2-95c5-4fe2-b400-e303efbb6310', 'd8c85aaf-883f-4774-a9ae-03072c9b9912', '378dfddc-c103-43c5-a53f-fdc671b3fa64', E'\\x0abf020a84010a26556e6976657273697479206f6620e183a5e1839de18391e183a3e1839ae18394e18397e18398120e5465737420696e73746974757465224a6469643a6174616c613a6665383030643063326562666438636235656632393234393330386436653361393130613939633831363730613063616161303038643934616565666531343012450a12e1839ae18390e183a0e18398e183a1e183901218e18391e183a0e18394e18392e18395e18390e183abe183941a0708ca0f100a1813220c0a0a38382d38393436393432222d0a0ce1839ce18390e18396e183981215e183afe18398e18391e1839ae18390e183abe183941a06526563746f723a0708e60f1002180f42063837363936384a0633363030373752063132313939347a013392010708df0f100218049a010708e60f10021804a2010708e60f1002180f');

INSERT INTO messages (id, received_at, connection, recipient, sender, content)
  VALUES ('ac0d50d1-8066-4d39-b507-7c4e43e12b65', '2242-05-07T05:32:50', '070c1ee2-95c5-4fe2-b400-e303efbb6310', 'd8c85aaf-883f-4774-a9ae-03072c9b9912', '378dfddc-c103-43c5-a53f-fdc671b3fa64', E'\\x0abe020a780a1a556e6976657273697479206f6620e18392e18390e1839ae18398120e5465737420696e73746974757465224a6469643a6174616c613a6566643338303861633262343261343466323831643535383038666535323338343932386230333634376361373535393231353462303563333530656531623212450a12e1839ae18390e183a0e18398e183a1e183901218e18391e183a0e18394e18392e18395e18390e183abe183941a0708ca0f100a1813220c0a0a38382d3839343639343222390a0fe18392e183a3e183a0e18390e1839b121ee1839fe1839de183a0e1839fe1839de1839ae18398e18390e1839ce183981a06526563746f723a0708e40f1005181042063936383336324a0634383039343552063230323130327a013392010708dd0f100518019a010708e40f10051801a2010708e40f10051810');

INSERT INTO messages (id, received_at, connection, recipient, sender, content)
  VALUES ('225e0ee3-1cfc-40f6-bede-7b5cd6f7024e', '2421-12-29T05:32:50', '070c1ee2-95c5-4fe2-b400-e303efbb6310', 'd8c85aaf-883f-4774-a9ae-03072c9b9912', '378dfddc-c103-43c5-a53f-fdc671b3fa64', E'\\x0ac2020a87010a29556e6976657273697479206f6620e18392e18390e183a0e18393e18390e18391e18390e1839ce18398120e5465737420696e73746974757465224a6469643a6174616c613a3437353739383938306237663366656536616236626166303462323339623039383734643537633239613631326237316661393464626635653437356439643512450a12e1839ae18390e183a0e18398e183a1e183901218e18391e183a0e18394e18392e18395e18390e183abe183941a0708ca0f100a1813220c0a0a38382d38393436393432222d0a0ce1839fe18390e1839ce183901215e18392e18398e18392e18390e183a3e183a0e183981a06526563746f723a0708e40f1006180b42063937393833394a0634353933323852063134343139367a013392010708df0f1005181b9a010708e40f1005181ea2010708e40f1006180b');

INSERT INTO store_individuals (user_id, individual_id, status, connection_token, connection_id, full_name, email, created_at)
  VALUES ('c452b56c-05a1-4c50-b538-f51c4d01d70d', 'c5b7b3e6-55ec-4ae8-a952-714bd5bf7f74', 'INVITED', '3599013304337', NULL, 'ლარისა ბრეგვაძე', 'mediko31@kiknaze.com', '2018-12-11T19:20:51');
INSERT INTO connection_tokens(token, initiator, created_at, used_at)
  VALUES('3599013304337', 'c452b56c-05a1-4c50-b538-f51c4d01d70d', '2018-12-11T19:20:51', NULL);

INSERT INTO store_individuals (user_id, individual_id, status, connection_token, connection_id, full_name, email, created_at)
  VALUES ('1f9f8ef0-fa57-405f-96bf-fb6f40adfb42', '85efcb04-77ff-4917-9057-3001bb027511', 'CONNECTED', '0980657082997', '74dbdeb5-7502-4a57-a2af-db1b55e88d68', 'ლარისა ბრეგვაძე', 'mediko31@kiknaze.com', '2022-11-07T19:20:51');
INSERT INTO participants(id, tpe, did, name)
  VALUES('5e238e0b-feb7-4d50-8549-465712073032', 'holder', NULL, 'ლარისა ბრეგვაძე');
INSERT INTO holder_public_keys(participant_id, x, y) VALUES ('5e238e0b-feb7-4d50-8549-465712073032', 114519179781327186194101085822676460792448240606003649158695596495633775567326, 40053995873023568579421284438456565677866789180344346270053161373797648677125);
INSERT INTO connection_tokens(token, initiator, created_at, used_at)
  VALUES('0980657082997', '1f9f8ef0-fa57-405f-96bf-fb6f40adfb42', '2022-11-07T19:20:51', '2022-11-08T01:41:00');
INSERT INTO connections(id, initiator, acceptor, token, instantiated_at)
  VALUES('74dbdeb5-7502-4a57-a2af-db1b55e88d68', '1f9f8ef0-fa57-405f-96bf-fb6f40adfb42', '5e238e0b-feb7-4d50-8549-465712073032', '0980657082997', '2022-11-08T01:41:00');

INSERT INTO messages (id, received_at, connection, recipient, sender, content)
  VALUES ('32fba6cc-569d-44b4-a737-c6ca616915be', '2191-05-26T01:41:00', '74dbdeb5-7502-4a57-a2af-db1b55e88d68', '5e238e0b-feb7-4d50-8549-465712073032', '1f9f8ef0-fa57-405f-96bf-fb6f40adfb42', E'\\x0ad1020a8a010a2c556e6976657273697479206f6620e18390e183aee18390e1839ae183a5e18390e1839ae18390e183a5e18398120e5465737420696e73746974757465224a6469643a6174616c613a6433323432316535376135386464636663343432633964323836373862303531396464396262653931316133356263626430313965626164353334646236373512450a12e1839ae18390e183a0e18398e183a1e183901218e18391e183a0e18394e18392e18395e18390e183abe183941a0708ca0f100a1813220c0a0a38382d3839343639343222390a12e1839ce18394e183a1e183a2e18390e1839c121be18390e18393e18394e18398e183a8e18395e18398e1839ae183981a06526563746f723a0708e50f1002180342063732303430374a0634353437343852063130383033337a013392010708de0f100118179a010708e50f10011817a2010708e50f10021803');

INSERT INTO messages (id, received_at, connection, recipient, sender, content)
  VALUES ('2b64e10e-c075-4c72-800f-947a49766b2c', '2465-09-21T08:26:23', '74dbdeb5-7502-4a57-a2af-db1b55e88d68', '5e238e0b-feb7-4d50-8549-465712073032', '1f9f8ef0-fa57-405f-96bf-fb6f40adfb42', E'\\x0ac4020a7e0a20556e6976657273697479206f6620e1839be183aae183aee18394e18397e18390120e5465737420696e73746974757465224a6469643a6174616c613a6163633933653530333830343164363262306130383031323531616436373738643932363938623633363862633861323264353339343561393531643632643312450a12e1839ae18390e183a0e18398e183a1e183901218e18391e183a0e18394e18392e18395e18390e183abe183941a0708ca0f100a1813220c0a0a38382d3839343639343222390a0ce18398e183a0e1839be183901221e1839be18394e183a0e18390e18391e18398e183a8e18395e18398e1839ae183981a06526563746f723a0708e70f1001181c42063531373835374a0633393430323052063130383832327a013392010708e00f100118139a010708e70f10011812a2010708e70f1001181c');

INSERT INTO messages (id, received_at, connection, recipient, sender, content)
  VALUES ('e59b56fc-2fbd-4e0b-9441-68200dcc00ea', '2405-04-30T01:41:00', '74dbdeb5-7502-4a57-a2af-db1b55e88d68', '5e238e0b-feb7-4d50-8549-465712073032', '1f9f8ef0-fa57-405f-96bf-fb6f40adfb42', E'\\x0ac2020a87010a29556e6976657273697479206f6620e18392e18390e183a0e18393e18390e18391e18390e1839ce18398120e5465737420696e73746974757465224a6469643a6174616c613a3437353739383938306237663366656536616236626166303462323339623039383734643537633239613631326237316661393464626635653437356439643512450a12e1839ae18390e183a0e18398e183a1e183901218e18391e183a0e18394e18392e18395e18390e183abe183941a0708ca0f100a1813220c0a0a38382d38393436393432222d0a0ce1839fe18390e1839ce183901215e18392e18398e18392e18390e183a3e183a0e183981a06526563746f723a0708e40f1006180b42063937393833394a0634353933323852063134343139367a013392010708df0f1005181b9a010708e40f1005181ea2010708e40f1006180b');

INSERT INTO store_individuals (user_id, individual_id, status, connection_token, connection_id, full_name, email, created_at)
  VALUES ('f6f02e3d-0ed3-4e27-8bcb-f82503a64add', '2afbeecf-5f40-42e5-b3e9-d9f0e852a255', 'CONNECTED', '8602234101069', '5c795a79-9f3a-4b0e-b515-caba912989a0', 'ლარისა ბრეგვაძე', 'mediko31@kiknaze.com', '2023-01-21T19:20:51');
INSERT INTO participants(id, tpe, did, name)
  VALUES('8d05131e-98a1-42f2-9fc9-5dbcb1795cf8', 'holder', NULL, 'ლარისა ბრეგვაძე');
INSERT INTO holder_public_keys(participant_id, x, y) VALUES ('8d05131e-98a1-42f2-9fc9-5dbcb1795cf8', 114519179781327186194101085822676460792448240606003649158695596495633775567326, 40053995873023568579421284438456565677866789180344346270053161373797648677125);
INSERT INTO connection_tokens(token, initiator, created_at, used_at)
  VALUES('8602234101069', 'f6f02e3d-0ed3-4e27-8bcb-f82503a64add', '2023-01-21T19:20:51', '2023-01-25T20:38:02');
INSERT INTO connections(id, initiator, acceptor, token, instantiated_at)
  VALUES('5c795a79-9f3a-4b0e-b515-caba912989a0', 'f6f02e3d-0ed3-4e27-8bcb-f82503a64add', '8d05131e-98a1-42f2-9fc9-5dbcb1795cf8', '8602234101069', '2023-01-25T20:38:02');

INSERT INTO messages (id, received_at, connection, recipient, sender, content)
  VALUES ('9d44a8b3-14f2-412b-98cc-86eae606e2e7', '2202-03-02T20:38:02', '5c795a79-9f3a-4b0e-b515-caba912989a0', '8d05131e-98a1-42f2-9fc9-5dbcb1795cf8', 'f6f02e3d-0ed3-4e27-8bcb-f82503a64add', E'\\x0ad1020a8a010a2c556e6976657273697479206f6620e18390e183aee18390e1839ae183a5e18390e1839ae18390e183a5e18398120e5465737420696e73746974757465224a6469643a6174616c613a6433323432316535376135386464636663343432633964323836373862303531396464396262653931316133356263626430313965626164353334646236373512450a12e1839ae18390e183a0e18398e183a1e183901218e18391e183a0e18394e18392e18395e18390e183abe183941a0708ca0f100a1813220c0a0a38382d3839343639343222390a12e1839ce18394e183a1e183a2e18390e1839c121be18390e18393e18394e18398e183a8e18395e18398e1839ae183981a06526563746f723a0708e50f1002180342063732303430374a0634353437343852063130383033337a013392010708de0f100118179a010708e50f10011817a2010708e50f10021803');

INSERT INTO messages (id, received_at, connection, recipient, sender, content)
  VALUES ('20581752-be1f-429c-98fa-8d9014b01dc6', '2372-04-17T20:38:02', '5c795a79-9f3a-4b0e-b515-caba912989a0', '8d05131e-98a1-42f2-9fc9-5dbcb1795cf8', 'f6f02e3d-0ed3-4e27-8bcb-f82503a64add', E'\\x0abc020a81010a23556e6976657273697479206f6620e183a1e18398e183a6e1839ce18390e183a6e18398120e5465737420696e73746974757465224a6469643a6174616c613a6234623531353763356430343034636136303335326432636530363065653236663937356333613131373832373662336462633932323730643639653238373912450a12e1839ae18390e183a0e18398e183a1e183901218e18391e183a0e18394e18392e18395e18390e183abe183941a0708ca0f100a1813220c0a0a38382d38393436393432222d0a0ce1839ce18394e1839ae183981215e18391e183a3e183a0e18393e183a3e1839ae183981a06526563746f723a0708e60f1005181142063630333834314a0634303636393852063130323132367a013392010708e00f100518059a010708e60f1005180aa2010708e60f10051811');

INSERT INTO messages (id, received_at, connection, recipient, sender, content)
  VALUES ('a9dca6a7-062f-4eb8-ae66-fcf91ef62818', '2137-10-11T20:38:02', '5c795a79-9f3a-4b0e-b515-caba912989a0', '8d05131e-98a1-42f2-9fc9-5dbcb1795cf8', 'f6f02e3d-0ed3-4e27-8bcb-f82503a64add', E'\\x0abf020a81010a23556e6976657273697479206f6620e18393e1839be18390e1839ce18398e183a1e18398120e5465737420696e73746974757465224a6469643a6174616c613a3235303930363239623834353266333562653332306461633865373434303062636366633161663636666131616565393131326665666364643034303037663612450a12e1839ae18390e183a0e18398e183a1e183901218e18391e183a0e18394e18392e18395e18390e183abe183941a0708ca0f100a1813220c0a0a38382d3839343639343222300a0fe18397e18394e1839de1839ce183901215e183afe18398e18391e1839ae18390e183abe183941a06526563746f723a0708e30f1001181c42063635393330344a0633363132363552063131393430317a013392010708de0f1001180e9a010708e30f10011814a2010708e30f1001181c');

INSERT INTO messages (id, received_at, connection, recipient, sender, content)
  VALUES ('c6eb1c2d-87c5-408d-a90a-1c851f9135ec', '2367-01-20T20:38:02', '5c795a79-9f3a-4b0e-b515-caba912989a0', '8d05131e-98a1-42f2-9fc9-5dbcb1795cf8', 'f6f02e3d-0ed3-4e27-8bcb-f82503a64add', E'\\x0abf020a84010a26556e6976657273697479206f6620e183a5e1839de18391e183a3e1839ae18394e18397e18398120e5465737420696e73746974757465224a6469643a6174616c613a6665383030643063326562666438636235656632393234393330386436653361393130613939633831363730613063616161303038643934616565666531343012450a12e1839ae18390e183a0e18398e183a1e183901218e18391e183a0e18394e18392e18395e18390e183abe183941a0708ca0f100a1813220c0a0a38382d38393436393432222d0a0ce1839ce18390e18396e183981215e183afe18398e18391e1839ae18390e183abe183941a06526563746f723a0708e60f1002180f42063837363936384a0633363030373752063132313939347a013392010708df0f100218049a010708e60f10021804a2010708e60f1002180f');

INSERT INTO messages (id, received_at, connection, recipient, sender, content)
  VALUES ('4a2b332b-f2ba-4e5e-9f15-bb8d8251b814', '2180-06-12T20:38:02', '5c795a79-9f3a-4b0e-b515-caba912989a0', '8d05131e-98a1-42f2-9fc9-5dbcb1795cf8', 'f6f02e3d-0ed3-4e27-8bcb-f82503a64add', E'\\x0ac2020a87010a29556e6976657273697479206f6620e18392e18390e183a0e18393e18390e18391e18390e1839ce18398120e5465737420696e73746974757465224a6469643a6174616c613a3437353739383938306237663366656536616236626166303462323339623039383734643537633239613631326237316661393464626635653437356439643512450a12e1839ae18390e183a0e18398e183a1e183901218e18391e183a0e18394e18392e18395e18390e183abe183941a0708ca0f100a1813220c0a0a38382d38393436393432222d0a0ce1839fe18390e1839ce183901215e18392e18398e18392e18390e183a3e183a0e183981a06526563746f723a0708e40f1006180b42063937393833394a0634353933323852063134343139367a013392010708df0f1005181b9a010708e40f1005181ea2010708e40f1006180b');

INSERT INTO students (student_id, issuer_id, university_assigned_id, full_name, email, admission_date, created_on, connection_status, connection_token, connection_id)
  VALUES ('8623e014-4887-4886-a2d3-64a486410830', 'ebe65434-3015-4ea4-97c8-1f4181312bcf', '25585933', 'მალხაზ ბუკია', 'lianaandgulaze@culukize.com', '2008-06-07', '2014-06-09T18:19:16', 'CONNECTION_ACCEPTED', '7583030613097', 'e2cf9603-514d-4470-a557-e94fcfd6003f');
INSERT INTO participants(id, tpe, did, name)
  VALUES('78324077-c716-44e0-b9ea-5758888f6490', 'holder', NULL, 'მალხაზ ბუკია');
INSERT INTO holder_public_keys(participant_id, x, y) VALUES ('78324077-c716-44e0-b9ea-5758888f6490', 50002623886207474788137849956192431021668336579545355562074870195310302616617, 89071579030176531703994992424040558250742673306142247010116424712112107203301);
INSERT INTO connection_tokens(token, initiator, created_at, used_at)
  VALUES('7583030613097', 'ebe65434-3015-4ea4-97c8-1f4181312bcf', '2014-06-09T18:19:16', '2014-06-10T06:13:37');
INSERT INTO connections(id, initiator, acceptor, token, instantiated_at)
  VALUES('e2cf9603-514d-4470-a557-e94fcfd6003f', 'ebe65434-3015-4ea4-97c8-1f4181312bcf', '78324077-c716-44e0-b9ea-5758888f6490', '7583030613097', '2014-06-10T06:13:37');

INSERT INTO credentials(credential_id, issuer_id, student_id, title, enrollment_date, graduation_date, group_name, created_on)
  VALUES ('11711457-8fc7-4aec-a129-ff9db15eeb7c', 'ebe65434-3015-4ea4-97c8-1f4181312bcf', '8623e014-4887-4886-a2d3-64a486410830', 'Bachelor of Science', '2008-06-07', '2014-06-07', 'group', '2014-06-16T03:56:23');
INSERT INTO messages (id, received_at, connection, recipient, sender, content)
  VALUES ('9791212b-cc0a-4c8e-99b6-82b1990ecd90', '2014-06-20T08:27:42', 'e2cf9603-514d-4470-a557-e94fcfd6003f', '78324077-c716-44e0-b9ea-5758888f6490', 'ebe65434-3015-4ea4-97c8-1f4181312bcf', E'\\x0ab0020a7c0a1e5265737472696374656420556e6976657273697479206f66204154414c41120e5465737420696e73746974757465224a6469643a6174616c613a61383065383764303338626365366261366631383465323861386133353234343032313830326237663139373166386532653664393763353531383831393066123c0a12e1839be18390e1839ae183aee18390e18396120fe18391e183a3e18399e18398e183901a0708c60f1001181a220c0a0a35332d3939343532323722300a0fe1839ce183a3e18399e183a0e183981215e1839ae1839de1839be183a1e18390e183abe183941a06526563746f723a0708de0f1006181442063631393731314a0634323938303452063133393238397a013392010708d80f100618079a010708de0f10061807a2010708de0f10061814');

INSERT INTO store_individuals (user_id, individual_id, status, connection_token, connection_id, full_name, email, created_at)
  VALUES ('77398291-5d7a-44f5-ab15-2866a88125e8', '1d82d43f-65e0-4615-a9f7-99a532e87fce', 'REVOKED', '5443896731873', '45354a6c-9268-46ee-8f95-f5b7f5a763f4', 'მალხაზ ბუკია', 'lianaandgulaze@culukize.com', '2014-12-17T23:45:59');
INSERT INTO participants(id, tpe, did, name)
  VALUES('5d803106-36cb-4ead-a7bf-40c13369531e', 'holder', NULL, 'მალხაზ ბუკია');
INSERT INTO holder_public_keys(participant_id, x, y) VALUES ('5d803106-36cb-4ead-a7bf-40c13369531e', 50002623886207474788137849956192431021668336579545355562074870195310302616617, 89071579030176531703994992424040558250742673306142247010116424712112107203301);
INSERT INTO connection_tokens(token, initiator, created_at, used_at)
  VALUES('5443896731873', '77398291-5d7a-44f5-ab15-2866a88125e8', '2014-12-17T23:45:59', '2014-12-18T19:38:04');
INSERT INTO connections(id, initiator, acceptor, token, instantiated_at)
  VALUES('45354a6c-9268-46ee-8f95-f5b7f5a763f4', '77398291-5d7a-44f5-ab15-2866a88125e8', '5d803106-36cb-4ead-a7bf-40c13369531e', '5443896731873', '2014-12-18T19:38:04');

INSERT INTO students (student_id, issuer_id, university_assigned_id, full_name, email, admission_date, created_on, connection_status, connection_token, connection_id)
  VALUES ('85ead606-faaa-4f29-b61c-f01e8805a064', 'ebe65434-3015-4ea4-97c8-1f4181312bcf', '58611890', 'ნუნუ კირვალიძე', 'lursmanashvilimagda@kobulaze.com', '2011-05-03', '2016-05-06T06:16:29', 'CONNECTION_ACCEPTED', '2357481293758', '5d57be68-2cdd-4ff0-aeca-59de331692e3');
INSERT INTO participants(id, tpe, did, name)
  VALUES('ab2270ad-5043-4cfd-9ee1-c452d4987084', 'holder', NULL, 'ნუნუ კირვალიძე');
INSERT INTO holder_public_keys(participant_id, x, y) VALUES ('ab2270ad-5043-4cfd-9ee1-c452d4987084', 23149369359666611840209066079493740589060305012171094124599166933303895507187, 50015911400615822786800786583022276854998167603645927890700867847653341971377);
INSERT INTO connection_tokens(token, initiator, created_at, used_at)
  VALUES('2357481293758', 'ebe65434-3015-4ea4-97c8-1f4181312bcf', '2016-05-06T06:16:29', '2016-05-12T22:23:08');
INSERT INTO connections(id, initiator, acceptor, token, instantiated_at)
  VALUES('5d57be68-2cdd-4ff0-aeca-59de331692e3', 'ebe65434-3015-4ea4-97c8-1f4181312bcf', 'ab2270ad-5043-4cfd-9ee1-c452d4987084', '2357481293758', '2016-05-12T22:23:08');

INSERT INTO credentials(credential_id, issuer_id, student_id, title, enrollment_date, graduation_date, group_name, created_on)
  VALUES ('27c20b2c-9a68-4c52-80fd-6a618ce6f7d6', 'ebe65434-3015-4ea4-97c8-1f4181312bcf', '85ead606-faaa-4f29-b61c-f01e8805a064', 'Bachelor of Science', '2011-05-03', '2016-05-04', 'group', '2016-05-08T23:38:06');
INSERT INTO messages (id, received_at, connection, recipient, sender, content)
  VALUES ('5ce3feea-6bbb-4954-8285-f0a1c5177d65', '2016-05-16T02:39:00', '5d57be68-2cdd-4ff0-aeca-59de331692e3', 'ab2270ad-5043-4cfd-9ee1-c452d4987084', 'ebe65434-3015-4ea4-97c8-1f4181312bcf', E'\\x0ab6020a7c0a1e5265737472696374656420556e6976657273697479206f66204154414c41120e5465737420696e73746974757465224a6469643a6174616c613a6138306538376430333862636536626136663138346532386138613335323434303231383032623766313937316638653265366439376335353138383139306612420a0ce1839ce183a3e1839ce183a3121be18399e18398e183a0e18395e18390e1839ae18398e183abe183941a0708c70f10051808220c0a0a35342d3436313937313122300a0fe1839ce183a3e18399e183a0e183981215e1839ae1839de1839be183a1e18390e183abe183941a06526563746f723a0708e00f1005180f42063534333436374a0633373233323352063239313237347a013392010708db0f100518039a010708e00f10051804a2010708e00f1005180f');

INSERT INTO store_individuals (user_id, individual_id, status, connection_token, connection_id, full_name, email, created_at)
  VALUES ('77398291-5d7a-44f5-ab15-2866a88125e8', '8fa18d75-3440-43c1-8584-ee19bbec115f', 'CONNECTED', '9639686096697', 'aa223561-9dc6-4bf9-981c-9da3069be81d', 'ნუნუ კირვალიძე', 'lursmanashvilimagda@kobulaze.com', '2015-08-18T19:29:09');
INSERT INTO participants(id, tpe, did, name)
  VALUES('6b0adc13-0fe5-4767-abc7-da5ac56a4b2e', 'holder', NULL, 'ნუნუ კირვალიძე');
INSERT INTO holder_public_keys(participant_id, x, y) VALUES ('6b0adc13-0fe5-4767-abc7-da5ac56a4b2e', 23149369359666611840209066079493740589060305012171094124599166933303895507187, 50015911400615822786800786583022276854998167603645927890700867847653341971377);
INSERT INTO connection_tokens(token, initiator, created_at, used_at)
  VALUES('9639686096697', '77398291-5d7a-44f5-ab15-2866a88125e8', '2015-08-18T19:29:09', '2015-08-23T06:25:10');
INSERT INTO connections(id, initiator, acceptor, token, instantiated_at)
  VALUES('aa223561-9dc6-4bf9-981c-9da3069be81d', '77398291-5d7a-44f5-ab15-2866a88125e8', '6b0adc13-0fe5-4767-abc7-da5ac56a4b2e', '9639686096697', '2015-08-23T06:25:10');

INSERT INTO students (student_id, issuer_id, university_assigned_id, full_name, email, admission_date, created_on, connection_status, connection_token, connection_id)
  VALUES ('a9b709b7-218d-4e58-9942-ea4591d051f8', 'ebe65434-3015-4ea4-97c8-1f4181312bcf', '69592287', 'ელისო მერაბიშვილი', 'goginashvilitatiana@hotmail.com', '2014-06-10', '2019-06-17T15:03:07', 'CONNECTION_ACCEPTED', '7659664278237', '39a934fb-b428-4805-9cce-9c182db67c1a');
INSERT INTO participants(id, tpe, did, name)
  VALUES('4118a111-892d-4b66-a59e-bf7e204acf7a', 'holder', NULL, 'ელისო მერაბიშვილი');
INSERT INTO holder_public_keys(participant_id, x, y) VALUES ('4118a111-892d-4b66-a59e-bf7e204acf7a', 76771170996955431741590034727760921665125799913241395139245065427379382263438, 105507209205463991958734192582388708342007509045799951632935694096502619150617);
INSERT INTO connection_tokens(token, initiator, created_at, used_at)
  VALUES('7659664278237', 'ebe65434-3015-4ea4-97c8-1f4181312bcf', '2019-06-17T15:03:07', '2019-06-23T01:55:18');
INSERT INTO connections(id, initiator, acceptor, token, instantiated_at)
  VALUES('39a934fb-b428-4805-9cce-9c182db67c1a', 'ebe65434-3015-4ea4-97c8-1f4181312bcf', '4118a111-892d-4b66-a59e-bf7e204acf7a', '7659664278237', '2019-06-23T01:55:18');

INSERT INTO credentials(credential_id, issuer_id, student_id, title, enrollment_date, graduation_date, group_name, created_on)
  VALUES ('b08f507f-6cb9-4455-a7e0-7f78ce7a3167', 'ebe65434-3015-4ea4-97c8-1f4181312bcf', 'a9b709b7-218d-4e58-9942-ea4591d051f8', 'Bachelor of Science', '2014-06-10', '2019-06-12', 'group', '2019-06-17T18:05:09');
INSERT INTO messages (id, received_at, connection, recipient, sender, content)
  VALUES ('dae07f49-4ee7-4944-b229-f68c675f9503', '2019-06-23T23:23:40', '39a934fb-b428-4805-9cce-9c182db67c1a', '4118a111-892d-4b66-a59e-bf7e204acf7a', 'ebe65434-3015-4ea4-97c8-1f4181312bcf', E'\\x0abf020a7c0a1e5265737472696374656420556e6976657273697479206f66204154414c41120e5465737420696e73746974757465224a6469643a6174616c613a61383065383764303338626365366261366631383465323861386133353234343032313830326237663139373166386532653664393763353531383831393066124b0a0fe18394e1839ae18398e183a1e1839d1221e1839be18394e183a0e18390e18391e18398e183a8e18395e18398e1839ae183981a0708c80f1008181f220c0a0a31352d3437333039353422300a0fe1839ce183a3e18399e183a0e183981215e1839ae1839de1839be183a1e18390e183abe183941a06526563746f723a0708e30f1006181742063537353931344a0634313030323752063238373730347a013392010708de0f1006180a9a010708e30f1006180ca2010708e30f10061817');

INSERT INTO store_individuals (user_id, individual_id, status, connection_token, connection_id, full_name, email, created_at)
  VALUES ('77398291-5d7a-44f5-ab15-2866a88125e8', '101626dd-7178-4d8b-a0dd-859893465540', 'CONNECTED', '8785294865420', '937b06ad-0d77-4383-9ba7-d5da33237114', 'ელისო მერაბიშვილი', 'goginashvilitatiana@hotmail.com', '2018-09-03T16:46:58');
INSERT INTO participants(id, tpe, did, name)
  VALUES('b4b69146-1172-45ad-a44c-5bb772ee2c52', 'holder', NULL, 'ელისო მერაბიშვილი');
INSERT INTO holder_public_keys(participant_id, x, y) VALUES ('b4b69146-1172-45ad-a44c-5bb772ee2c52', 76771170996955431741590034727760921665125799913241395139245065427379382263438, 105507209205463991958734192582388708342007509045799951632935694096502619150617);
INSERT INTO connection_tokens(token, initiator, created_at, used_at)
  VALUES('8785294865420', '77398291-5d7a-44f5-ab15-2866a88125e8', '2018-09-03T16:46:58', '2018-09-07T16:48:41');
INSERT INTO connections(id, initiator, acceptor, token, instantiated_at)
  VALUES('937b06ad-0d77-4383-9ba7-d5da33237114', '77398291-5d7a-44f5-ab15-2866a88125e8', 'b4b69146-1172-45ad-a44c-5bb772ee2c52', '8785294865420', '2018-09-07T16:48:41');

INSERT INTO students (student_id, issuer_id, university_assigned_id, full_name, email, admission_date, created_on, connection_status, connection_token, connection_id)
  VALUES ('75e3ac1a-4d58-4226-841e-d36fb1089b28', 'ebe65434-3015-4ea4-97c8-1f4181312bcf', '93502801', 'ნუნუ ცეცხლაძე', 'zmikaberize@yahoo.com', '2016-04-05', '2023-04-08T07:55:42', 'CONNECTION_ACCEPTED', '7768806414676', 'c3d4fde6-c8c1-4a64-bb96-02b6c367ae9c');
INSERT INTO participants(id, tpe, did, name)
  VALUES('329be170-289d-4c3f-9e0b-10a18168afcd', 'holder', NULL, 'ნუნუ ცეცხლაძე');
INSERT INTO holder_public_keys(participant_id, x, y) VALUES ('329be170-289d-4c3f-9e0b-10a18168afcd', 26836639203418483732730553100553034985693816366897905649315034034315765979027, 14149587792160185784672066824031744493423644806789878998998455727027592109141);
INSERT INTO connection_tokens(token, initiator, created_at, used_at)
  VALUES('7768806414676', 'ebe65434-3015-4ea4-97c8-1f4181312bcf', '2023-04-08T07:55:42', '2023-04-14T19:34:32');
INSERT INTO connections(id, initiator, acceptor, token, instantiated_at)
  VALUES('c3d4fde6-c8c1-4a64-bb96-02b6c367ae9c', 'ebe65434-3015-4ea4-97c8-1f4181312bcf', '329be170-289d-4c3f-9e0b-10a18168afcd', '7768806414676', '2023-04-14T19:34:32');

INSERT INTO credentials(credential_id, issuer_id, student_id, title, enrollment_date, graduation_date, group_name, created_on)
  VALUES ('7e1b59e9-0787-43d5-9692-715864ffd028', 'ebe65434-3015-4ea4-97c8-1f4181312bcf', '75e3ac1a-4d58-4226-841e-d36fb1089b28', 'Bachelor of Science', '2016-04-05', '2023-04-07', 'group', '2023-04-12T19:24:28');
INSERT INTO messages (id, received_at, connection, recipient, sender, content)
  VALUES ('268a0648-9282-45c9-a3f6-200a927fe685', '2023-04-14T06:01:25', 'c3d4fde6-c8c1-4a64-bb96-02b6c367ae9c', '329be170-289d-4c3f-9e0b-10a18168afcd', 'ebe65434-3015-4ea4-97c8-1f4181312bcf', E'\\x0ab3020a7c0a1e5265737472696374656420556e6976657273697479206f66204154414c41120e5465737420696e73746974757465224a6469643a6174616c613a61383065383764303338626365366261366631383465323861386133353234343032313830326237663139373166386532653664393763353531383831393066123f0a0ce1839ce183a3e1839ce183a31218e183aae18394e183aae183aee1839ae18390e183abe183941a0708ca0f10091808220c0a0a37332d3738343935393422300a0fe1839ce183a3e18399e183a0e183981215e1839ae1839de1839be183a1e18390e183abe183941a06526563746f723a0708e70f1004180d42063834373832354a0634323639393152063230343633377a013392010708e00f100418059a010708e70f10041807a2010708e70f1004180d');

INSERT INTO store_individuals (user_id, individual_id, status, connection_token, connection_id, full_name, email, created_at)
  VALUES ('77398291-5d7a-44f5-ab15-2866a88125e8', '65d3cf7e-2db7-4ef7-ad11-2b6614b6789b', 'CONNECTED', '2981740255050', 'b51a892e-c375-4e95-ba18-bf2ee90db33f', 'ნუნუ ცეცხლაძე', 'zmikaberize@yahoo.com', '2020-09-04T19:58:21');
INSERT INTO participants(id, tpe, did, name)
  VALUES('6e0affd3-7c6d-4385-9329-355aa1df0eb3', 'holder', NULL, 'ნუნუ ცეცხლაძე');
INSERT INTO holder_public_keys(participant_id, x, y) VALUES ('6e0affd3-7c6d-4385-9329-355aa1df0eb3', 26836639203418483732730553100553034985693816366897905649315034034315765979027, 14149587792160185784672066824031744493423644806789878998998455727027592109141);
INSERT INTO connection_tokens(token, initiator, created_at, used_at)
  VALUES('2981740255050', '77398291-5d7a-44f5-ab15-2866a88125e8', '2020-09-04T19:58:21', '2020-09-07T04:33:32');
INSERT INTO connections(id, initiator, acceptor, token, instantiated_at)
  VALUES('b51a892e-c375-4e95-ba18-bf2ee90db33f', '77398291-5d7a-44f5-ab15-2866a88125e8', '6e0affd3-7c6d-4385-9329-355aa1df0eb3', '2981740255050', '2020-09-07T04:33:32');

INSERT INTO students (student_id, issuer_id, university_assigned_id, full_name, email, admission_date, created_on, connection_status, connection_token, connection_id)
  VALUES ('8f2455b0-f23a-44be-8f10-fb7b5d0d2534', 'ebe65434-3015-4ea4-97c8-1f4181312bcf', '51275129', 'ვალერი ლაბაძე', 'nelirevazishvili@svanize-chxeize.org', '2013-09-20', '2020-09-22T13:55:00', 'CONNECTION_MISSING', '4497590860118', NULL);
INSERT INTO connection_tokens(token, initiator, created_at, used_at)
  VALUES('4497590860118', 'ebe65434-3015-4ea4-97c8-1f4181312bcf', '2020-09-22T13:55:00', NULL);

INSERT INTO credentials(credential_id, issuer_id, student_id, title, enrollment_date, graduation_date, group_name, created_on)
  VALUES ('949b735b-0094-429e-8655-52d1745a8d10', 'ebe65434-3015-4ea4-97c8-1f4181312bcf', '8f2455b0-f23a-44be-8f10-fb7b5d0d2534', 'Bachelor of Science', '2013-09-20', '2020-09-18', 'group', '2020-09-27T16:29:57');

INSERT INTO store_individuals (user_id, individual_id, status, connection_token, connection_id, full_name, email, created_at)
  VALUES ('77398291-5d7a-44f5-ab15-2866a88125e8', '0cb5ff08-ef5a-40c1-9c7e-aae590262c05', 'CREATED', NULL, NULL, 'ვალერი ლაბაძე', 'nelirevazishvili@svanize-chxeize.org', '2019-08-03T09:41:15');


INSERT INTO students (student_id, issuer_id, university_assigned_id, full_name, email, admission_date, created_on, connection_status, connection_token, connection_id)
  VALUES ('230d7ff4-838b-4c09-bc18-633ef7871ff0', 'ebe65434-3015-4ea4-97c8-1f4181312bcf', '58501368', 'იამზე ალიევი', 'dtevzaze@gmail.com', '2012-04-22', '2019-04-27T15:04:50', 'CONNECTION_MISSING', '6357372609107', NULL);
INSERT INTO connection_tokens(token, initiator, created_at, used_at)
  VALUES('6357372609107', 'ebe65434-3015-4ea4-97c8-1f4181312bcf', '2019-04-27T15:04:50', NULL);

INSERT INTO credentials(credential_id, issuer_id, student_id, title, enrollment_date, graduation_date, group_name, created_on)
  VALUES ('78648677-2599-4701-99df-4d6a909afc10', 'ebe65434-3015-4ea4-97c8-1f4181312bcf', '230d7ff4-838b-4c09-bc18-633ef7871ff0', 'Bachelor of Science', '2012-04-22', '2019-04-27', 'group', '2019-04-30T07:15:12');

INSERT INTO store_individuals (user_id, individual_id, status, connection_token, connection_id, full_name, email, created_at)
  VALUES ('77398291-5d7a-44f5-ab15-2866a88125e8', 'ed367d76-5f2b-4a87-a58f-6cde4352862e', 'INVITED', '6002702335064', NULL, 'იამზე ალიევი', 'dtevzaze@gmail.com', '2016-04-11T05:41:37');
INSERT INTO connection_tokens(token, initiator, created_at, used_at)
  VALUES('6002702335064', '77398291-5d7a-44f5-ab15-2866a88125e8', '2016-04-11T05:41:37', NULL);

INSERT INTO students (student_id, issuer_id, university_assigned_id, full_name, email, admission_date, created_on, connection_status, connection_token, connection_id)
  VALUES ('3ac653a2-fefa-4c58-a623-d5146a100f38', 'ebe65434-3015-4ea4-97c8-1f4181312bcf', '96185483', 'მალხაზ ირემაძე', 'nlabaze@davitaze-bucxrikize.com', '2011-06-23', '2016-06-26T03:36:52', 'CONNECTION_ACCEPTED', '8847506191335', 'eac52f76-5339-487b-921b-ffe86bce1354');
INSERT INTO participants(id, tpe, did, name)
  VALUES('eae2a374-fb2e-488f-947d-e1ba98b22b42', 'holder', NULL, 'მალხაზ ირემაძე');
INSERT INTO holder_public_keys(participant_id, x, y) VALUES ('eae2a374-fb2e-488f-947d-e1ba98b22b42', 97903888496854406194709713581813804656888546586820663434153260352325224628559, 111005504496356044221658849991483013467796377539817529351102480760839496730552);
INSERT INTO connection_tokens(token, initiator, created_at, used_at)
  VALUES('8847506191335', 'ebe65434-3015-4ea4-97c8-1f4181312bcf', '2016-06-26T03:36:52', '2016-06-30T01:58:59');
INSERT INTO connections(id, initiator, acceptor, token, instantiated_at)
  VALUES('eac52f76-5339-487b-921b-ffe86bce1354', 'ebe65434-3015-4ea4-97c8-1f4181312bcf', 'eae2a374-fb2e-488f-947d-e1ba98b22b42', '8847506191335', '2016-06-30T01:58:59');

INSERT INTO credentials(credential_id, issuer_id, student_id, title, enrollment_date, graduation_date, group_name, created_on)
  VALUES ('274aefa2-e79b-42d1-9a70-52abe19f141f', 'ebe65434-3015-4ea4-97c8-1f4181312bcf', '3ac653a2-fefa-4c58-a623-d5146a100f38', 'Bachelor of Science', '2011-06-23', '2016-06-25', 'group', '2016-07-02T18:45:08');
INSERT INTO messages (id, received_at, connection, recipient, sender, content)
  VALUES ('275fb4c0-150d-444a-b0a8-be23944b73bb', '2016-07-03T13:57:09', 'eac52f76-5339-487b-921b-ffe86bce1354', 'eae2a374-fb2e-488f-947d-e1ba98b22b42', 'ebe65434-3015-4ea4-97c8-1f4181312bcf', E'\\x0ab6020a7c0a1e5265737472696374656420556e6976657273697479206f66204154414c41120e5465737420696e73746974757465224a6469643a6174616c613a6138306538376430333862636536626136663138346532386138613335323434303231383032623766313937316638653265366439376335353138383139306612420a12e1839be18390e1839ae183aee18390e183961215e18398e183a0e18394e1839be18390e183abe183941a0708c60f1002181b220c0a0a33302d3139333333353522300a0fe1839ce183a3e18399e183a0e183981215e1839ae1839de1839be183a1e18390e183abe183941a06526563746f723a0708e00f1007180342063630303537344a0634363938363952063137323136347a013392010708db0f100618179a010708e00f10061819a2010708e00f10071803');

INSERT INTO store_individuals (user_id, individual_id, status, connection_token, connection_id, full_name, email, created_at)
  VALUES ('77398291-5d7a-44f5-ab15-2866a88125e8', 'c75c9f9c-f5ac-450a-a341-7bb52f490ed3', 'CONNECTED', '1680937620466', 'd9acc1ac-173d-42a6-8407-5957d83dccc5', 'მალხაზ ირემაძე', 'nlabaze@davitaze-bucxrikize.com', '2014-06-28T18:42:37');
INSERT INTO participants(id, tpe, did, name)
  VALUES('a4cfd45e-477d-435e-947e-d1ad486d516b', 'holder', NULL, 'მალხაზ ირემაძე');
INSERT INTO holder_public_keys(participant_id, x, y) VALUES ('a4cfd45e-477d-435e-947e-d1ad486d516b', 97903888496854406194709713581813804656888546586820663434153260352325224628559, 111005504496356044221658849991483013467796377539817529351102480760839496730552);
INSERT INTO connection_tokens(token, initiator, created_at, used_at)
  VALUES('1680937620466', '77398291-5d7a-44f5-ab15-2866a88125e8', '2014-06-28T18:42:37', '2014-06-28T20:39:21');
INSERT INTO connections(id, initiator, acceptor, token, instantiated_at)
  VALUES('d9acc1ac-173d-42a6-8407-5957d83dccc5', '77398291-5d7a-44f5-ab15-2866a88125e8', 'a4cfd45e-477d-435e-947e-d1ad486d516b', '1680937620466', '2014-06-28T20:39:21');

INSERT INTO messages (id, received_at, connection, recipient, sender, content)
  VALUES ('40a1854b-c920-42cd-9223-353884632b33', '2050-07-21T13:57:09', 'd9acc1ac-173d-42a6-8407-5957d83dccc5', 'a4cfd45e-477d-435e-947e-d1ad486d516b', '77398291-5d7a-44f5-ab15-2866a88125e8', E'\\x0ab6020a7c0a1e5265737472696374656420556e6976657273697479206f66204154414c41120e5465737420696e73746974757465224a6469643a6174616c613a6138306538376430333862636536626136663138346532386138613335323434303231383032623766313937316638653265366439376335353138383139306612420a12e1839be18390e1839ae183aee18390e183961215e18398e183a0e18394e1839be18390e183abe183941a0708c60f1002181b220c0a0a33302d3139333333353522300a0fe1839ce183a3e18399e183a0e183981215e1839ae1839de1839be183a1e18390e183abe183941a06526563746f723a0708e00f1007180342063630303537344a0634363938363952063137323136347a013392010708db0f100618179a010708e00f10061819a2010708e00f10071803');

INSERT INTO students (student_id, issuer_id, university_assigned_id, full_name, email, admission_date, created_on, connection_status, connection_token, connection_id)
  VALUES ('ddf7c8ba-06a1-4423-a8b4-a23ab0d0d343', 'ebe65434-3015-4ea4-97c8-1f4181312bcf', '52944482', 'ილია ფუტკარაძე', 'kamadazemanana@alieva.info', '2011-11-25', '2016-11-29T14:32:23', 'CONNECTION_ACCEPTED', '0347259127189', 'dcd2f6b5-e3f6-4b26-84f6-694439747e9a');
INSERT INTO participants(id, tpe, did, name)
  VALUES('a37dd32e-fe8a-4ca2-bfde-88cc24dee7f5', 'holder', NULL, 'ილია ფუტკარაძე');
INSERT INTO holder_public_keys(participant_id, x, y) VALUES ('a37dd32e-fe8a-4ca2-bfde-88cc24dee7f5', 28079718145109476492002896170792872775939332391048755272928161938576786372379, 37585433578675778610737880928578186862553592158162353631590557010803804652778);
INSERT INTO connection_tokens(token, initiator, created_at, used_at)
  VALUES('0347259127189', 'ebe65434-3015-4ea4-97c8-1f4181312bcf', '2016-11-29T14:32:23', '2016-11-29T19:46:45');
INSERT INTO connections(id, initiator, acceptor, token, instantiated_at)
  VALUES('dcd2f6b5-e3f6-4b26-84f6-694439747e9a', 'ebe65434-3015-4ea4-97c8-1f4181312bcf', 'a37dd32e-fe8a-4ca2-bfde-88cc24dee7f5', '0347259127189', '2016-11-29T19:46:45');

INSERT INTO credentials(credential_id, issuer_id, student_id, title, enrollment_date, graduation_date, group_name, created_on)
  VALUES ('1b085669-64a2-44e6-b108-962333644e63', 'ebe65434-3015-4ea4-97c8-1f4181312bcf', 'ddf7c8ba-06a1-4423-a8b4-a23ab0d0d343', 'Bachelor of Science', '2011-11-25', '2016-11-28', 'group', '2016-12-02T14:46:19');
INSERT INTO messages (id, received_at, connection, recipient, sender, content)
  VALUES ('aa8a59a2-9979-479c-95b8-db795d80e6ed', '2016-12-04T11:43:32', 'dcd2f6b5-e3f6-4b26-84f6-694439747e9a', 'a37dd32e-fe8a-4ca2-bfde-88cc24dee7f5', 'ebe65434-3015-4ea4-97c8-1f4181312bcf', E'\\x0ab6020a7c0a1e5265737472696374656420556e6976657273697479206f66204154414c41120e5465737420696e73746974757465224a6469643a6174616c613a6138306538376430333862636536626136663138346532386138613335323434303231383032623766313937316638653265366439376335353138383139306612420a0ce18398e1839ae18398e18390121be183a4e183a3e183a2e18399e18390e183a0e18390e183abe183941a0708c70f10021802220c0a0a36342d3737393936373822300a0fe1839ce183a3e18399e183a0e183981215e1839ae1839de1839be183a1e18390e183abe183941a06526563746f723a0708e00f100c180342063737333037334a0633383437383952063232363831307a013392010708db0f100b18199a010708e00f100b181ca2010708e00f100c1803');

INSERT INTO store_individuals (user_id, individual_id, status, connection_token, connection_id, full_name, email, created_at)
  VALUES ('77398291-5d7a-44f5-ab15-2866a88125e8', '25c3a82f-0e44-4d64-a05d-ac49a7afa0ef', 'CONNECTED', '1680583452855', '6da76c39-1ad6-45c0-8f28-af44b0e12b46', 'ილია ფუტკარაძე', 'kamadazemanana@alieva.info', '2017-01-09T11:37:49');
INSERT INTO participants(id, tpe, did, name)
  VALUES('33839ed6-2fc0-4d7c-8abc-54db036d9cc3', 'holder', NULL, 'ილია ფუტკარაძე');
INSERT INTO holder_public_keys(participant_id, x, y) VALUES ('33839ed6-2fc0-4d7c-8abc-54db036d9cc3', 28079718145109476492002896170792872775939332391048755272928161938576786372379, 37585433578675778610737880928578186862553592158162353631590557010803804652778);
INSERT INTO connection_tokens(token, initiator, created_at, used_at)
  VALUES('1680583452855', '77398291-5d7a-44f5-ab15-2866a88125e8', '2017-01-09T11:37:49', '2017-01-15T15:59:23');
INSERT INTO connections(id, initiator, acceptor, token, instantiated_at)
  VALUES('6da76c39-1ad6-45c0-8f28-af44b0e12b46', '77398291-5d7a-44f5-ab15-2866a88125e8', '33839ed6-2fc0-4d7c-8abc-54db036d9cc3', '1680583452855', '2017-01-15T15:59:23');

INSERT INTO messages (id, received_at, connection, recipient, sender, content)
  VALUES ('2c1027c0-e3e7-44e1-84bb-c3e47395540e', '2136-05-26T15:59:23', '6da76c39-1ad6-45c0-8f28-af44b0e12b46', '33839ed6-2fc0-4d7c-8abc-54db036d9cc3', '77398291-5d7a-44f5-ab15-2866a88125e8', E'\\x0ab6020a7c0a1e5265737472696374656420556e6976657273697479206f66204154414c41120e5465737420696e73746974757465224a6469643a6174616c613a6138306538376430333862636536626136663138346532386138613335323434303231383032623766313937316638653265366439376335353138383139306612420a0ce18398e1839ae18398e18390121be183a4e183a3e183a2e18399e18390e183a0e18390e183abe183941a0708c70f10021802220c0a0a36342d3737393936373822300a0fe1839ce183a3e18399e183a0e183981215e1839ae1839de1839be183a1e18390e183abe183941a06526563746f723a0708e00f100c180342063737333037334a0633383437383952063232363831307a013392010708db0f100b18199a010708e00f100b181ca2010708e00f100c1803');

INSERT INTO students (student_id, issuer_id, university_assigned_id, full_name, email, admission_date, created_on, connection_status, connection_token, connection_id)
  VALUES ('d029284b-8682-428b-8b7a-8f9f15d14bdf', 'ebe65434-3015-4ea4-97c8-1f4181312bcf', '99484248', 'ლიზა ჯავახიშვილი', 'gaguagogi@burduli.net', '2013-03-08', '2019-03-13T03:23:56', 'CONNECTION_ACCEPTED', '8280579683251', '07e1087d-7e41-471a-99cc-b721a95ba1ea');
INSERT INTO participants(id, tpe, did, name)
  VALUES('8a216e5e-33f1-4013-b88b-d3569bd23691', 'holder', NULL, 'ლიზა ჯავახიშვილი');
INSERT INTO holder_public_keys(participant_id, x, y) VALUES ('8a216e5e-33f1-4013-b88b-d3569bd23691', 81655305825260382882365017280253487059763870708263154977965867807831954328592, 30012573299576337584017822448827791546162755237484030558027437037937425771094);
INSERT INTO connection_tokens(token, initiator, created_at, used_at)
  VALUES('8280579683251', 'ebe65434-3015-4ea4-97c8-1f4181312bcf', '2019-03-13T03:23:56', '2019-03-13T09:10:59');
INSERT INTO connections(id, initiator, acceptor, token, instantiated_at)
  VALUES('07e1087d-7e41-471a-99cc-b721a95ba1ea', 'ebe65434-3015-4ea4-97c8-1f4181312bcf', '8a216e5e-33f1-4013-b88b-d3569bd23691', '8280579683251', '2019-03-13T09:10:59');

INSERT INTO credentials(credential_id, issuer_id, student_id, title, enrollment_date, graduation_date, group_name, created_on)
  VALUES ('66a4e8a2-bd83-429f-a400-8f4670116591', 'ebe65434-3015-4ea4-97c8-1f4181312bcf', 'd029284b-8682-428b-8b7a-8f9f15d14bdf', 'Bachelor of Science', '2013-03-08', '2019-03-11', 'group', '2019-03-16T20:17:23');
INSERT INTO messages (id, received_at, connection, recipient, sender, content)
  VALUES ('e3399e38-a66e-4e5a-a94a-9754f2154ab9', '2019-03-22T21:04:51', '07e1087d-7e41-471a-99cc-b721a95ba1ea', '8a216e5e-33f1-4013-b88b-d3569bd23691', 'ebe65434-3015-4ea4-97c8-1f4181312bcf', E'\\x0abc020a7c0a1e5265737472696374656420556e6976657273697479206f66204154414c41120e5465737420696e73746974757465224a6469643a6174616c613a6138306538376430333862636536626136663138346532386138613335323434303231383032623766313937316638653265366439376335353138383139306612480a0ce1839ae18398e18396e183901221e183afe18390e18395e18390e183aee18398e183a8e18395e18398e1839ae183981a0708ca0f1005181f220c0a0a34322d3430313135313522300a0fe1839ce183a3e18399e183a0e183981215e1839ae1839de1839be183a1e18390e183abe183941a06526563746f723a0708e30f1003181642063637323537344a0633333933363252063230363137307a013392010708dd0f100318089a010708e30f1003180ba2010708e30f10031816');

INSERT INTO store_individuals (user_id, individual_id, status, connection_token, connection_id, full_name, email, created_at)
  VALUES ('77398291-5d7a-44f5-ab15-2866a88125e8', '79add033-176d-4abd-be65-102984d3dd44', 'CONNECTED', '8399321993309', '69a374d8-6a7f-4ba5-a2d2-e31276151971', 'ლიზა ჯავახიშვილი', 'gaguagogi@burduli.net', '2020-12-12T17:56:06');
INSERT INTO participants(id, tpe, did, name)
  VALUES('15461a4e-a8f4-48b0-bd22-8d65be97ec14', 'holder', NULL, 'ლიზა ჯავახიშვილი');
INSERT INTO holder_public_keys(participant_id, x, y) VALUES ('15461a4e-a8f4-48b0-bd22-8d65be97ec14', 81655305825260382882365017280253487059763870708263154977965867807831954328592, 30012573299576337584017822448827791546162755237484030558027437037937425771094);
INSERT INTO connection_tokens(token, initiator, created_at, used_at)
  VALUES('8399321993309', '77398291-5d7a-44f5-ab15-2866a88125e8', '2020-12-12T17:56:06', '2020-12-13T05:40:02');
INSERT INTO connections(id, initiator, acceptor, token, instantiated_at)
  VALUES('69a374d8-6a7f-4ba5-a2d2-e31276151971', '77398291-5d7a-44f5-ab15-2866a88125e8', '15461a4e-a8f4-48b0-bd22-8d65be97ec14', '8399321993309', '2020-12-13T05:40:02');

INSERT INTO messages (id, received_at, connection, recipient, sender, content)
  VALUES ('eca235f3-04c7-4199-807e-8ffd8681eda0', '2329-03-09T05:40:02', '69a374d8-6a7f-4ba5-a2d2-e31276151971', '15461a4e-a8f4-48b0-bd22-8d65be97ec14', '77398291-5d7a-44f5-ab15-2866a88125e8', E'\\x0abc020a7c0a1e5265737472696374656420556e6976657273697479206f66204154414c41120e5465737420696e73746974757465224a6469643a6174616c613a6138306538376430333862636536626136663138346532386138613335323434303231383032623766313937316638653265366439376335353138383139306612480a0ce1839ae18398e18396e183901221e183afe18390e18395e18390e183aee18398e183a8e18395e18398e1839ae183981a0708ca0f1005181f220c0a0a34322d3430313135313522300a0fe1839ce183a3e18399e183a0e183981215e1839ae1839de1839be183a1e18390e183abe183941a06526563746f723a0708e30f1003181642063637323537344a0633333933363252063230363137307a013392010708dd0f100318089a010708e30f1003180ba2010708e30f10031816');

INSERT INTO students (student_id, issuer_id, university_assigned_id, full_name, email, admission_date, created_on, connection_status, connection_token, connection_id)
  VALUES ('5b5b0297-0cab-4137-b119-bb47dcd30d3b', 'ebe65434-3015-4ea4-97c8-1f4181312bcf', '46936288', 'ხათუნა სირბილაძე', 'giga00@yahoo.com', '2011-02-07', '2016-02-10T16:35:38', 'CONNECTION_ACCEPTED', '3481802129552', '577a6d65-8b91-4260-9374-1e92f5083273');
INSERT INTO participants(id, tpe, did, name)
  VALUES('fb618a07-e235-4eef-9488-2d81532fe9e8', 'holder', NULL, 'ხათუნა სირბილაძე');
INSERT INTO holder_public_keys(participant_id, x, y) VALUES ('fb618a07-e235-4eef-9488-2d81532fe9e8', 13896351629867127022438208526585340565074817253912311163472096969538296331895, 8376880806705787423091926939661100253921863888888840589162869739769252361449);
INSERT INTO connection_tokens(token, initiator, created_at, used_at)
  VALUES('3481802129552', 'ebe65434-3015-4ea4-97c8-1f4181312bcf', '2016-02-10T16:35:38', '2016-02-16T19:13:44');
INSERT INTO connections(id, initiator, acceptor, token, instantiated_at)
  VALUES('577a6d65-8b91-4260-9374-1e92f5083273', 'ebe65434-3015-4ea4-97c8-1f4181312bcf', 'fb618a07-e235-4eef-9488-2d81532fe9e8', '3481802129552', '2016-02-16T19:13:44');

INSERT INTO credentials(credential_id, issuer_id, student_id, title, enrollment_date, graduation_date, group_name, created_on)
  VALUES ('f8c61550-2218-4c12-815f-df9aeb73f7b5', 'ebe65434-3015-4ea4-97c8-1f4181312bcf', '5b5b0297-0cab-4137-b119-bb47dcd30d3b', 'Bachelor of Science', '2011-02-07', '2016-02-07', 'group', '2016-02-15T15:20:36');
INSERT INTO messages (id, received_at, connection, recipient, sender, content)
  VALUES ('1dfbd10e-3ec2-43ba-80ad-c89a68845154', '2016-02-20T16:51:18', '577a6d65-8b91-4260-9374-1e92f5083273', 'fb618a07-e235-4eef-9488-2d81532fe9e8', 'ebe65434-3015-4ea4-97c8-1f4181312bcf', E'\\x0abc020a7c0a1e5265737472696374656420556e6976657273697479206f66204154414c41120e5465737420696e73746974757465224a6469643a6174616c613a6138306538376430333862636536626136663138346532386138613335323434303231383032623766313937316638653265366439376335353138383139306612480a12e183aee18390e18397e183a3e1839ce18390121be183a1e18398e183a0e18391e18398e1839ae18390e183abe183941a0708c70f10031819220c0a0a35312d3234303033383222300a0fe1839ce183a3e18399e183a0e183981215e1839ae1839de1839be183a1e18390e183abe183941a06526563746f723a0708e00f1002181342063631363535394a0633343036363652063234313732387a013392010708db0f100218079a010708e00f10021807a2010708e00f10021813');

INSERT INTO store_individuals (user_id, individual_id, status, connection_token, connection_id, full_name, email, created_at)
  VALUES ('77398291-5d7a-44f5-ab15-2866a88125e8', '4061ed4a-32d4-4c94-b5a8-e71b4a5a9bc2', 'CONNECTED', '8616329283943', 'a20c247e-8d9b-4c2d-82e8-dc54ff426b58', 'ხათუნა სირბილაძე', 'giga00@yahoo.com', '2017-07-14T13:51:03');
INSERT INTO participants(id, tpe, did, name)
  VALUES('0da22ae1-162f-43c9-93bc-11f0b7040cfa', 'holder', NULL, 'ხათუნა სირბილაძე');
INSERT INTO holder_public_keys(participant_id, x, y) VALUES ('0da22ae1-162f-43c9-93bc-11f0b7040cfa', 13896351629867127022438208526585340565074817253912311163472096969538296331895, 8376880806705787423091926939661100253921863888888840589162869739769252361449);
INSERT INTO connection_tokens(token, initiator, created_at, used_at)
  VALUES('8616329283943', '77398291-5d7a-44f5-ab15-2866a88125e8', '2017-07-14T13:51:03', '2017-07-17T11:33:32');
INSERT INTO connections(id, initiator, acceptor, token, instantiated_at)
  VALUES('a20c247e-8d9b-4c2d-82e8-dc54ff426b58', '77398291-5d7a-44f5-ab15-2866a88125e8', '0da22ae1-162f-43c9-93bc-11f0b7040cfa', '8616329283943', '2017-07-17T11:33:32');

INSERT INTO messages (id, received_at, connection, recipient, sender, content)
  VALUES ('b52b38bf-dbcb-4ec1-b6b7-ebe8dcc813c2', '2345-03-03T11:33:32', 'a20c247e-8d9b-4c2d-82e8-dc54ff426b58', '0da22ae1-162f-43c9-93bc-11f0b7040cfa', '77398291-5d7a-44f5-ab15-2866a88125e8', E'\\x0abc020a7c0a1e5265737472696374656420556e6976657273697479206f66204154414c41120e5465737420696e73746974757465224a6469643a6174616c613a6138306538376430333862636536626136663138346532386138613335323434303231383032623766313937316638653265366439376335353138383139306612480a12e183aee18390e18397e183a3e1839ce18390121be183a1e18398e183a0e18391e18398e1839ae18390e183abe183941a0708c70f10031819220c0a0a35312d3234303033383222300a0fe1839ce183a3e18399e183a0e183981215e1839ae1839de1839be183a1e18390e183abe183941a06526563746f723a0708e00f1002181342063631363535394a0633343036363652063234313732387a013392010708db0f100218079a010708e00f10021807a2010708e00f10021813');

INSERT INTO students (student_id, issuer_id, university_assigned_id, full_name, email, admission_date, created_on, connection_status, connection_token, connection_id)
  VALUES ('5cd73000-79cd-487b-8ec9-bf9c0e33170b', 'ebe65434-3015-4ea4-97c8-1f4181312bcf', '97223085', 'გელა ჩხარტიშვილი', 'bakurazeluiza@chxeize.biz', '2010-09-07', '2016-09-13T15:58:00', 'CONNECTION_ACCEPTED', '6090765898671', 'd814b1a0-b9c7-491e-9cd2-4fe32a762822');
INSERT INTO participants(id, tpe, did, name)
  VALUES('73afad9f-f802-4332-baba-7b17db496e8c', 'holder', NULL, 'გელა ჩხარტიშვილი');
INSERT INTO holder_public_keys(participant_id, x, y) VALUES ('73afad9f-f802-4332-baba-7b17db496e8c', 67249134363911101395439185240500119964901566474731973376221626651414489195283, 61337885456053810520258624135844280287966476260417418951826437587581307622302);
INSERT INTO connection_tokens(token, initiator, created_at, used_at)
  VALUES('6090765898671', 'ebe65434-3015-4ea4-97c8-1f4181312bcf', '2016-09-13T15:58:00', '2016-09-16T16:12:46');
INSERT INTO connections(id, initiator, acceptor, token, instantiated_at)
  VALUES('d814b1a0-b9c7-491e-9cd2-4fe32a762822', 'ebe65434-3015-4ea4-97c8-1f4181312bcf', '73afad9f-f802-4332-baba-7b17db496e8c', '6090765898671', '2016-09-16T16:12:46');

INSERT INTO credentials(credential_id, issuer_id, student_id, title, enrollment_date, graduation_date, group_name, created_on)
  VALUES ('3ba2be0d-9020-4dc4-a777-f31c5efaf386', 'ebe65434-3015-4ea4-97c8-1f4181312bcf', '5cd73000-79cd-487b-8ec9-bf9c0e33170b', 'Bachelor of Science', '2010-09-07', '2016-09-08', 'group', '2016-09-16T20:16:47');
INSERT INTO messages (id, received_at, connection, recipient, sender, content)
  VALUES ('f5c3d820-75af-4cdd-9e92-f8b014c53b5b', '2016-09-18T08:51:44', 'd814b1a0-b9c7-491e-9cd2-4fe32a762822', '73afad9f-f802-4332-baba-7b17db496e8c', 'ebe65434-3015-4ea4-97c8-1f4181312bcf', E'\\x0abc020a7c0a1e5265737472696374656420556e6976657273697479206f66204154414c41120e5465737420696e73746974757465224a6469643a6174616c613a6138306538376430333862636536626136663138346532386138613335323434303231383032623766313937316638653265366439376335353138383139306612480a0ce18392e18394e1839ae183901221e183a9e183aee18390e183a0e183a2e18398e183a8e18395e18398e1839ae183981a0708c80f10021811220c0a0a32332d3234323632353022300a0fe1839ce183a3e18399e183a0e183981215e1839ae1839de1839be183a1e18390e183abe183941a06526563746f723a0708e00f1009181142063834393434384a0633373336313252063239303634347a013392010708da0f100918079a010708e00f10091808a2010708e00f10091811');

INSERT INTO store_individuals (user_id, individual_id, status, connection_token, connection_id, full_name, email, created_at)
  VALUES ('77398291-5d7a-44f5-ab15-2866a88125e8', '8fd7ce45-4381-4f3b-8fa7-ae76c83a28b3', 'CREATED', NULL, NULL, 'გელა ჩხარტიშვილი', 'bakurazeluiza@chxeize.biz', '2020-06-25T02:07:46');


INSERT INTO students (student_id, issuer_id, university_assigned_id, full_name, email, admission_date, created_on, connection_status, connection_token, connection_id)
  VALUES ('d600650c-cea6-4688-a91b-eba1b5176bf6', 'ebe65434-3015-4ea4-97c8-1f4181312bcf', '02274607', 'ლანა სულაბერიძე', 'iuri54@hotmail.com', '2009-06-30', '2016-07-06T19:38:00', 'CONNECTION_MISSING', '8404786163157', NULL);
INSERT INTO connection_tokens(token, initiator, created_at, used_at)
  VALUES('8404786163157', 'ebe65434-3015-4ea4-97c8-1f4181312bcf', '2016-07-06T19:38:00', NULL);

INSERT INTO credentials(credential_id, issuer_id, student_id, title, enrollment_date, graduation_date, group_name, created_on)
  VALUES ('87566167-082b-430d-9969-e16a5d829c6f', 'ebe65434-3015-4ea4-97c8-1f4181312bcf', 'd600650c-cea6-4688-a91b-eba1b5176bf6', 'Bachelor of Science', '2009-06-30', '2016-07-05', 'group', '2016-07-07T13:39:12');

INSERT INTO store_individuals (user_id, individual_id, status, connection_token, connection_id, full_name, email, created_at)
  VALUES ('77398291-5d7a-44f5-ab15-2866a88125e8', '4536f580-84e2-42c1-8352-ab70a9370e9a', 'INVITED', '1851960102094', NULL, 'ლანა სულაბერიძე', 'iuri54@hotmail.com', '2016-03-05T11:16:29');
INSERT INTO connection_tokens(token, initiator, created_at, used_at)
  VALUES('1851960102094', '77398291-5d7a-44f5-ab15-2866a88125e8', '2016-03-05T11:16:29', NULL);

INSERT INTO students (student_id, issuer_id, university_assigned_id, full_name, email, admission_date, created_on, connection_status, connection_token, connection_id)
  VALUES ('b9fe7f9f-5ff3-4644-ad45-da5d2992d850', 'ebe65434-3015-4ea4-97c8-1f4181312bcf', '26576312', 'გუგული ბურდული', 'evgeniaarabize@hotmail.com', '2012-03-29', '2019-04-06T08:16:07', 'CONNECTION_ACCEPTED', '5071697594160', '05e8f0d0-921c-4484-bd3e-e78431114f23');
INSERT INTO participants(id, tpe, did, name)
  VALUES('5ecce697-99c5-40da-b522-952ca3a30040', 'holder', NULL, 'გუგული ბურდული');
INSERT INTO holder_public_keys(participant_id, x, y) VALUES ('5ecce697-99c5-40da-b522-952ca3a30040', 84835155206057291158805740310532724459982805782993201315288484999288130132836, 10434351547993758676429288601334949677960673424043369235558143911761256040219);
INSERT INTO connection_tokens(token, initiator, created_at, used_at)
  VALUES('5071697594160', 'ebe65434-3015-4ea4-97c8-1f4181312bcf', '2019-04-06T08:16:07', '2019-04-12T08:42:04');
INSERT INTO connections(id, initiator, acceptor, token, instantiated_at)
  VALUES('05e8f0d0-921c-4484-bd3e-e78431114f23', 'ebe65434-3015-4ea4-97c8-1f4181312bcf', '5ecce697-99c5-40da-b522-952ca3a30040', '5071697594160', '2019-04-12T08:42:04');

INSERT INTO credentials(credential_id, issuer_id, student_id, title, enrollment_date, graduation_date, group_name, created_on)
  VALUES ('53534399-297c-44fc-b78d-cc9d068c7656', 'ebe65434-3015-4ea4-97c8-1f4181312bcf', 'b9fe7f9f-5ff3-4644-ad45-da5d2992d850', 'Bachelor of Science', '2012-03-29', '2019-04-03', 'group', '2019-04-10T15:45:20');
INSERT INTO messages (id, received_at, connection, recipient, sender, content)
  VALUES ('2d19340a-d3ae-4c77-9f99-202785aaba26', '2019-04-12T02:47:02', '05e8f0d0-921c-4484-bd3e-e78431114f23', '5ecce697-99c5-40da-b522-952ca3a30040', 'ebe65434-3015-4ea4-97c8-1f4181312bcf', E'\\x0ab6020a7c0a1e5265737472696374656420556e6976657273697479206f66204154414c41120e5465737420696e73746974757465224a6469643a6174616c613a6138306538376430333862636536626136663138346532386138613335323434303231383032623766313937316638653265366439376335353138383139306612420a12e18392e183a3e18392e183a3e1839ae183981215e18391e183a3e183a0e18393e183a3e1839ae183981a0708c80f10061805220c0a0a36312d3039353734373422300a0fe1839ce183a3e18399e183a0e183981215e1839ae1839de1839be183a1e18390e183abe183941a06526563746f723a0708e30f1004180b42063537363437314a0633333936363352063130373435337a013392010708dc0f1003181d9a010708e30f10041803a2010708e30f1004180b');

INSERT INTO store_individuals (user_id, individual_id, status, connection_token, connection_id, full_name, email, created_at)
  VALUES ('77398291-5d7a-44f5-ab15-2866a88125e8', '248729d8-78fb-4d85-9983-6ade32f365cc', 'CONNECTED', '9494017065847', 'b000c0ce-13a2-425e-9225-2ec305226933', 'გუგული ბურდული', 'evgeniaarabize@hotmail.com', '2019-10-06T00:40:44');
INSERT INTO participants(id, tpe, did, name)
  VALUES('6fce3714-bd68-4889-9007-9f874248209d', 'holder', NULL, 'გუგული ბურდული');
INSERT INTO holder_public_keys(participant_id, x, y) VALUES ('6fce3714-bd68-4889-9007-9f874248209d', 84835155206057291158805740310532724459982805782993201315288484999288130132836, 10434351547993758676429288601334949677960673424043369235558143911761256040219);
INSERT INTO connection_tokens(token, initiator, created_at, used_at)
  VALUES('9494017065847', '77398291-5d7a-44f5-ab15-2866a88125e8', '2019-10-06T00:40:44', '2019-10-11T10:41:37');
INSERT INTO connections(id, initiator, acceptor, token, instantiated_at)
  VALUES('b000c0ce-13a2-425e-9225-2ec305226933', '77398291-5d7a-44f5-ab15-2866a88125e8', '6fce3714-bd68-4889-9007-9f874248209d', '9494017065847', '2019-10-11T10:41:37');

INSERT INTO students (student_id, issuer_id, university_assigned_id, full_name, email, admission_date, created_on, connection_status, connection_token, connection_id)
  VALUES ('e95ac8eb-0441-4546-8547-4918fd141b72', 'ebe65434-3015-4ea4-97c8-1f4181312bcf', '02516929', 'კარლო კვინიკაძე', 'akvernaze@kikvaze.com', '2012-10-18', '2017-10-28T14:40:53', 'CONNECTION_MISSING', '2764662470301', NULL);
INSERT INTO connection_tokens(token, initiator, created_at, used_at)
  VALUES('2764662470301', 'ebe65434-3015-4ea4-97c8-1f4181312bcf', '2017-10-28T14:40:53', NULL);

INSERT INTO credentials(credential_id, issuer_id, student_id, title, enrollment_date, graduation_date, group_name, created_on)
  VALUES ('d7856ddd-ee02-4130-ba72-e6048232d031', 'ebe65434-3015-4ea4-97c8-1f4181312bcf', 'e95ac8eb-0441-4546-8547-4918fd141b72', 'Bachelor of Science', '2012-10-18', '2017-10-22', 'group', '2017-11-03T13:42:30');

INSERT INTO store_individuals (user_id, individual_id, status, connection_token, connection_id, full_name, email, created_at)
  VALUES ('77398291-5d7a-44f5-ab15-2866a88125e8', 'c3b9a7c6-4fa6-4008-9ed8-ecb42d7ee8a2', 'CONNECTED', '7824866781377', '27efa0e5-5137-4676-a788-023fc4aeb80c', 'კარლო კვინიკაძე', 'akvernaze@kikvaze.com', '2021-03-31T03:00:56');
INSERT INTO participants(id, tpe, did, name)
  VALUES('d063cebd-80f7-482e-abdd-1639a120810a', 'holder', NULL, 'კარლო კვინიკაძე');
INSERT INTO holder_public_keys(participant_id, x, y) VALUES ('d063cebd-80f7-482e-abdd-1639a120810a', 55746989283450701301714320898255501289406895631744306424973488285302643852804, 95092398253892132493337125053757129216038621759176859402657022439391378856486);
INSERT INTO connection_tokens(token, initiator, created_at, used_at)
  VALUES('7824866781377', '77398291-5d7a-44f5-ab15-2866a88125e8', '2021-03-31T03:00:56', '2021-04-02T09:07:04');
INSERT INTO connections(id, initiator, acceptor, token, instantiated_at)
  VALUES('27efa0e5-5137-4676-a788-023fc4aeb80c', '77398291-5d7a-44f5-ab15-2866a88125e8', 'd063cebd-80f7-482e-abdd-1639a120810a', '7824866781377', '2021-04-02T09:07:04');

INSERT INTO students (student_id, issuer_id, university_assigned_id, full_name, email, admission_date, created_on, connection_status, connection_token, connection_id)
  VALUES ('afce10bf-8dc2-4923-9ca1-a46a6f19865a', 'ebe65434-3015-4ea4-97c8-1f4181312bcf', '47572850', 'ნანა გაბელია', 'ludmilakalandaze@burjanaze.com', '2013-02-14', '2018-02-21T04:05:14', 'CONNECTION_ACCEPTED', '7462785375668', 'fd77c6cc-1a34-4eae-a52d-cd08f4b62afc');
INSERT INTO participants(id, tpe, did, name)
  VALUES('916d8383-f655-44ec-8cc6-f69c292db9e8', 'holder', NULL, 'ნანა გაბელია');
INSERT INTO holder_public_keys(participant_id, x, y) VALUES ('916d8383-f655-44ec-8cc6-f69c292db9e8', 39053712875597378231532175192598485462393208288130968060952705388482854537746, 84207896401608078011988503860684527672568850813694857847924879941979412135729);
INSERT INTO connection_tokens(token, initiator, created_at, used_at)
  VALUES('7462785375668', 'ebe65434-3015-4ea4-97c8-1f4181312bcf', '2018-02-21T04:05:14', '2018-02-21T21:53:24');
INSERT INTO connections(id, initiator, acceptor, token, instantiated_at)
  VALUES('fd77c6cc-1a34-4eae-a52d-cd08f4b62afc', 'ebe65434-3015-4ea4-97c8-1f4181312bcf', '916d8383-f655-44ec-8cc6-f69c292db9e8', '7462785375668', '2018-02-21T21:53:24');

INSERT INTO credentials(credential_id, issuer_id, student_id, title, enrollment_date, graduation_date, group_name, created_on)
  VALUES ('4fc8f0e0-5ac8-450a-9220-f46e512c9aa3', 'ebe65434-3015-4ea4-97c8-1f4181312bcf', 'afce10bf-8dc2-4923-9ca1-a46a6f19865a', 'Bachelor of Science', '2013-02-14', '2018-02-14', 'group', '2018-02-26T07:42:41');
INSERT INTO messages (id, received_at, connection, recipient, sender, content)
  VALUES ('1a92f0ea-a268-4100-ad2f-31d979ec0194', '2018-02-26T08:37:32', 'fd77c6cc-1a34-4eae-a52d-cd08f4b62afc', '916d8383-f655-44ec-8cc6-f69c292db9e8', 'ebe65434-3015-4ea4-97c8-1f4181312bcf', E'\\x0ab0020a7c0a1e5265737472696374656420556e6976657273697479206f66204154414c41120e5465737420696e73746974757465224a6469643a6174616c613a61383065383764303338626365366261366631383465323861386133353234343032313830326237663139373166386532653664393763353531383831393066123c0a0ce1839ce18390e1839ce183901215e18392e18390e18391e18394e1839ae18398e183901a0708c70f1005180d220c0a0a32352d3931343333303122300a0fe1839ce183a3e18399e183a0e183981215e1839ae1839de1839be183a1e18390e183abe183941a06526563746f723a0708e20f1002181a42063636353935324a0633363530383052063233343831357a013392010708dd0f1002180e9a010708e20f1002180ea2010708e20f1002181a');

INSERT INTO store_individuals (user_id, individual_id, status, connection_token, connection_id, full_name, email, created_at)
  VALUES ('77398291-5d7a-44f5-ab15-2866a88125e8', '34643370-9b7a-4fba-b1e7-8e9a1a2e3a1b', 'CONNECTED', '1077674895125', 'f6319e53-715c-4af6-8e60-1246aab51cbd', 'ნანა გაბელია', 'ludmilakalandaze@burjanaze.com', '2015-09-02T22:06:13');
INSERT INTO participants(id, tpe, did, name)
  VALUES('68866120-04fb-4ba8-88f3-3031119c4f9c', 'holder', NULL, 'ნანა გაბელია');
INSERT INTO holder_public_keys(participant_id, x, y) VALUES ('68866120-04fb-4ba8-88f3-3031119c4f9c', 39053712875597378231532175192598485462393208288130968060952705388482854537746, 84207896401608078011988503860684527672568850813694857847924879941979412135729);
INSERT INTO connection_tokens(token, initiator, created_at, used_at)
  VALUES('1077674895125', '77398291-5d7a-44f5-ab15-2866a88125e8', '2015-09-02T22:06:13', '2015-09-05T01:21:43');
INSERT INTO connections(id, initiator, acceptor, token, instantiated_at)
  VALUES('f6319e53-715c-4af6-8e60-1246aab51cbd', '77398291-5d7a-44f5-ab15-2866a88125e8', '68866120-04fb-4ba8-88f3-3031119c4f9c', '1077674895125', '2015-09-05T01:21:43');

INSERT INTO messages (id, received_at, connection, recipient, sender, content)
  VALUES ('357f5e64-3665-4912-8cf9-7f0535db116f', '2215-10-28T08:37:32', 'f6319e53-715c-4af6-8e60-1246aab51cbd', '68866120-04fb-4ba8-88f3-3031119c4f9c', '77398291-5d7a-44f5-ab15-2866a88125e8', E'\\x0ab0020a7c0a1e5265737472696374656420556e6976657273697479206f66204154414c41120e5465737420696e73746974757465224a6469643a6174616c613a61383065383764303338626365366261366631383465323861386133353234343032313830326237663139373166386532653664393763353531383831393066123c0a0ce1839ce18390e1839ce183901215e18392e18390e18391e18394e1839ae18398e183901a0708c70f1005180d220c0a0a32352d3931343333303122300a0fe1839ce183a3e18399e183a0e183981215e1839ae1839de1839be183a1e18390e183abe183941a06526563746f723a0708e20f1002181a42063636353935324a0633363530383052063233343831357a013392010708dd0f1002180e9a010708e20f1002180ea2010708e20f1002181a');

INSERT INTO students (student_id, issuer_id, university_assigned_id, full_name, email, admission_date, created_on, connection_status, connection_token, connection_id)
  VALUES ('1819709e-4b99-46c5-b979-96f0e9ca4d3e', 'ebe65434-3015-4ea4-97c8-1f4181312bcf', '29776733', 'ვენერა ჭუმბურიძე', 'irexviashvili@dvalishvili-xaratishvili.com', '2011-01-29', '2016-02-03T07:42:34', 'CONNECTION_ACCEPTED', '7294361440831', '31227a89-b677-42ee-be96-8e00bee13ad6');
INSERT INTO participants(id, tpe, did, name)
  VALUES('75869de1-4183-4bc3-8f49-4cdf992397d8', 'holder', NULL, 'ვენერა ჭუმბურიძე');
INSERT INTO holder_public_keys(participant_id, x, y) VALUES ('75869de1-4183-4bc3-8f49-4cdf992397d8', 91733909605003547998847684928836802058039475791557521126307729140251453385327, 60637455560443920862313622053981684007883072565380894332329211158068467009007);
INSERT INTO connection_tokens(token, initiator, created_at, used_at)
  VALUES('7294361440831', 'ebe65434-3015-4ea4-97c8-1f4181312bcf', '2016-02-03T07:42:34', '2016-02-10T07:31:12');
INSERT INTO connections(id, initiator, acceptor, token, instantiated_at)
  VALUES('31227a89-b677-42ee-be96-8e00bee13ad6', 'ebe65434-3015-4ea4-97c8-1f4181312bcf', '75869de1-4183-4bc3-8f49-4cdf992397d8', '7294361440831', '2016-02-10T07:31:12');

INSERT INTO credentials(credential_id, issuer_id, student_id, title, enrollment_date, graduation_date, group_name, created_on)
  VALUES ('0230fd4c-204f-4bdc-a4da-85023ce9ee70', 'ebe65434-3015-4ea4-97c8-1f4181312bcf', '1819709e-4b99-46c5-b979-96f0e9ca4d3e', 'Bachelor of Science', '2011-01-29', '2016-02-03', 'group', '2016-02-05T17:55:04');
INSERT INTO messages (id, received_at, connection, recipient, sender, content)
  VALUES ('84033d83-cf60-4b8a-be87-69a5f5634efe', '2016-02-11T17:56:49', '31227a89-b677-42ee-be96-8e00bee13ad6', '75869de1-4183-4bc3-8f49-4cdf992397d8', 'ebe65434-3015-4ea4-97c8-1f4181312bcf', E'\\x0abc020a7c0a1e5265737472696374656420556e6976657273697479206f66204154414c41120e5465737420696e73746974757465224a6469643a6174616c613a6138306538376430333862636536626136663138346532386138613335323434303231383032623766313937316638653265366439376335353138383139306612480a12e18395e18394e1839ce18394e183a0e18390121be183ade183a3e1839be18391e183a3e183a0e18398e183abe183941a0708c60f1005180c220c0a0a37362d3432313137303922300a0fe1839ce183a3e18399e183a0e183981215e1839ae1839de1839be183a1e18390e183abe183941a06526563746f723a0708e00f1002180b42063930343739324a0634393733303852063139343631327a013392010708db0f1001181d9a010708e00f10021803a2010708e00f1002180b');

INSERT INTO store_individuals (user_id, individual_id, status, connection_token, connection_id, full_name, email, created_at)
  VALUES ('77398291-5d7a-44f5-ab15-2866a88125e8', 'cd608c19-b3b9-424a-b48a-049b62075d38', 'INVITED', '6342544557683', NULL, 'ვენერა ჭუმბურიძე', 'irexviashvili@dvalishvili-xaratishvili.com', '2018-01-06T00:44:33');
INSERT INTO connection_tokens(token, initiator, created_at, used_at)
  VALUES('6342544557683', '77398291-5d7a-44f5-ab15-2866a88125e8', '2018-01-06T00:44:33', NULL);

INSERT INTO students (student_id, issuer_id, university_assigned_id, full_name, email, admission_date, created_on, connection_status, connection_token, connection_id)
  VALUES ('034e3ffb-74ba-4b39-9f43-39e6bdde0805', 'ebe65434-3015-4ea4-97c8-1f4181312bcf', '37740849', 'სუსანა ნასყიდაშვილი', 'pircxalavapati@hotmail.com', '2011-01-17', '2017-01-20T14:50:39', 'CONNECTION_ACCEPTED', '6722091885352', 'fb9a2d76-a697-4994-8385-544256f17f0c');
INSERT INTO participants(id, tpe, did, name)
  VALUES('88dc64a8-1ea3-4924-b8db-3093668beb35', 'holder', NULL, 'სუსანა ნასყიდაშვილი');
INSERT INTO holder_public_keys(participant_id, x, y) VALUES ('88dc64a8-1ea3-4924-b8db-3093668beb35', 15583178346402539677581876841641036644498740738362939223109370794224340616349, 9230580234124689956785259635063132803015328013223636286028403549097684164657);
INSERT INTO connection_tokens(token, initiator, created_at, used_at)
  VALUES('6722091885352', 'ebe65434-3015-4ea4-97c8-1f4181312bcf', '2017-01-20T14:50:39', '2017-01-27T03:12:12');
INSERT INTO connections(id, initiator, acceptor, token, instantiated_at)
  VALUES('fb9a2d76-a697-4994-8385-544256f17f0c', 'ebe65434-3015-4ea4-97c8-1f4181312bcf', '88dc64a8-1ea3-4924-b8db-3093668beb35', '6722091885352', '2017-01-27T03:12:12');

INSERT INTO credentials(credential_id, issuer_id, student_id, title, enrollment_date, graduation_date, group_name, created_on)
  VALUES ('db9ac1a9-36ed-46cf-ac18-549664a901c0', 'ebe65434-3015-4ea4-97c8-1f4181312bcf', '034e3ffb-74ba-4b39-9f43-39e6bdde0805', 'Bachelor of Science', '2011-01-17', '2017-01-15', 'group', '2017-01-21T03:30:51');
INSERT INTO messages (id, received_at, connection, recipient, sender, content)
  VALUES ('2fe9a842-1757-4d41-aa30-8b53f34d3ed9', '2017-01-27T09:07:53', 'fb9a2d76-a697-4994-8385-544256f17f0c', '88dc64a8-1ea3-4924-b8db-3093668beb35', 'ebe65434-3015-4ea4-97c8-1f4181312bcf', E'\\x0ac5020a7c0a1e5265737472696374656420556e6976657273697479206f66204154414c41120e5465737420696e73746974757465224a6469643a6174616c613a6138306538376430333862636536626136663138346532386138613335323434303231383032623766313937316638653265366439376335353138383139306612510a12e183a1e183a3e183a1e18390e1839ce183901224e1839ce18390e183a1e183a7e18398e18393e18390e183a8e18395e18398e1839ae183981a0708c60f10031812220c0a0a31322d3632393635313522300a0fe1839ce183a3e18399e183a0e183981215e1839ae1839de1839be183a1e18390e183abe183941a06526563746f723a0708e10f1001181a42063737393234374a0633333630323152063236363535377a013392010708db0f100118119a010708e10f1001180fa2010708e10f1001181a');

INSERT INTO store_individuals (user_id, individual_id, status, connection_token, connection_id, full_name, email, created_at)
  VALUES ('77398291-5d7a-44f5-ab15-2866a88125e8', 'bcd5b247-2c54-4800-81d6-67223a68b82d', 'CONNECTED', '0908298625731', '92f29444-6d15-4e48-9833-3ef63ad2da5f', 'სუსანა ნასყიდაშვილი', 'pircxalavapati@hotmail.com', '2018-12-19T04:43:48');
INSERT INTO participants(id, tpe, did, name)
  VALUES('37e47e2d-b5fd-42c7-8fa5-687b1cf43200', 'holder', NULL, 'სუსანა ნასყიდაშვილი');
INSERT INTO holder_public_keys(participant_id, x, y) VALUES ('37e47e2d-b5fd-42c7-8fa5-687b1cf43200', 15583178346402539677581876841641036644498740738362939223109370794224340616349, 9230580234124689956785259635063132803015328013223636286028403549097684164657);
INSERT INTO connection_tokens(token, initiator, created_at, used_at)
  VALUES('0908298625731', '77398291-5d7a-44f5-ab15-2866a88125e8', '2018-12-19T04:43:48', '2018-12-25T00:19:37');
INSERT INTO connections(id, initiator, acceptor, token, instantiated_at)
  VALUES('92f29444-6d15-4e48-9833-3ef63ad2da5f', '77398291-5d7a-44f5-ab15-2866a88125e8', '37e47e2d-b5fd-42c7-8fa5-687b1cf43200', '0908298625731', '2018-12-25T00:19:37');

INSERT INTO students (student_id, issuer_id, university_assigned_id, full_name, email, admission_date, created_on, connection_status, connection_token, connection_id)
  VALUES ('95ed30d0-1ef4-4b4b-9a8e-2780b501459f', 'ebe65434-3015-4ea4-97c8-1f4181312bcf', '62573702', 'ტატიანა ნებიერიძე', 'larisa30@gajieva.com', '2013-09-24', '2020-10-03T15:33:11', 'INVITATION_MISSING', NULL, NULL);


INSERT INTO credentials(credential_id, issuer_id, student_id, title, enrollment_date, graduation_date, group_name, created_on)
  VALUES ('555322fd-6547-4a3c-8169-2d58645b177e', 'ebe65434-3015-4ea4-97c8-1f4181312bcf', '95ed30d0-1ef4-4b4b-9a8e-2780b501459f', 'Bachelor of Science', '2013-09-24', '2020-09-29', 'group', '2020-10-03T15:52:21');

INSERT INTO store_individuals (user_id, individual_id, status, connection_token, connection_id, full_name, email, created_at)
  VALUES ('77398291-5d7a-44f5-ab15-2866a88125e8', 'b9caca11-9416-4bdb-963b-4603b9854a37', 'CONNECTED', '8457143214924', '35470881-a20b-4037-92ab-b101be0a3319', 'ტატიანა ნებიერიძე', 'larisa30@gajieva.com', '2018-05-27T15:15:39');
INSERT INTO participants(id, tpe, did, name)
  VALUES('40d359fb-b381-4b94-b23e-844c886ac13f', 'holder', NULL, 'ტატიანა ნებიერიძე');
INSERT INTO holder_public_keys(participant_id, x, y) VALUES ('40d359fb-b381-4b94-b23e-844c886ac13f', 53199588737442934079514146528728216333211117463041347886090336789283876652268, 95368885605187807883788453969962518384042754415393994229290900298372752577688);
INSERT INTO connection_tokens(token, initiator, created_at, used_at)
  VALUES('8457143214924', '77398291-5d7a-44f5-ab15-2866a88125e8', '2018-05-27T15:15:39', '2018-05-28T11:14:55');
INSERT INTO connections(id, initiator, acceptor, token, instantiated_at)
  VALUES('35470881-a20b-4037-92ab-b101be0a3319', '77398291-5d7a-44f5-ab15-2866a88125e8', '40d359fb-b381-4b94-b23e-844c886ac13f', '8457143214924', '2018-05-28T11:14:55');

INSERT INTO students (student_id, issuer_id, university_assigned_id, full_name, email, admission_date, created_on, connection_status, connection_token, connection_id)
  VALUES ('3ce5bdb3-a20d-4fee-82d6-de94b8dfa618', 'ebe65434-3015-4ea4-97c8-1f4181312bcf', '47012608', 'პავლე ქობალია', 'giga83@yahoo.com', '2014-04-06', '2021-04-12T02:01:32', 'CONNECTION_ACCEPTED', '8803253208054', '83f6ecf7-a35a-4ff9-9412-666e7e10161f');
INSERT INTO participants(id, tpe, did, name)
  VALUES('0960520e-6e2c-4781-85e3-827d6966fc38', 'holder', NULL, 'პავლე ქობალია');
INSERT INTO holder_public_keys(participant_id, x, y) VALUES ('0960520e-6e2c-4781-85e3-827d6966fc38', 36275151601307309982758421734756441149927076444901118493341653927803626754962, 20281928706266221162268505351188039597898233159600508459265911549368009096440);
INSERT INTO connection_tokens(token, initiator, created_at, used_at)
  VALUES('8803253208054', 'ebe65434-3015-4ea4-97c8-1f4181312bcf', '2021-04-12T02:01:32', '2021-04-18T06:32:35');
INSERT INTO connections(id, initiator, acceptor, token, instantiated_at)
  VALUES('83f6ecf7-a35a-4ff9-9412-666e7e10161f', 'ebe65434-3015-4ea4-97c8-1f4181312bcf', '0960520e-6e2c-4781-85e3-827d6966fc38', '8803253208054', '2021-04-18T06:32:35');

INSERT INTO credentials(credential_id, issuer_id, student_id, title, enrollment_date, graduation_date, group_name, created_on)
  VALUES ('a1fe4d7e-66c5-4e64-8ed6-9050b4867c88', 'ebe65434-3015-4ea4-97c8-1f4181312bcf', '3ce5bdb3-a20d-4fee-82d6-de94b8dfa618', 'Bachelor of Science', '2014-04-06', '2021-04-06', 'group', '2021-04-16T22:08:36');
INSERT INTO messages (id, received_at, connection, recipient, sender, content)
  VALUES ('0ea5ffed-beb3-4068-835e-b604434dee70', '2021-04-21T21:34:33', '83f6ecf7-a35a-4ff9-9412-666e7e10161f', '0960520e-6e2c-4781-85e3-827d6966fc38', 'ebe65434-3015-4ea4-97c8-1f4181312bcf', E'\\x0ab3020a7c0a1e5265737472696374656420556e6976657273697479206f66204154414c41120e5465737420696e73746974757465224a6469643a6174616c613a61383065383764303338626365366261366631383465323861386133353234343032313830326237663139373166386532653664393763353531383831393066123f0a0fe1839ee18390e18395e1839ae183941215e183a5e1839de18391e18390e1839ae18398e183901a0708ca0f10081814220c0a0a39332d3032363030383422300a0fe1839ce183a3e18399e183a0e183981215e1839ae1839de1839be183a1e18390e183abe183941a06526563746f723a0708e50f1004181542063634383334384a0634343634383752063138393036327a013392010708de0f100418069a010708e50f10041806a2010708e50f10041815');

INSERT INTO store_individuals (user_id, individual_id, status, connection_token, connection_id, full_name, email, created_at)
  VALUES ('77398291-5d7a-44f5-ab15-2866a88125e8', 'e6dca5af-24b4-41f7-9690-45a97d416240', 'CONNECTED', '7853981019751', 'e32c505e-58e4-4de8-a94f-6ea7a4b85cd6', 'პავლე ქობალია', 'giga83@yahoo.com', '2022-10-21T21:49:31');
INSERT INTO participants(id, tpe, did, name)
  VALUES('e09c87a0-9c71-4818-99d5-1f529314cfa2', 'holder', NULL, 'პავლე ქობალია');
INSERT INTO holder_public_keys(participant_id, x, y) VALUES ('e09c87a0-9c71-4818-99d5-1f529314cfa2', 36275151601307309982758421734756441149927076444901118493341653927803626754962, 20281928706266221162268505351188039597898233159600508459265911549368009096440);
INSERT INTO connection_tokens(token, initiator, created_at, used_at)
  VALUES('7853981019751', '77398291-5d7a-44f5-ab15-2866a88125e8', '2022-10-21T21:49:31', '2022-10-22T13:14:00');
INSERT INTO connections(id, initiator, acceptor, token, instantiated_at)
  VALUES('e32c505e-58e4-4de8-a94f-6ea7a4b85cd6', '77398291-5d7a-44f5-ab15-2866a88125e8', 'e09c87a0-9c71-4818-99d5-1f529314cfa2', '7853981019751', '2022-10-22T13:14:00');

INSERT INTO messages (id, received_at, connection, recipient, sender, content)
  VALUES ('be52a924-cb2d-4342-ae9b-3bb0b95873b1', '2167-09-06T13:14:00', 'e32c505e-58e4-4de8-a94f-6ea7a4b85cd6', 'e09c87a0-9c71-4818-99d5-1f529314cfa2', '77398291-5d7a-44f5-ab15-2866a88125e8', E'\\x0ab3020a7c0a1e5265737472696374656420556e6976657273697479206f66204154414c41120e5465737420696e73746974757465224a6469643a6174616c613a61383065383764303338626365366261366631383465323861386133353234343032313830326237663139373166386532653664393763353531383831393066123f0a0fe1839ee18390e18395e1839ae183941215e183a5e1839de18391e18390e1839ae18398e183901a0708ca0f10081814220c0a0a39332d3032363030383422300a0fe1839ce183a3e18399e183a0e183981215e1839ae1839de1839be183a1e18390e183abe183941a06526563746f723a0708e50f1004181542063634383334384a0634343634383752063138393036327a013392010708de0f100418069a010708e50f10041806a2010708e50f10041815');

