-- Autogenerated with fake_data.py - do not modify manually

INSERT INTO issuers(issuer_id, did, name)
  VALUES('ebe65434-3015-4ea4-97c8-1f4181312bcf', 'did:atala:a80e87d038bce6ba6f184e28a8a35244021802b7f1971f8e2e6d97c55188190f', 'Free University of Tbilisi');
INSERT INTO issuer_groups (group_id, issuer_id, name)
  VALUES('459277ea-8428-47db-a6d3-2fac078da047', 'ebe65434-3015-4ea4-97c8-1f4181312bcf', 'Bachelors Degree Mathematics and Science 2019');
INSERT INTO issuer_groups (group_id, issuer_id, name)
  VALUES('45078713-bb86-42f2-b7ab-846d8c23d2a4', 'ebe65434-3015-4ea4-97c8-1f4181312bcf', 'Masters Degree Business Administration 2019');
INSERT INTO participants(id, tpe, did, name, logo)
  VALUES('ebe65434-3015-4ea4-97c8-1f4181312bcf', 'issuer', 'did:atala:a80e87d038bce6ba6f184e28a8a35244021802b7f1971f8e2e6d97c55188190f', 'Free University of Tbilisi', E'\\x89504e470d0a1a0a0000000d494844520000012c0000012c0806000000797d8e7500001bf97a5458745261772070726f66696c6520747970652065786966000078daad9b6956e4b8b685ff6b147708ea9be1a85debcde00dff7e5b119024091454dea29230110e5b3ecd6e64d9ecffffbf63fec37fd5fa6c622a35b79c2dffc5169bef6c54fbf8afdddfcec6fbfbfee7e773cbfdfebe79fdc0f31a780d8f0f4a7fbcbacefbe9d7175ecee1c6efef9bfafcc4d7e7819e1fbc1c30e8cc9e8df57690bcef1fefbbf83c50db8f8ddc6a793bd4e11faff3b9e31dcaf3df99fe1e2f8dc747fadbbc7d2316a2b412270adeefe082bdbfe36304e1f1aff3cff1dbb38fde09773b9afb817d8e8480fc76792fafd6be0dd06f417ed932efa3ffbaf52ef8be3fdf0fef62999f3162e3c30f5cfa38f837c46f4e1c5e47e47fffc047b7ffb89c97209f55cfd98fabeb3113d1fcac286b5ea273a37f16618fe17e2df353f897d82ef7a7f1536db793942f3bede067bae63c5939c645b75c77c7edfb3add6488d16f5f78f57efa70dfaba1f8e6e7cd58d48f3bbe841656a8e46cfa6d485f0cfe752cee9eb7ddf34d5739f372ecea1d07734af9673fe6ab0f7ff263ce990a91b3f535568ccbabae198632a7dfec4542dc79e62ddd00bffc3cd36fdfd40fa54a06d30d73e502bb1d8f438ce47ed556b8790eec97787db49033653d0f4088387762302e90019b5d482e3b5bbc2fce11c74a823a23a71ffc20032e25bf18a48f21646f8aaf5ee7e63bc5dd7d7df2d9eb6db08944a4904321372d74921563a27e4aacd4504f21c594524e2555935aea39e49853ceb964815c2fa1c4924a2ea5d4d24aafa1c69a6aaea5d6da6a6fbe053030b5dc4aabadb5debde99ca873accefe9d77861f61c491461e65d4d1469f94cf8c33cd3ccbacb3cdbefc0a0b9858799555575b7d3bb3418a1d77da79975d77dbfd506b279c78d2c9a79c7adae9af597b66f58f9f1f64cd3db3e66fa6b45f79cd1aef9a525e0ee1042749392363f42e192fca0005ed95335b5d8c5e9953ce6c13a625cf209372639653c64861dccea7e35e73f72b73dfca9b49f55b79f3ff9439a3d4fd2f326748dd9f79fb206b4b3c376fc61e5da898da40f79de44e4d86b4f8c8e9c23abcc9d1c6997395b4d2acd0cc7db7f90c5cedc301433a3be7d177171576fe7fbe9af76ffcdbd72f0f3418da0e2a25423b34b6d3f7b1e5ec9afd58bebfee40413ef761f3d73ed592eeedb2de9d0d40b6c46a9546a8281daebb788233d839c2cfb58cb387e19887aedba34313fd0ee65fbd9a7ff74505bdee7bb13e76867ee8b53dc6044bbbabfdc4febacf11c7f57b79e7b90b47700ade9ae47b3cf678263c990ff2fd9aede7a9ffc87784afa8ca40f3ad837838fb747376a1db7bbac7b787c0afd5e71e7ef9bcf6f6b3fb96e6d83b3bbe19d27434644874e04aae270eb5fae963989246a1c796edc515bb730b83eedeb4da59d4f6dc9d448f33d20a9b56988beb721065dd7def82b6e8e564b71851e762f94a4a65c6d3536cbdee3a475ef930243aab793fba3d61cce13b6d9fedd2d14b47251d9f699e099a98583835981320176a63345da6b3bb3998d646f604653608847ae8ad0eb5de468e3500af718183634e6ac7ac41b707444c1c7547061c684282b28418dba33907a0716eb426e11c8c102cced1eeed5267871116a33393a22d2eb5134a0d9c050a43699c3c6ba54a4b0a7c9fbdabadb0594d93cfb6258b76ce4d0487ebc5cfe2a3a9f9787013bab31bd83d8015a2669e15c5802dcc14d0282d045d494f03f40cfbf85ad8983bd01381711e6b42ee8c08442c051c239a29dcd450b29373e40d06fa685b9b07b5b9faa204fa2a65bb424089353a854306439f92c006b42188ca5a9ca62cb56d0721f74879907b74d2716dd4553de13fa5cc35e229b390e5e1636d2e9abcd8a0ca1c985ddb9e04c20d7abb9f5a29f319814cefc0f115e73c7e2fb6562cc2546acf91f3025852906ef7b84a5c01d49f81c2eb9928e7d2721cbb9e4ccc63a1bc85ad0ca62769fbb136d553200c945ea9e076357e9f00215412bb07e1bcb0935bcaf6404f6b21e568404f192be136d3843dac4ead8cb52c450ce80349993a8a540af1506b640a3cb59da885b9ede67243de6be33b685e680d144330121dc23e109a39b4395d8e2713a304258e3029f385740413509f172417a35e65c44e36a1a9d5c18981c9d0d5756856ac04d7ccdd322569429c2d9fb92a9d111979858e2b6cb8680288ac50705c1aed44adaf955b6f9068422b973a1c283b7321312e238f6d981a620eb597c4e71458a4eca1f0310a2d058a87b108e4c87e8b12864b31562be0813f03b9b76e990dfa53856e601e91856c518065d80e17f4b65a2c0cd153a433f7162ed8a1e9c6853dd7b60a65d2c7d1f80ba6b5c12c2e2dca2db64274008448a35362f45701d840b7e5961d330600a8e9606b211c863037e76676ec8b5eb88c3a20fd59dc1e1a6b8a347f5ed4001798a9342a90ef1319a2156b20d727214fb6af289a68b822a77df00a6c319c4d76e6f697d56ba3bbc601869c2407e53763759b3e0d8ed24af426c5cf37fb32b591150e6b57b4ea522095f390c9e5274a2044a9dc99e8177b7984a219e4bfe4473132422e2e866e9a46be91770ede00dfdb6e33d1272b650579b4c200c1a20548c609facd98811075f600dff3b153d5bfcd183d6fd82035b0928221aa3e81a9701440db104e800440737cdb829955a6c02451a1abb598283f51153a9b1724df9a0c6ca0aa6ce60468a91dc2ae32f6858f4160a75a4c4300b155de9e3d8a77ec89dce21df3c23ac3e1ba683650506ace73ae21e3d01a27cf58ad90e75ee037e8bb0fa5bd097e8fc4a29c337637a3ed31d127508fb8505c574447528d646d55a4c62f926bf44fb093c883307d0aeba839919369247fec24a5d2180324726645c602f994781e70d7a6a8e9e9d101a80791e36b5a0ab5602263222a27267a2d156ac426e1d004f0aed44b94ef95826bdf9e825812b8fa6ba7e72e5290779765d883e2d8e52bf9009e7f25bb34417247c489e9326281e3e53463200cfcfdb3d9fbe7feead3b4516ca71862c8d0482194acf6d479c13ec880da029db8686de238be7e35ffb4831cec2e04a651c1b0344aac33302504314a0b1ee17f6044a366a58311d16f95423854067960675c7c88288853fdd1d5e9c0c45cb3205790bb8b195b533cc7dc9c14f1fe8968093ae4759fc71ecacc7307cd0c688c00c83b4d3b9779d1b4a3b98730fcd807bcb9541cacbf4542ffeb6a1706a833a20632b8fbf7f868875f9f03129264c86946f7aca2463787037036f3e6baefa6fdf235ed140e2a72fba1da7215460700869fd8ac1171521e875523e0573827da1d5fb00022f4a63f552acfa3d73a22214324746fcee066957a84f019583058e132e1c808db80571b4a42ed7a0495c2438137f5f312e86fd80e6119612584e258a08a8fe01df480cebea853201fda7c84064b4a7e66da7774220c9320d219100263db58ea591e48a0c526d88858e185f200b30f66903073dd70c71e7676f9d233e1fb5c20addd963f00748120a579ced6d52d24483b38fe2208c7706ed3d6057e6422d482ee4349201e34ffe54491ec3904df1cf930a00e1b3af88c6b4538e7ed618630f97b1a84ecccc0b843c900dd3d6e4698908154192169081240d0a38039bdf42e9a1ef44369865a6199b145c3c4087a757e58c060a24fadfa04493edc218c0d27c0699120a1f32e627e41718f82c9f0dcdb2e349fb7e1cfbad07cde863feb42f3791bfeac0bcde76df8b32e349fb7e1f7bb1041550df5109d2da8b21942417bc43dad26d27c8a2e5c83461d1798c0a95510aaa536613ea41bb97624b3d73c2b989d117d5c279129e8ab220116c4d0a747c44d28ce132cefd1ff484f75325767dbaeb521b5511f033a4b78117477ad78484a74c09e600216e87464b723bbceaf404f6f87ed825ef12dc8f2aae1b08dbadbeb444a915ec37450af881fdc50838fd7c3914b3ba54e63f739e531b20f8c175ddaf9554ad45cd16ae809241565d4f1b4e27dea78a33497948b1ddac6f9d17f6155d8beeb5a915eb6485c77da2827da5a8a00afd18be514c358b19f669d9e595a706dfe2605bdad7df33714f4b6f6cddf50d0dbda377f43416f6bdffc0d05bdad7df305f5d885b7459f92669882d24b95af3b5f5695b69cfdda8835520dbd19c139929e3f6241f7dabab00e186468ab250015ed499dbb4ac1237ef21621b4462d404688e8b9373510c85a3f160c0d0c7be592c896144e684256648ea3f11a26bb6b4e6c4be7709db5496b457470e0733c2b5a1af027e7d24e781fbec4a0eec5c55759e4e248f8d2d16101682f08b557435fe248b02b8782668f390c049432de91da461a7b001c47d54acc34c5060026231d5b3c48c613f6dfb749578d6317a6b561a936d4b6b7897265ee21d0703be8d2784b9730be2b5ecd2f51bd08dc8faadedcb23f9c1ca25ed7b6c09c58b3812c668bea586f54e0d7aaf637ddfb9938fe257d3f9e2935afdaf79df2b5f68df6fd86f435dfd1be54df1bf14bcb3ee4ef6fe2d7dc34a7345031356bc6b4c0d0787e802560bd802c0bf2f1263e5553e27e03ea75a4b8504cc802005d942f538304009f7cf4f2ae60f1a0b342af8ee2c17761537c52b990e39ecbb2857174dd77a11cf609c387ea3187462c81ba02f6892b6d70a71652862a2aa18b499d45e5db4025cf0b2b7e02e6eec6d6839e15b1b256c01cd323b92d203d6b8a88e29b96e6c1749d0e7a485000f528aabd7c4fb3b7921ed9f5e14a8b764d7037d46594f1e66f7c2cc2ee50cac78dd2037dc289b9049f0f7a2e6e08c9ea02b3e630397d6e6a57c61f9a352ed37c04deb650260550e108a28028d52c23ea68f2073a8faadf051a4b1b4a285274e3d65816d9b4bc0dd5876a29f84cdab0d0525df73a6871ec557a4c1f72863c1b2a35a2dc083865360a765e338a8b57342607cab8f05cc936b833ee8418d8bf3cdf5a1976e5ca7bc4d8afe2c04e2cb5a6bd0ad7bcee189be8d31de7bc419e21a071ec33de56d52c1104970234b610dd1990b96da1f908fa71b86b8ed9b2b2d4134fcd67d875807294d131cfc804ea7a2d5789aedd2d2737f7241328e925fd40c1754c6c28f0e72414203dfce8ab9b208569ba1f822db84d7a6fe152bb0c24286da893bc29e4ddc0340fab532844814ec930d81eb1bb0836158e8b3baa533a002b0104ef588b7891e605863863455b384ba2adaf9025d846a947844706c6d3e4bc0ded73e48ee033ce48462a904fab8cd6808de039285a1cc93f35158beca0f997fc8b4c8c22bac07568220e6cc570862a2803dd6d210ee9293476d9406af6d3fbdbab134d0cee3a07cd9140fbec782a65c62face82748fa0790be8751f3118efe9b2904c4e8ff660ac17c0b47bf01a3e6947f9c4270e8b38da80548286e7a7d7ab13aac38c819324e77e70c83064f845344594eaa6de08f04f6a65bcd19df795010a1a6d3404acd68011e3d21627768595615db45b0196b7762ccd82be9c895524c63b8e533c51f69061b26e26651f78de1ed76a934ae0aea24dd510c10386214df76c078741a15381f3775d6c47cb2b757821883953008e08c933704a8bc73ba313a07c147b6d1dcd180c754f15848811072404aa7baa5803821a68e73c80a6e0faaeaae0334c081372e81fe438f6fc1cdb665982c0594bacf4bb367d8f0880cd48d4a996bf8e6d6124107843ae04800b97ad5d5fd8d0b8eb284c863e4e3d8ba9d8bece97beff62fa76fcc5bf1fca90279a79fa1f33f14b47927a13f96c7bf29e88f1da6f9ae7d7c7b77ef23056d9e12fa9d3e9660fecd3e7efef955d0f8b5df44f44712ba506e1d4d9ce0e100428e74dd53543b953b5319d2a8d58861e0e7ad3b1f15f703cba34937043ad1bf7246517fef813699b9a02b1e9c426b012a6351525ef3cb14e4bd673ae023dccccbedcaad62ac7034a4716ad18d9705a9ea6f403ba24aa413dc6d3de47a4cd05196869662dfaec9c2e2f310ee92fab04c1077ad85b5a4efa1c1ae796a785f2a05adce109bf435360d55bb08066c89d453f4e86454782a0c07b739618c5e24816285d8d14d20bf75a81fecc4f0abd14bb417ed6df0b30139adc9a9aa89e7a72ffdda9fc73fcd9ff95bd07f813ff3f7f3c60fcc377f3f6ffcc07cf3f7f3c60fcc375f813eb6270cdd055cc359f520319670d31de5e6497f0cd5eabe004569d49a942dc35cbe79b67c2c35011a31a0f2766e38a52d71e7c38d9953a834a72122eff74e779b276703a9e83edce62da7520cba33e83bfbe43d110d2034001a50e31d5980482d9a4a4123124a6a14a597ace64a4d757477f34b38ebb2ee7c67b40790a5f99aa4591934b7e60b33258026ab80fad66cddcab00e129c3f85d526234662caa04e2fba4b8c128e2061d3b5e2fe7453d2aac90bee003816065abc302d00f27b4bdfa3486b6e066d935136a736547425ece9d62bba1cf70b01e02a3194bac90bef2d8866c9bac03b8fc39246396f6064ea3a19ef099302f37e60b3f74d380e430d4c783a8e0392a6d871a59a15f50deca6c212cd771c82771543de97ca82bf1ca58962d35d7f1a2064806ceabe756dc9c1e92ed65cf3b275d6c868c6c380d140454bce8cca25bc4ca3f97f5ce9415428b82a437f169c0d79e73b736126665c8b7b365e81b70ae619d4baf58ba4a6c92ffd940d1f56750e812ac72605715f143cd14eebef4a96e7ea988f16c7fcb680e6a31536afab67cc675ef683e5331fad9ef1b22c97455ed78a644850d80404e9cff27e2dc9bbcf8f186e9c7b6aae9c827c2c7e41b5482815ffe6ba9f4490878a82beac3e5c5d31317b5abd95f75da2427520b80cf08ea468c8bb2e290f3272f830062a1e97032150e9b885a81b869885136c93232b883a6a3b12c48924cfd3645b439d59cb142501630aee9bb79d7e9727e667737b9f4fed999fcded7d3eb5677e36b7f7f9d49ef9d9dcdee79f9b9fcdedb1e91e2b9a943e00ac6cddd7c7c91b7c322e938ad09a0860b20c5bf772ba33aca3815a1b7bb6297430561d00f96b4aa29301812f118e952f1bd285d5c3e685bbd8676bb541d38ade860b18ee2e5388cba509b48e2e65001a0fda3a45c6d791c8ae6b35a1b1d3a719a31410cd58e08eaaa90c5c7b6a35dcfbbc19bd0e74e3cc2b1e031e1a9cc3b6a8b53d480b3f1cc5602661bc2b0eb6e6dd4acbf7d64bc1f0a75e049d196d55ca0a999e17e2407115cd83ea5e8c0a2371922ac10814a09a459f516b25d5b4682662e97ba7b38b9750d35a282dddd66266904be7cdbadccb8345973cf0b44d4b1b93af049f7ec6c114046c19220f48145c070e0936726ff6712bc015c581b72243851f3256d94042a50447cd3daa395377556b63ca6e9a1ad8f09022be394f2aba131029f384b95f5a02a4c556433310867347f44fc60a91ae9341b452a327481171b2a9b074d7c4688ea28adb83828f924380aaae2d1dc3f1bdd12a160ea0a90e587301521406584df59c5ac78cb601724d64d82837dff2ecc76f1088debe25ee3aac338d144b27cf0ca6e7a84927101ae059d76be62196de53b58b8841340562ebb15055d31e4ec324192824630bf5e9e2acf40bf2b82120abdd5a3bab09d7f5a56e7c2b1bcddfe8c6b7b2d1fc8d6e7c2b1bcddfe84664637911860629d8b4ca6340dc07c91fe95012ab470136c67ae7803f6d5cec91be47acc0d35c6ca2d2eeed4f2250103420e41e346ca54592f7ddcde1137639683aee5e267570c16c01ceedac31a0d889e56128a7e19835a7b088a4416900f467f44049520350cad1da5e71338186cb36e13a9aca4586f874d7a978ad570f16c85ab86dcf752ee3b4f86c00095ae2ac65a301ae5a41339cc8c44e853b5923d0051d32b03eb227d34d889016a34c448a2b0f236faf952d6b6a4a43b7aaf06b076424174d22c82177d3498805da0e56842cb5222905ad2f937deb0989b20dc4a055528c226b12b83b8c182786555bb4eae6381b659f384624a15a86970f36d2330aa282594c34ef94cd1aa00c483262973b2aae57b73481cda7b4c95d6e254db8f87e51c6bd6626708ee007bd9d9d4557ce668a84e544376d4bee354b1a138c01c6adf2801560ef784252b546cbeae3ded07643d207cd85e443b15a031d5a46294539a435d18c9c1b9fca1512dd86e9a32683f33559ca3452d8d0047b86d51f6a4ef74852365aedafe924927840232a7c6b75564514fbc130dd6cf85f06849b5525cf481e11875a769b65095c008ea06c3a94220c9e4a4f8fc55c15ecdf44da893768b27e6a1ed404327f02833233e40751be938a50cb31a1383391c298a9c9a5a3df75e77d5d9d98d33a492b951af59371b6343bc3ec9a442b789194b4840df98e135ef4aaf1146110c58ecdc85de7ba7a8053c35dc8a6197f07b0f035e0de95a93361d40041224cdf2dfc007cdc9c995e1e7a5611c569773987d601129d0bbbadd0856a4746c887d4c64c07b50b1c473f302539c372c14623d71fed46c3682a1607927b2c921950203621d2a971674b6535a8bac9d6ebd91b86c398d63c548af0799866fde552b12681eeae4ead2bf58d0e0419144780f9c4a6557b141af80112c463370a813fa107c8706c434cf6d4a403e118d409a265400e356afd3fbdca01f1731b214308b7d79311d4e59e7aa0897e45658f050068dd081a14d79a7be8898b239234adcb2d091e9bc7c044e28216de79aa1e3928220574134ffa03e8f6749f3c5856fd935dd14d90d8b3a6a043f17a888c364410681964c62153a133039354e4d06ab8bb520792f4b73c0cc048d55b12191d1a9154e9b10a7c71d462b7906c267c4b529b1814fa20370933aac86ab255774437e15a263d566882d8baa78e121b19d5a7c5bc5a6cc3b5ed42351fbd51c0ac214081c950292b4dc43ca110eb169a36208a10908cb5148f625d54737371077452d0b2466091f0e28c91d4e32e25a7335ad5183d1272c4a82758e80dc43e723f6c6a1e1aaf190071770d12d2d0d7a9aa81530eb56313a54b1d10dc0982cb486d01d85ac9d0505c0b07c6726a35234e1b0543a638b5c31d02f9984f4bf5532c1b6d02c366ad549f1baaa09336c5db9c37c3cdd21b74e3b5401b12267828037e97161fb70de7bab893f7e3a181301f066c206ae2c90f8719e135dd5b8266319b28324db5720e0eb3f58c90bdb3170373e671f25ab754740bade6a4392e50c5532ef41a563471586808b1097a31a6174655895340c051d00a0ba07780bf2832c17bd244bb6f74d5a80518e4b0e6babb0d96da7f7e0ae2eda312bf1ea7783c4d619e8f53fc7a52e25f3e18633e7d7e2566ad6d4a5a341c26dda347139c97b0ab2b472a03a65c927f47eb8bc1ec9183e497967a6a89b4d644e924e3b10cc5af48c8693794831652cb0450bf74e3d6d135a5ba740737985b229cbdd0b498523dacd19305ef9167701a0dcaa9207510602dad489b68774872d968297d806de45d75699b7a9f4e0f296212e47db47e76810c1391e44e26bf9da0519a68be8ad800dfdb2d2d3d87e8b4003cf59810ec6013d65b53555837e08dc15b4695d1cdd871ca5ad45674cf3649a7151001d7096d6bc808598cbbd5d273418c66c166e0138c56cc7015aa1cdb167027834e57ad4836d018e2315c12fd05a2e11c5cc5a80ea2a9658ce0f0bc5694bd69f2100000a8b76b320638b7d256d0909ecfa2271a20126e4e204464192743452046f538177d0ec56ca20afe6be12f0ecc564de36645150cc7250325f531477d2b816851f5abea2e60ee0e3502d426cd827b3d10dd50e170954fd5c1278e886879b49e689dc88d018180df54002846d08ae4dbc01644babffa7114e850dd40a738adf4bed7b9e440382f95807b80f68e1e3b814a101c160ab2b9a1ac709187eaa3d71c7651cfac910a3d4c96d093a5743dedb0913699e0f2bd11d8c4077930b663d7838fd8b63aef3d4eb489ee42c0316b13a922e387fe9bbaf7ef3d752b4dd074fb0099040ce54071c296b89ccbb25c034292c648b6876076b5388ff8bd27a8bec005f33930fc0c17cc779f98fbab07e1befbaa9918f3dd27e63e7960eee89ebef92ffc3d3f528afaee4f00000183694343504943432070726f66696c650000789c7d913d48c35014854f53a52215078b888864a84e1644451cb50a45a8106a85561d4c5efa074d1a92141747c1b5e0e0cf62d5c1c5595707574110fc0171727452749112ef4b0a2d62bce1918ff3ee39bc771f20d4cb4cb33ac6014db7cd54222e66b2ab62e81501f4bbdfb0cc2c634e9292f0adaf7beaa6ba8bf12cffbe3fab47cd590c0888c4b3cc306de20de2e94ddbe0bc4f1c614559253e271e33e980c48f5c573c7ee35c7059e09911339d9a278e108b853656da98154d8d788a38aa6a3ae50b198f55ce5b9cb5729535cfc96f18cee92bcb5ca735840416b104092214545142193662f4d749b190a2fdb88f7fd0f54be452c8550223c7022ad020bb7ef037f83d5b2b3f39e12585e340e78be37c8c00a15da051739cef63c7699c00c167e04a6ff92b7560e693f45a4b8b1e01bddbc0c5754b53f680cb1d60e0c9904dd99582b4847c1e783fa367ca027db740f79a37b7e63e4e1f8034cd2a79031c1c02a305ca5ef7b97757fbdcfeed69ceef075c8c729e71e8676d00000006624b474400ff00ff00ffa0bda793000000097048597300002e2300002e230178a53f760000000774494d4507e40116161801e4a4a5ca000020004944415478daecbd797c1ce595effd7daaaaf7d6be58ab255bb665d996176c63c0842d8630908019de244c18980492c9327726dc4cde9b992cf766237393cc9b4c3ec04de64e1602044280c984252c034c82c10e3636de2daf92b5d9b26c2dad967aabaae7fda3aa4badc5c606c796c8f3e363247557575755d7f3ed73ce739e7304aea49412252525a529262184c8feaea9cba1a4a4345da480a5a4a4a480a5a4a4a4a480a5a4a4a480a5a4a4a4a480a5a4a4a4a480a5a4a4a480a5a4a4a4a480a5a4a4a4a480a5a4a4a480a5a4a4a4a480a5a4a4a4a480a5a4a4a480a5a4a4a4a480a5a4a4a4a480a5a4a4a480a5a4a4a4a480a5a4a4a4a480a5a4a4a480a5a4a4a4a480a5a4a4a4a480a5a4a4a480a5a4a4a4a480a5a4a4a4a480a5a4a4a480a5a4a4a4a480a5a4a4a4a480a5a4a4a480a5a4a4a4a480a5a4a4a480a52e819292920296929292920296929292029692929292029692929292029692929202969292929202969292929202969292920296929292d29492a12ec15b4b4ae9fd2e8438ade7a594637e9f4c428831db9d6adb93bdfe64c732d973a7739ea77addc9f63dfe984ff71a9dc9ebdfeeb1bfd5f53d9dcfe854c77faacf6bfc76677a5d94de35c0927f847d8ab7353026bb61df2974726176c667f1365f77b6017faa6bf456507d27d03dd3cfe1ad20fd56af3bddebfd56b03abd6391e7e59e9f4a1239174b4e9ba396d61fe14a68133e402925524a344d3be54d96fbbc6ddb63fe3e1dd9b6edddfc671314e74bb66d23a544d7756cdbf6066cf6d86cdbc6b66d0cc338e979d8b68daeebe7d5723ed5ebb29ff35bbd2e17be27fbfdb4402dedb30f2c21dc7b7e6a834be45c90e909ac73ace1e161868686f0fbfd1417174f78bebfbf9f542a45341a251a8d629a26994c064dd3f0fbfd2412093299cc18000683417c3e1fa9548a50283466206432196f808f8c8c8cf9269752120a851042609a26814060ccc04e2412f8fd7e745d9f14609301042093c9904aa50887c39302574a896559de7b655f6b9a26a9548a743a8d1082402030e67cb2db5996454f4f0fa15088828202344df3ce27954a914824d0340d9fcf47381c9ed4b53ed5b1a7d36942a1d098633fd9e79085655e5ede987d2412090fb6b66d130a85080402d8b6cdc8c888f7baec6727a564646484743aed5d97ec974f769becf18c8c8c100c06275cdb542ac5891327088542141515a9c1f616c09a7e2ea134c1ec033be57ce38877326f203d6e4bbd00a1479ddfdd41924c26397cf8307bf7eea5a3a303bfdf4f636323cb962d231289303030c09e3d7bd8bf7f3ff1789c9a9a1a9a9a9a48a552f4f7f7130c0699376f1e5bb76ea5b3b313dbb6b12c0b29252b57aea4a2a2824d9b36515f5f4f7d7d3dc16090b6b636dadbdbd1759d4020c0debd7b310c03bfdf8f699a241209e6cf9f8f1082818101e6cd9b47757535814080e1e1615e79e51522910873e7cea5b2b27282f536de5a1442904824387cf830fbf6ede3a28b2ea2a4a4c41b80d96de2f1381b366cc0eff7b360c102cacbcb9152b277ef5e5a5b5be9efefc7b22ca2d128353535d4d5d5515959492c16a3b3b39383070f72f8f061229108b5b5b5343434306bd62c7a7a7ad8bb772fededed64321982c120959595cc9a358bfafafa3171bec98e3d1e8f73e8d021dadbdbb9e4924b282c2c44d3342ccbf2deb3a4a484b973e7b271e3467a7a7a304d135dd7a9acac64d1a2454422110e1d3a446b6b2b83838398a68994928a8a0a1a1a1ad0759d2d5bb6303c3c8caeeb949797336bd62c229108870f1fa6a5a585fcfc7c344d2391482084a0a6a686952b57e2f7fbe9e8e860c78e1d343535515b5b4b2814229d4ed3dadaca9e3d7b686f6f271a8dd2d0d040636323151515e33e371b690e803582c07e87f7fca8c526f57c849e07429f36c37ffa01cb4a2207ff0099a38e992cfc80fdcea195bf1a199e83107e6f30f4f5f5f1d0430ff1cb5ffe92c6c64642a1104f3ffd343ff8c10f18191961e3c68ddc70c30dac59b306d334a9ababe3c48913241209366fde4c5d5d1d4545453cfcf0c3fcf8c73fe6831ffc20c16090919111aaaaaa0078fffbdfcfe73ef7393efef18fd3d0d0404b4b0b0f3cf000b5b5b5343737f3cc33cff0d8638f79477bcd35d770cb2db770ecd8311e7df451befef5af5356568661181c3a7488b56bd7d2dcdcccb7bffd6d2a2b2b27b819c964d2b3147c3e9f67416edbb68d3befbc930d1b36505858e8b973d9d7757474f0bef7bd0f80f5ebd7535e5eeefdfef9cf7f9e582cc6edb7dfcefaf5eb696c6ce4a31ffd2837de7823bb77efe6d1471fe55ffee55ff8d0873e447777377d7d7ddc79e79d7cf2939fa4b5b595c71f7f9c7befbd97bffaabbfa2bbbb1bd33459bb762d77de79279148c483562a95f25c4dc3301042108bc5d8b06103dff8c637f8ddef7ee781c3b66db66ddbc6bdf7decb4d37dd447979393ffad18f78e28927b8fefaebc9cbcbe397bffc25bffad5af686c6c64fdfaf57ce52b5fa1aeae8ee6e666d2e9348b172fc6344d868686b8edb6dbb8f9e69bbd2fb2850b1772c51557d0dedece7df7ddc7f6eddb01983163066bd6ace1820b2e60f9f2e50c0c0cf0fcf3cff399cf7c861ffce007dc78e38dd4d5d5d1d5d5c5fdf7dfcf3df7dcc3073ef00152a9144545457cf4a31fa5a2a202296d441624b6898c6f45245a91761af40048f9ce5c443b05d115c8681342cf1ff3e5ad80753682ecd2f5b9ed241c7f1c861e065903469efbe19de9b5166e5c2003ec07fd69085583f07bdfe44343437cf39bdfe4ce3befe4effeeeef282929e1d5575f45d3347efffbdff3e10f7f98f7bffffd7ced6b5f23100830383808c0c68d1b3971e2047575755896452a95e29ffff99fb9e1861b8846a3e8ba8ea6697474743077ee5cbef7bdef71f1c517535656462010209148307bf66cd6ac59c3ead5ab59b264095ffef297b9ebaebbf8f8c73f4e6161217ff8c31f181e1ef6ac859e9e1e1e7ffc71f2f3f3d9bc79336d6d6d24934902818077c6e9749acd9b37333838c8ac59b3686a6a1ae36ad5d7d77b2e51f671c330686f6fe70f7ff883b79fd6d6569a9a9a28282860686888582cc677bef31d6ebffd765e78e105befffdeff3da6bafb162c50afee33ffe83279f7c92fbeebb8febafbf9e9e9e1e9e79e6199e7aea299a9a9a304d935028c4a73ffd69bef18d6fd0d1d1c1bffffbbff3fcf3cf73d555573177ee5cef9a6cdab489743acd9c397398356bd69863afabab1b73ec524a32990c966579c0334d93af7ef5ab5c7ffdf5949494a0691a4f3ef924175e78214208f2f2f2f8fad7bfcec5175f4c2c16a3b4b4949696161e7df45156ad5ac577bffb5dfc7e3fbffffdefb9ebaebb58b26409975e7a29cb962de3de7befe581071ee09ffee99fb8f2ca2bbdfd1d3c78909ffef4a700dc73cf3d2c5fbe9c9a9a1a366edcc86f7ffb5bbef6b5af71f3cd37639a26fbf6eda3a0a0c0b38447e3351944ff4bd0ff309819f095826db91ec61905eddcb16483b91751f5630855819eaf2cac3fae532b4158c0519031c8f4bb407b9b1e2120ecb4073e292d84705cb2f7bdef7dfce4273fa1b4b494d5ab57b368d122028100c78f1f67eddab57ce52b5fa1b1b1119fcf87699ad8b6cdce9d3b191818c0300c0cc3201a8df2f2cb2f635916a150886834ca92254bf0f97cde0dfa8b5ffc82fefe7ee6cf9f4f2412211289505656e6b92eb5b5b59e2be2f3f9884422643219cf75ebefefe7f5d75fe7befbee63c3860decdebd9b2d5bb6b062c50afc7e3fc9649203070ef0e8a38ff2d4534ff1c52f7e91eaea6af2f3f3c7c4834cd3c4344d0cc3c0b22c0cc3a0adad8ddffdee777ced6b5ff3e0555a5aca35d75ce3c55e366cd8402010e0f5d75fa7acac8c193366d0d9d9c9ae5dbbf8f297bfec5997d5d5d5a4d3690e1f3eccba75eb58ba7429454545ecddbb97ad5bb7d2dfdf4f474707b1580c4dd3d0759d743acdfefdfb79e8a18758b76e1d5ffffad7a9aeaec6eff78f71152dcbc2b22c7c3e9f0732c330bce078381ce6e5975f269d4e13894478f6d967b9fbeebb696c6ca4a5a5859292125e7cf145dadbdb4924125c72c9252412098a8b8b191a1a62fbf6ed84c3613a3a3ae8eded251c0e53595989699a545454909f9f4f555515f5f5f56432197a7b7bd9b56b17e5e5e5fce637bfe1c1071fa4adad8de6e6669a9b9b59b972259ffffce7492412cc9b378fe5cb97535d5d3dfa852a724063f543a6cdf97e955d676e5c499cac4bbd00449e1b6b974cb799c269082c012208a20844147c0d1069745dc33399fa15eeb636602203e508771f520a8480b2b232eebefb6e6ebdf5565e7bed359e7efa69aebaea2a2ff6525d5d4d55551591480400bfdfeffdcc067b85101886c1810307a8a9a9211008505555452693f106dcf7bfff7d8e1c39c2dd77dfcde73ef739babbbbbd80adaeebf8fd7e82c1a0f733abfcfc7cf2f3f389c562747777f3fcf3cf73ebadb702f0d24b2f515959c9ca952bbded354d63f7eeddb4b5b5118bc53c50656325c16090c2c2422fe8ad691a994c868e8e0e1e7cf041bef4a52f615916f7dc730ff3e6cde39a6bae41d775229108e9749a4422412412c1344d868787e9eeeea6abab8b9a9a1aa2d1a8771c5910efdbb78fa54b9712894478f2c927292828c0344d82c120b7df7e3b1515151886412a954208c1860d1bd8bb772ff1787cc2ec5e2814a2b0b0d0bb3e86618c711d8510e8ba4e5f5f1ff1781c9fcf47757535c964d2b34443a1101d1d1d0821c864322c5bb60c4dd3884422747575f1c0030f9097978710822f7de94b343535515454c4e0e0207ebf9f6834eadd033e9f8f03070eb061c306128904a9540ad33479e38d3798376f1ecdcdcddc75d75dac5ab58a37de7883d6d656a4941886415d5d9dc72967224f87f072b0ff06ac0ce8a1339f351441308f22330710d6800b2c5d01ebdccd9d0f80184006de8b285b0b46e80cfd7a91033801c13aa408389fa3706220814080f9f3e753525242381ce6b1c71ee3965b6ee1873ffc217d7d7d0c0d0d71e0c00182c120c160d09b494ba7d3f8fd7e6ffa3e93c9b07cf9722eb8e00282c120c5c5c5e4e5e5914aa588c7e3ac5ebdda0b7c7ff6b39f05e0d39ffe34994c06c330304d93cece4ecfc5c95a427ebf9f5028446b6b2b3b76ec00e085175ee0e8d1a36cdbb68d79f3e6118bc5282929211008505d5dcd6db7ddc69a356b58be7c39e17078cc74ba6559d8b6edcdd8d9b64d6b6b2b070f1e04e08d37de20168b0170fcf8712f5ee7f7fb9933670eab56ada2a8a888175f7c9103070eb064c912f2f3f3e9eaea6260608040208061181c397284dede5e962e5d8acfe72393c9505252426969290f3ffc30d75d771d73e6ccf1ac4f9fcf474d4d0d9ffdec6719181860e1c2851e18b2338dd9098decb1a752296f8223fb2f9d4eb374e95256ae5c49797939fbf6ede377bffb1d894482eaea6a6cdb66e1c285343535313c3c4c797939b1588c542a856118cc983183fdfbf7333838c815575c414545c59859caeeee6ecfb2b32c8b9d3b77f2f39fff9c9292129e7aea29f6eddbc7ba75eba8aeaea6a9a98979f3e6118d46292828e0fefbefe7965b6ee1e73fff39b7dd76db18c348683e64e1c588488333e9247cee33f234bf94012d04f11d3030848cb7e7604a2a609d83794e2fae258c6a28b81ca1874ef3433cd5872bbcdd0ba171f0e0417ef4a31fb162c50a2a2a2af8b33ffb339e7bee3942a110b367cfe685175ee08b5ffc229ffad4a7bc1485fcfc7c060707292c2c249d4e639a26e974dabb31b36908d93482e1e16106060658b060019ffffce779f5d557e9eaea1a13f0ce42c434cd31393cf1789ca1a121366edcc8238f3cc265975d46341a65d1a2458442210e1e3cc8cb2fbfcc95575e49696929050505dc76db6d63921e7367dcb66eddcaaf7ffd6b2a2a2a8846a30402015e7bed355e7ae9252ebae822cff5f5fbfd6cdfbe9de79e7b8edede5eeaeaea48a55224934952a914478e1c61d1a2452c59b2840b2fbc908f7dec63b4b4b470e5955772e4c8119e7bee39344de3baebaea3b7b797d6d656eeb8e30ebef5ad6fd1dcdccc1d77dc41595919cdcdcd141515a1eb3ac5c5c5dc79e79ddeb1e6fe340c83fffaafffe289279ef0be0cc2e130030303635cc5acf596bd9ed99482783c4e3a9d26954a118944c8cfcfc7b66d92c924b1588ce3c78fb360c102bef5ad6fd1d2d2c2c5175fccc30f3fccf2e5cb59b468119aa6914c26c7587c1d1d1decdebd9b783ccecd37df4c7e7e3e4b972e65f7eedd6cdab48979f3e6d1dada4a515111b5b5b5ac5ab58a679f7d96542a452a951a8d3d4a09c240849b10cc7f47f7b6b441c45f07199fb676cabb60698e85906920c4d94a82cb0e065dd7696f6f67fdfaf5141414904ea779ef7bdfcb25975c42515111cb972fe78b5ffc22dff9ce77d8b66d1b37dd741337de7823858585d4d5d5110e87090683844221eebbef3e2f452193c9f0f77ffff7d4d6d6525656866559e4e5e5118944f8c77ffc47befbddef0278f129bfdfcf8a152b3cd7337b6cb66dd3d7d7c7f6eddbb9e69a6bb8edb6db282d2d251c0eb363c70ebef4a52f79c1efd2d2d2317954b93943d9dc27802f7ce10b545757535d5d4d717131cf3df71c5ffdea57b9faeaab993d7b363e9f8f2d5bb6f0ecb3cff2e69b6f525555457575353ffad18f686f6f67f3e6cdac59b386ebaebb8e993367f2b18f7d8c929212fee11ffe81f5ebd7b36edd3aaebdf65a6ebffd769a9b9bd9bc7933966579d6d7dab56b01b8e38e3b58b162056bd6aca1a8a86842426e16dac160d07337bff0852f909797c7dcb97359b264098b172fa6a6a606bfdf8f61184422111e78e00176eedc497171312fbef8228f3efa2873e7ce65e7ce9df4f7f7f3ed6f7f9b952b57323030c0b5d75ecbfcf9f39933670e6fbef926420856ac58c1cb2fbfcc55575dc5d34f3f4d41410185858514171753575787cfe7c3b22c76efdecdd6ad5bf9c94f7ec20d37dc402693c1e7f3f1eaabaff2b9cf7d8e55ab56b163c70edadada8844223cf3cc337ce6339f61d1a2451e5473bf54c43bbab7ed9c9898c974cc701fef174df1c4d19c59c2f409e4e17f84817f739e2afa1f88baff177cc5eecc9f7c7b976192755fb1588c6ddbb671fcf871464646f0fbfd545757b37cf972028100434343bcf9e69b1c3b768c743a4d515111757575de6bfd7e3fb367cf66d7ae5d1c3d7ad4dbb76ddb2c58b080b2b232b66fdf4e434303353535e8ba4e6b6b2b870f1fa6b2b292c6c646344d63efdebd747777535252c2a2458b00387cf830070f1ea4a2a28263c78e515c5cccc2850bbd5485818101b66edd8a6ddb2c59b2849292122ccb9a90b8288420954ad1ddddcdeeddbb49a7d313124ee7cc99c3ecd9b33d60f6f5f571e8d021e2f1384545450c0d0dd1dbdbeb0db2caca4aeaebeba9acac2493c9d0dada4a4b4b0bc3c3c39e6b356bd62c6a6b6be9eeeea6adad0dc33058b162059aa6d1d9d9c9d6ad5b292c2c64f1e2c59ec5333e09369b62d0d9d9c9eeddbb3d173c1b60afaaaa22168b919f9f4f7d7dbdf75966670e43a1104b962ca1a8a888c3870f73f8f0618687873d18e6e7e7535d5d8d611874757571e18517128944181a1a62fdfaf500deb5ddb16307fdfdfd5e1ed5eeddbbe9e9e9a1b1b1919933677ac77cf4e851b66edd4a696929232323f4f7f7138fc70987c3cc9c399359b366515c5c3c49d2af1c1d07b9aede69b98416081f72703df4fc08069e06fa11553f85f2abc15f33a5d31aa661a6fba980f50544dd17c0a7b28473e350d960f3d994699a5e40fb4c2cd5937eefbfc532a62c60a7eaa2e0c9966ee55a7fb959fed9733d9de546677789959bc62074e4e006e8f95718f80d30302d81f52eacd670f6a66ac7af69cb5d4336fe86cd8d379de95ac2b71ac4a7aa92307ef1adaeeb13b2d4cfc675c805d5c9066aee39646725b3db8e5f4b984d003dd97be5bac467038e273bcedc99d233b916b9b3ab27fb9cb27f6741957b2d26db3ef7ba29bd6b63587f54b28fb979b27fe7dee4e307ca3b05c464af3f554587d379fe6c5c87f17f9f6adf935d8ff18f9ded637e3baf7b3b0bce4ff7bc4fe7ef935d2b2505acb33a58cff4a6fc630fbce97ecda6ca714eb5eba43451caf654525252c05252525252c052525252c05252525252c05252525252c052525252c05252525252c05252525252c052525252c05252525252c05252525252c052525252c05252525252c05252525252c052525252c05252525252c05252525252c052525252c0525252523a0f5235dd95de55ca76a23959d7bad3eb9273f63a2f29296029299d1456b9ff268352eee393424bba0d4b050a5a0a584a4a670f4ed93e7ed9765d67dab6cbe98fe8f4e7159a70dac18bdc96f06e1352e74d501114052c25a5338654b63fe4f846aba9648a81810106633186878749a7d398a6896d3beea1cf67108d46282d2d65c68c19637a4e5ab60df6089a3580101ad23f03810622f73dec9c06c90a5e0a584a4aa780158c7683b62c9b783ccef0709c542a452a95a2f7582fdd478ed07de408bdc78e138bc518194990c9980801914898eaea0ae6ce9d4b434303050505141414909f5f40301840a22313c790a94e843e037c85e08b801e41ea1184f0e5788953b7b5bb029692d279865536f6645916a9548ae3c74fd0b2a7854d9b36f1caba75bcf0c27367bcdf4b2fbd8c5b6ef930975d7619f3e73762f882482d8c4c1c401bf8dfa01b10b90ca22b91e126f05781169cc4ed54d052c052fa939765d908019aa62184606828cea64d9b78f5d5f5ecdbb78723478ed0dddd4d6b5bdb49f6a0bb3011a32e1d96f7ec6bafbd4a7f7f1f2fbdf4122b57aee4e69b3fc8ac59b3f1557f944c6016fa917b103ddf84136b10816a64b81ef29721a34b11813a77af12a4e5ba880a5c0a584a7fb21695ae3b71a2582cc6d6addbd8b76f1fafbfbe91c71fff0d03033d93c0c9e742431b6305657f1dcd7490489941ca34bb76ed64d7ae9dac5fbf814422c19aabdfc7a285f3292ebd02530a444f05daf0c3608348cf8091ab90e1fdc8e842c86b84400d42f847df40cd2e2a6029fd69c1ca818c209331e9ebebe3cd37dfe481071ee091471eced952438810c20d8a3bafb373f2afb2b954126732d14d57f02066a0690184d030cd243d3d47f8c637bece91ce0e3efc17b772f1ea4b08145f82b04790f676843908661a328f20461e41c61721939f86fc0b213c1be12b72c92851795c0a584a7f42c0726095a1a3a38b5ffce221fed7fffa9fa337ac110574a4b4b12c0b29cd31af1f4d6f709d401bd70dccfeb33d63c8b2b2d650004d2bc0b613fcf8673f2399491108e8ac5c7519c1a29598a95bd07b7f08463150097612913c813cf23710bb1259fc11285d8b300a9d59c56cae84920296d2bb57a669621806f1789c2d5bb6f2c0033fe7e9a79ff25c3e210258967421956b4981103abaae23a5c4b25240ea74110924b1eda4f7c8430f3d8c6d41c39c46aaaae6a097fc3932f61b44e600500e9a1f4411823024f6c3d1fb91c37b90e51f46441722b40848d34d8950e052c0527a57ba818661d0d7d7cf962d6ff2f8e38ff1939ffcd871feb408a021a53d61c98d103a9a26b0ac34a6191fb7e73c6eb8610d8d8d73a9a9a9a6b8b884482482dfeff7661c474646e8efefe7e8d1a3ecdf7f800d1b36d3daba87871f7998f7ae792fd75e772355e55598d1ebd1079e42d8ad402d081b64c809b69b1b1083af214d892cbd160a97218cb271aea9920296d2bbc605b46d9b919111366fdecca38ffe8a9ffce4df0008040a304d896565c60d7cc7ed93d2c2b212dea3d75fff019a9ae6535b5b4b717109c5c5c5949414535c5c445e5e3ea15010c3f02184330b994aa588c7e30c0cf4d3db7b9cb56b6fe4e8d11e0e1cd8cfce1dbbb970d56aaa2a6623f32f81f86e486d06aadd0c78015a08c422b00661e0fb60f72265128a2e755c4434052d052ca5771bb052a9149b366de6c1071fe4c1071f40d3c2689a8f74da424a6bcc8017eef219e7f104c5c525cc9f3f9f254b1673e9a597b16cd95266cf9e45201078cbf7cfcb8b525a5a02d4798f2593495a5af6d27bec1805f951c0871e6d82402da4013b0dc2e78048661c281985083d02f1879099e3485250b4068c22848a692960294d7fd9b68da669a492290eec3fc8fffdd77fe5915f3eecba8106969571531146d7f6656355a639e8ede7939ffc147ffee73731674e03c16010c330300c2367ada0780b5e48a41c85a7dfef67e1c205d8f3e7a31b3a12d00333b003c5c82110e609075e32e386d05c70091d8c0684b913d9f56fd8041045173beea1cad552c0529ade9655361ed5ded1c1af7ef59807ab40a090743ae33e3f3ac035cdc0efd749260700b8f5d6bfe4965b3e4c73f362cacaca08874313de673250e5e66865df23773b21043e9fcf49ebf21ef441d16590fe6f30702f9851d0a2eeaca09b8c2a6d1061c042a4ff137acb408b208b2f4688908a692960294d575881b32ef0f8f113bcfefa46be79f7d701f0f9f2314d1b998d117910d1d034413239407ddd2c6eba692defbbf67d5c7ae9a5442211cf62cb5a49d905d26fa5b109a6628cf5977dcc795822a28b90b685146144ec7e6726907c9ca4551b6f71b4c803a30931f430d2a841fa0b1079cbc9e685292960294d53bdf8e28bfce007f7ba16541656d63837d0095c9b660c805b6eb9859b6fbe990b962f43d3342ccb3a6d409dae26ee4b22f44228ba0c19a846ca1388a157c08e835e381a84c776f3b07ca0d72386be83d43464b001e12bcc8196b2b2ded6e7a22e81d2b98e5b0921304d9396967dbcf1c666de78630360e4a42d8cb5ac0c4347ca6100fee99fbec35f7ce4232c5db604e95a54baae9f55589d74a8480b814084eaa0f62bc8821b41b483390862dc77bf3441cf7796f4c4ff803cf184b35dd6755452c0529a3e4a2653bcf0c20bbcf2ca2b00f8fd11d7ad1aeb32e9ba412613231229e08e3b3ec135d7aca1b1711e866120b4737cfb0a01d246081f22341366fc25b2f0abc06167e690dc227fee796873c0dc07271e47260e23657a341b5e49014b696a5b579aa6619a26ddddddfcecfefbd9b4e975c0e766b08f77cb04a6e964a05f7ef97bf88bbfb88579f3e61108f8314dd3abe2704e874b165a08c86b46165f8d8cde02760c48e714f6136eb67bc8b1be869f470e6e44a68fba2893a878960296d21455eeace0d1a33dac5bf72a47babb5c2b2a886559b95bbb068d0ea49839b3812baeb8822baeb88c6834e22de1393f72cb284b138186c89b8f2cbb1da997821c74670cc598cd115184a88281ff03f103ea6650c0529aeaca0d8a1f3b768c9ffdec7e8e1f3feec26cecec99404313022933007cfa539fe0431ffca0576d747c69e4f3032d1d212d84518cc85b8a2cbc124431d80363cb2a67531eb442486c855fe771080000200049444154f85e64ba7bb476bc720d15b094a62eb4e2f161dadada58bf7e1d96054284dd1486b1dbd9d2c4b613d4d5cf63c1c285ccacab1d93b63005ce0684700c285f31a2e46664e04290dd9304d50568064202236f407c47ce530a580a584a53d61ddcbf6f1f5bdfdcea3ee3c75962634f18dfd96a0b9ff8f8c7983367ce1481d4e4c347687e44741984172275c01e6642f01d40cc40a49e81a1ad60a7724f5649014b692a026bebb6eddcfff35fe6b8766307aca669d876dafbfbca2b2e67f6ec599ee535054f0e10083d0ad106087c0069b58e5b86e39651d60ac0ec4124da91e9636ee2a99bbba5a480a534456e323776353414a7bbbb8b8e8e7d1ec826ce9469401abf3fcc75d7dd48456505c160c04b0e9dbad002116942842f750b8fdae32c2809c2ef9c6eaa1b39b2076927c6bc5e49014be93c2bbbc4c5344d5a5bdbe8ecec72c771688ce59533fa0158b66c316bd77e80fcfcfc518f6a2ac22ab7c745b01a82b39d953a32ed9e4bce10131a9007d65148ec022b9993e2a0a480a5346580954ea7d9b17d076d6e871b5df34d3afa6ddb99199c397326175f7c11d168648c95363589e542472b007f19f8e6bbc0b227aebe1685609f80c41eb0926a182a60294da9e1ec0ed84c26c3ce9d3b38b07fbf0b2031cebacaa63d3883b8b2b28ad9b367130c06a7ae7535c630746bc5fb0a9081a54e3179694db41e4510441c91dc07e6708ee5a5ac2c052ca5f33b86dd757ee014c5dbb3670f070eee772daff1601bb5a21a1ae6505f5f87dfef1b63a54df1b375bc432388f0cf76879639fe8200064889cc748019039952378a0296d254011680695a0c0c0c72e850abfb8c6f622a43d6020156adba8886863953dfaa9acca2d482e0ab7017439be32c27b7f2a8f081750ccc3eb047d48da280a534556005108fc7e9ececa2e7d831d79af28f0396702d29c7859a3d7b36f5f5f5d30c58eeb16a7e308a40f34db4b0bcb23286635999c711d648ce73ca2d54c0523aefd0eaebeb63fbf66da452232eb0b431401bed21e8b847959595545454b8c092d30b5cc2077adea885357e165408b75a8306d67164d6c252a90d0a584a5343b1d820afbfbe89542a39f918f73a263b16c98c19656e6388e9328e73721b3403a1851d2bca7309c51897d719761ad21c044bc5b0ce44aae2a8d21f6f18bb96d1c8c8088f3df64b37a86e4c3ae0b31d9c9b17aea0a0a0d0ed3578f62b89fef14f5a476a7e67e6efa485fa04a03b4b78a4a96e146561294d05575008816dd90c0ec65c97cff98e9c3c59d4598e73c9ea55141414b8db4fa3252b227b26c281d52953159c427f42a61013521f9414b094ce31b17027c4049d9d5db4b5b6b94ff8186d2c3a2adb1efd7bf192859494143b37e7392fd07716b8e5f40b73cef194717427ed41aa75840a584ae79b57ce7f001d1d9decdf7fc005900f21c4b880bb0046ad8c450b175231a362fa01cb3b25db29972c6d27b82e989c5ad276dc42350415b094a68e8bd4d5ddc58e1dbb3c008dafcee000c97107fd81326654cc201c09e73c37ad68e5c4a4ec113736659c7c7b61b9e5937575af2860299d7f5e096cdbe6d8b11e5e7ce9b99302c879cc460883abd75c32a6c7e0f4f38341da69a7bebb9dc1298e254eb2ad057a0142f3ab9b45014be9bc0d5b29bd59bd586c88dede5eef3907426333bf9df2c8b060c17c56acb800c3f079fb998ec042a69166bfdbbade97d394c2353b65d61d34412f012da46e1a052ca5f3092c70cac91c3bd6cb891327dc67026e89e3f17ea3f340555515cb962d23149a268b9d4f262b85c8f438c09ae01266cf37e32490fa668011cd9a9aeae651c0523a5f4aa733b4b6b6d2d3d30380aefb2614ec1342f3cac99494944cafea0c9338c10ea947207dc8add53e590ccb7680a59782af04a987c7be5e49014be9dc5b58994c9a5dbb76d2d1d1eec169fc0077a0947481554a4545053edf748be9b800169ae3ed658690a92d0e80c67783f666442518b560143a81f7f1d05352c0523a4776866b1999a6c9b66ddbd9b4698b0bb2896357d34607e88c1933c8cfcff3ea644d4b0bcb8a21d2c710e9bdce22e8096dbc3427184f00020d60e4339a97a660a580a574ceadab6cc03d954ab367cf5ecfe5cb4d0e1dafd5abafa0aaaa1ac3d091524eb319c29cf34a7742f29063446901263698102063400922bc08f4a0bb0b953caa80a574de944aa5387af428adad87dd470293d6bfcaba8ff3e737525b5b3b7d03edae7524470e22136fb80c9b6c68d9c009d02b20d40c7a50d9550a584ae7cbbaca02e8c48913ecdebd9be1e198fbacc1d860bb334c2dcb59f8dbd0504f5d5daddb15876959074bca14c4f721928f8156c7c4d65dc2c9801720fdd5109e8fd0436a182a60299d2f655db9bebe7eb66cd94626e304d427afb620c9364b9d3973263367ce744125a6d1721ccb75f39230bc1d11dfeb5494d1a3ae9b2747612534b0e3a0eb88701d8466396dbfb255489514b094ce8f86878759bffe752ccb3aa955e2b8880ee08a0a8b08858253ac15fd5bd2cafbbf6d26907dcf426a0b888271cb6db2a91c1ad85d10f810326fc1e836aa709f0296d279ba99bc0cf741366e5ce7ba4b810903dd0192138c7fef55d7925f90efb995d3c89e74a0630d437c0f0c3c0d722f68954c08b4239cb65f1ac8f0854e5bfb6c12a9b2ae14b094ceb1ade18246d334fafb073876acd77d5c03f4092072fe76acaf4b56afa2b0b070ba9df1a8b7973804fd4f41ea3050eed472cf9d60c8d6c5b262c8c002882c80405d4eb05d014b014be9bc000be0c891a3b4b7773a4351f873ca1f8f77071d2d5dba98f2f23277fb693078a5eda64de9d89923c8814d88feff8dd08b9c9e837292603b1990bd50703b44668eee4749014be9fcaaabab938307b3f5aff409407332de47635b3367d6535454ec016b4a434b5a6e355181b406e1d80bd0f72bc70314be5157d13b59dd4914b58f41b00e5170152234cbb1a98450d6950296d2f95216345d5d5d6cddbaf5a4169313e772660757ac58457171113edf74682d20bd40b934fb907deba0ef7144ea79d0169cecaa80dd02da3c28fe5b08cf4688800b3505abb723d58442e99d7febb9c176cbb2e8e939cae6cd9b5ccbea248318a8a8a862d9b2a584c34e2e926ddb53b8d9845bf65848a43900836fc291bf41a4da416b04cd70ab33e45a4d1ad8234801842f41945c8bf0e54db80e4a0a584ae77228bb6908524a8686e29c38d1ef0dd889e564dcc10fd4d5cda4b979313e9f6fea022b9b4be5369590e94ee4f117e1d8f7111901fa42b73b4e661c80dcde83990310fd30945e8e08ce76fb11dae36a64292960299d73a5d3695a5b5b39e675770e4e524e4620dd2e316565e5cc9d3b07bf3f7052f7f1bc5852596b2a9bec49368bfd4d38f11a62f045c86c07bd29076a397d0785cf897565ba9101a0e46644d1d5a8340605ac3f457be624bfbf93412026b59a725b759d4a9665611806c964925dbb76d3dddde5bece408eb33c84105e77e7b2b25266cd9a85dfef1ff3be6ffb2cc61ca77c9bd7c1fd97dd951d47a6fb90c30761e0b788c1fbc13a0e5a93533a46baa562b22f10865bd3fd2852ef83d21f220a2f42e8d1d1ac78e50a2a60fd49814ae65802674339033d0b8c5c609d8e4b0890c964d8b2652b070e1c1cbf5b0f28b909a3e5e5e5545555e2f7fbbc253d670e2cc1646b144fcd2c798a6b20419a4eda859d86915dc8811761e05f21d109463d1895eea6e63800099002ec5ea456832cfc045ae9fb11c19a51b752c14a01eb5d0d28297132aa9dc69ba3dffe67f3c6b7414a6c1b6c29310ce38cdcb36cdc494ac99e3d2db4b61ecc390731a91554945f4d6545159148f82ca43288c91f1367b2bd7bc5ed6148b622e35b61e84dc4700b22d306d200ffc29c7aece3cf4d736356dd48bd1759f8d7889abf057fe959b2829514b0a69cec9c71a0e57cf36b39d64cd259406b27c14a8095043be15803760630116f95902834e7bdac0cd236b18d42b4e842347f99534a4e4a8e1f3f414f4f0ffdfd03c4e3436432696c5b4eb09aa41b92d1759da3478fd2d2b2d7bbad26ab7f9535a056ac5a4c3014e6e8d11e84a6615bf6db8296a6094cd3c4e7338846a384c3618490483b81b0e3387dff1c1c792bffa4e5ba6d2967598d19436606213d8848f743aa1d916e81cc1b4efe9498015abe633d8db76c85e67c3e760232fb917ea0e45e44e975087f194215e753c07af75952eec258b4b1f7b59d002b0666c2691d650e83d90fe6009831b0e2482b86b00691761c64022193ee8c953cb9fb277590fdd8c244869ad14b6e446a1ab1a1618e7477d1d77782f6f60e0e1e6ca5a3a383eeee2efafbfbc964326e8550e798a514480986a1914ea7e9ef1fa4aded20e0c769476f4f701db3ae5f2a9de250eb415e7ae965d7689167384338ba14289118a1bcbc8c050b16326b76035aaa1b7b68377ae6b8b34c06e1e10aa49bc89972520eac3e308f40a615d29bc03c319af729aa419fe72684cab1f1aaec2c9fb4c03e002421742d94fc3f507c255a68d63b88a52929604d696649b761810db6f3ed2fad114875c0c84e48ee43a6f641fa00c26c719a745aaea73889b32199b81466d41ab0c002a9cd46e65f8f8c5c4eda3f9f81810c3bb76de7a73fbd9f5f3cfcc03b3899e018ab66e2a9da685a94577eff32affcfee5b37609efbaeb73cc9c59e7cc40c63623bb3f864cf58ddedd39555e18d7694c48f7b8b5221073c1f0bb09a2d25d86638e7335c528ace40052d4437015945c81285d8b300a472d669597ad80f5aeb0aabc6973275f47ca0ca48fc0c82e18da0c2387207504ac3e9071844cb903a002340d74f71fda69e6f4180eac640cdb380ce5ff13bde26ad067f0ec732ff2ecb3cff19ffff92cbdbd27c6bdc68770b3bb8598bc2ebbe3160ad7ea7aeb60bd636505710a47996ff31aba4071cda18b2f5ecd9225cd58c936ecd82eb4741f180d6e8e14a3ede205a08fc60345d6a5cb423d1b9f9a34afcadd5666c0ee47dadd8e3159f4dfa0f85a44a41921720b152a582960bd1b40955d8b068ecb37bc0b39dc8a186985e47e48bf09f67677a01500f96ea137dfe8a061fc6cd8a920e15a56f60ea4be1859f12b8ccaf73210d3f8cf179ee499a79fe5e73fffb771db07dcc13c6aad4dc62129c7ff3c5d1748735d47ff5b5f330f8e1a426818ba4e3a33e4c1ea978f3cc295575d891012d1f73262f82537f41771ac236f926212ab73c28c6b966eb95f042ec0ac18d81dce23816ac8fb02145e87083780bf18a1f9c6ed4349016b5ac7aa184d44344f20933d8e2515fb4f187e12d26dee12b362d01a9c260642cf196c72a2a735e9381413e160ee411a17220bff1c63c6950cc40cfef08737f8fc67ff9af6eee300f8fd85d876ae95244fbbb69c3cc3ca03c23b4e715adb65bd30cbca90b6870058b674197ffdc94f72d9955753569a873db805d1ff1b44e625274f6a8cb32c2638cea3ae726eca88604c605e2680230e1c3520780332b412224d109d85882c4088608e0ba8f2ac14b0de2d712a004ca439841cf81df4ff1a867e81b0005109da7c277ee2b926b61be89d7428e7b82aee4f294f62689948d2c8c81a28ff332485ac7be545bef2e57f746165a0eb11d2e98c6389bdad0127cef87208f1d6b9644e60dfed944c1a80e29262562c5fc9fbaf7f3fb7defa97e4e54520be0b79f43b68c91d2066b935a972dd3a791a469c5ba34bbaaeaa144011526f005f2504eb21bf1991bf0a82b301cdf534ddf350cb6d14b0a6bf55e540440a0dac41e4d09bd0fb84b3ccc3ea4688d9e00be500c71ce752887109876e10d836dd6d33eee032ddc166b971217b7476cb1cc68e2c432fbe182bb08057d6bdc673cf3ec5b66d5b3da059d6e03b3e5b21a2a76169092ff6e4305c9ce4bad92e3c2702fbf6db6ee7831ffc10ab2eba085d13d803af40cf8368b157402b76d7eb991341e52d13b247c1244d9029907120e57c0c1ae0ab43f89b90a125105e82882c82c01cd074d07404c25d132854991805ac77910b88e67c51275a90fd1b61601d22f963b0751033dd826fb9498e59d7315befdb747285e4099043de98976e9e225a14b47a77a08690c287107e9ca0b4332526ad7e28bc0d91bf0c8946674717478ff45053339b86867a2ccb3ce3b2e2d95895611820e0d8b163b4ecd905844f1eb5d2346cdb24dbe9f94c74cb2d7fc1ead5ab59b66c195555d59497e5a3cba3d83daf218f3f8e187ed43d876313ed3e39eaed899cd5374e264919e8f390be3af0d523fcf5085f05f8ca10fe123042a0471046c4f9acdebe51a9a480359561e5b67eb2539068471e7f1a067e8648ee06bd0eb43c7706cbcd4f90d95c2cddf9db4e82ec034e38bbf2ad0463361835e09b01be62a41e45687ea7b48966781505c65864d2b1a044a811fc156896cd82054d94947e828fdd616218c6db5ebf97add070e0c0015e7ded355af6ecf21e9bb89d8d6dc7011f77dcf1716a6b6b08068398990c0831c6ab1542e0f7fb0987c3e4e7e7110a85292d2da5a6a686baba996e758714d6503b24f7237c73a0e86ed0f593d4b3712b2708c3b13ab580f34f0f3aaea3ee07238430f2c1570c7a3e42cf03e11fc7a4eca4891b1754c452c07a77c0ca0674a49d80780bf2c83720f66b842c007fb33b32cd9cc5b0395fd7c29d9192191075e05b0dc11a08cf766228c15af057227ca52042a7f5652f721c315d8765172c3bab67fcca2bebd8bb776f8e15658fab302a90ae8b565555c1dab56b59b0a089603048269d765222c4a8d7a66982402040341a2512894c783fcb062c0bcd5f0a656b5d00f9c6b5d5cabd008e392a309cd9562d005a90dcb483c99d3a99f3196939ee9f9202d6bb8255b6e7ce493b8e3cf10af4dc8b48ec768abc09dfc45e759e056038b114b30bc910842f87821b11f99740a8c199a2d70c2776326111ede8eca198e0927ad418f39a77da0adeb66d0cc3713b77ecd8c9af7ef59b7131aa512bd3498f70163ccf9bd7c89225cdcc9c39d339865364006497ea6433e4b36b0e754d80160219042a46cf4f9e82d813fe10132da709dbbb9f8b9202d6bbd2b2caa62cd8c3c8de17e1f86388c4b320e6e4d4fb1e978390cdbc34f7804823c3d740e147206f0922588130f21c589d968f76fa0196775a7b4ad71d689aa6494f4f0fbdbd1d39b12d3191954075f54c162c58402814f2ac29673f6fadecb29dd1e39ec4da7947eba7c55b5d502505ac775fdc4a5a4330b8197aef478cfc06b439a0bb098c5e9e8e1c75316412ec83e05b8e8c5e07859720f21782bf66ec7019d3364a9cc25a38fdf8d3db3e532911c271fd7a7b8fd3dfdf97732bd92769e9057575752c5cb8005d7726142ccb9ab42d7d6e23d553577290136286a78a279e1c480a4c0a587f72b0d29c4a0af1bdc8aebb10c96dcec2592de434d01c1f25116e634d69837e29b2e43a28598b08cfcf86eb735c4c6d4ae5f8d8b68daeeb241209f6ec69e1c89123ee33814903f8d9eecf5555952c58d04420e0ccb619863ee982e7d387e9e90047c148014b2977f8829448a12387f640cf0f11894ed01b41f3e7c02ae7db5eb80d0bac7dc8c0b588ca4f200adf03be5284978428c6b53b9f427876a1944aa5d9b56b0fdddd473cb7cdb6ad09f091d24963a8acaca0a9a99150287856dc5225052ca5b761592124a4daa17f3dc47e0aba1bb39272926d05c80cd26c81fc4f41d95a44fe72673a1de12e1399ea8988ceb19966865dbb76d2dada3629801c774ef36ab8171797505c5c8ca66963dc3e25a533915a4ff08e8dac0c72e035883deb2cb3d12278cb3c1817249609b03b91918f40e90d88a255e0cb56a59cfa35bf7303e5c3c323ecdebd93a347bb4e02f35188d5d7cfa1a26286d721e79dd46e5752c0527a5bd6956b2da58e42ffab88d43360344e6c4c90bdccd20499441a8b10336e4514ae42688539b5c1f5a97dc67234209e4ca6e8ed3dcece9d7bdc67fd934068f4eff7bce71266ce9ca940a5a480757e46af1b10378790fd4f23123b9c4a9e5ab6abef782f4a03ab05b4398819b7a315ac4418c56ef9139de9111c96de5ac1582c46474727fdfdbdae25e51bb78e5020a5f0625a4d4d0b9935ab618cbba8a4a48075aeac2be1d4ea96e9e330f802586d4e66fa646db8840e561c7490f99740f107c0281e05d9349cc9eaebeba3a5654f0e80b471d9edeef5914e85859a9a2a2a2b2b14a89414b0cebd2be8e65c99fdc8910330fc0208d34d61186f5db903d43e840cdf09c55741a066b403f034bbfc59e00c0cf4f3faeb7f187b8e13b6b3c966b8979494505090efd5d952e05252c03a67cc722d8964270cbd8ab07410799ed535f6d24ab0534ec992fcf7210a2e1ccdb39a668336378973686888a79e7ad27d2630d9d664eb575d7ae9e5141616200427695dafa4a480f5c71ab62034c7ce4a1d8791e79d16505e8df1dc4db5d1f230f9b721a2b3115a7e4e51bee96765082148a7330c0c64eb6739f1b78975b046ebad5f78e12af2f20a5cd62b5a2929609d072b6b04923d88d416378d617c8706b7c01b03483d0005ef8750cd74e5d4988ed09d9d9db4b7b7bbcff85d608d5f8e330ab0850b9a282c2c50f78c9202d6391eb6a3bfa5ba9c365c166e830826ba83320da420300711598cf09530da83707a512b5be75d4a3878f0202d2d2dce596a0613173b6b5e3999a2a232e6ce9b435151a1bbbdbadd9414b0ced5a81dfd993804e9fd6efc7d923e7c029031a71967b819e12f27bb3878baae6fcbb6f26a6d6de38d37b6b90012138b2608e1801aa8afafa7b6b6866834eae570a980bb9202d6b9b6b4d247c06c1d5b3b697c1f3bd903fa2cc85b02ba31d1089b66ee60f6f79e9e1eb66edd38e1b9b1c002f0316f5ea3574ec66975af60a5f4cea4d6129ebe8931fa6bba0fcc03204a27a190f002ebd2570be185ce42e871fb9856df6a6e25d1e3c74fd0db7b6c523739fb779661cb2f58cc05cb16e3f3f999b6b4565216d63426963bee329089817d184498b18d38b36333ed349ff0cf4004ea4104c6ee631a5a58a9549af6f6767a7b7bdd6782d836270db8d7d5d5b164c9620201ff38cb4b494901eb8fef06662d087308cc21377ee51fc72a315a984f037cc508a388e95c2c2e5b4e39954a7160ff218e1d7380a5ebbe491a4e6848e9248b56565531bfa9894060fac25a49016b7a034b9a086b08ac11f721ed242ee108429fe7b4873a9d669e53da13768e3f9d4eb16bd70ebabbbb726e9db1a91cce921c27e05e5c5c4c595999d30a0c2740afa4a480752e0d2c2ca41d073be58e517d928d349083a0d78211996c27d3eb067141934ca6d8ba7d5bce1ac2f1d6d5d89aebe565e50483c1316ea5929202d6390597043bedb6413f859b234dd04a400f8f0eee693a66855b9e7968688857d765d70f1a9374de194d71b8f1861ba9aaaa42d38497c3a5a4a48075ce4d2c39ae55d7b8ecf6dcc7b408e88169ce67e75c62b1218e1e3dcae06036e0ee9ff4dcb301f7a6a605d4d6d62aeb4a49016bfa98268169ddd72edb0f109c56f4bb76edcab1bac6ae1f146e4f78cb722ccf997533a9a8acf4b65533844a0a58e7963ea33fc7342515a7f9bae9ad13274eb069d3e6939ed728c0b21d9e2b9931a34c59574a0a58e71d5cc237f9729cf10359a6ddf2c7d3f86c5dcb28168bf1d0438fbb8f4e96a620800c42d8e4e5d552525282dfeff72c3465612929609d17034b47e811a416745025ed93400d9071b093d3d61dcc05cdd0501c187e8b5bc644d3343ef081ab88442263f6a3a4a480753e88257430f2117ad879445a93b87d6e4506ab0fac44ceeba78f95910b9a8e8e4e3a3a46cbc96417414fb6bdae1bac58b18c82820265592929609d7f134b43ea79a0e7b9572e330e46d9653a85607582393c3ab4a7d1d81d2d4c21397cb83da7f7a08fc9eb5f396b27fdfe084b972ea1b4b4c4039682969202d67951b6757c107cf9a0d53a7d0627b3b0440469b5203343a3af9b560178e981e9f0e176f6eeddef5a50135b9139795a4e39e4eaea2aeaeaeac8cfcf5716969202d6791fc3ce30067f31e873419e18c721e998275ac8e154ba1fcc0126cfdb9ac237855be7cab22c3adadb78eeb9a74fb1ad8653c9101a1be7909717f5ac33052c2505ac29e01eca4015180d39f5d9e55828693e840491ee46260e8c06dfa74110da018dd3b66b7030466757d798e7c69f42164acdcd8b59befc026feda00ab82b29609d574e09efa7083540609e6b5d4dd654c2bdace66118d989b4cd696361654133329260fffefd74b9c0d2b4b09ba630793999868606962dbb00bfdf3f5dd8aca480f5eeb6ac3c056a2038d3ad7a9c9a045880a802ab15e25b90d68833cca7818b340aac615e7b6d036d6d6d2ea78d715693539dc1b29cf3afa9a961fefcf91eb09437a8a48035658cad2004cb90818bc076f39384963bea9d5e85b21b86df84d4119029f772db53fcdc840bac111e7cf061b66e7d7352174f886cfc2a1b70afa6b6b6069fcfa7e2574a0a5853c4fe184d160dce4044ae7302ef64c66d67bb65914b10a92e185ae7d481f77ca5a9e72f65d70e6a9a46df893e766cdfc98e1dd9e538a153566758b5f23dd454d7120804b06da9eab72b29604d39d7305005d18bc0280039344912a9049c060c0cfc0639dc8e74d305a6628a83944ea30880b6b6369e7beef9d19b449ba4512c12db8dcd5d7bdd1a9a172fca0df3292929604d095809a769aad00b213c07226b8020c8e1716ea1ed64c6eb61187e09867622539d39db4c1d2b2b77294e3299a665ef3eeefb3ff7b8b08a4cea364a6961db8e3bb864493373e634b8aea0cabf5252c09a621696eb1ef90b9145d7803ec7694a41eeb2956ce2960f2880c17f83132fb88fca29358d26a5f42a8b6edebc858d1b3701a0eb51d7f2b2c758564eb26812c310ac5a7529d5d535442211b5d85949016b6a32cbb96cc2c843145c830c35b91c4b8e2b9b0c480b615423d25b11fdeb60f0bf9c9945a1e5e4719de7d311d932c8495e7ae9457ef083ef9de2f6188d5d996686bffddbbf61e6cc990a544a0a5853dbca928001810a28ba0219bc19ac7d8cc6a872d6170a032887e4eb70ecd7c891834ef919a19fa4e2c3b9b3ac2ccb4208c1f0f030bffffd2bbcf08213bbf2f9f2b16d6bc2eca0a61958561c804b56bf87152b2ea0b4b4d403968296d21f53aa91eadb1eedb8956404b27025248f21934f20640af08d750fa5055a39c85e18b8070273909a0f119ec36896fcb91de8d95aeb42082ccb62fffefdfcf7fffe3fd8b76f0780db73d09e705c9a26b06dc905172ce7a6b56ba9aaaac430742ccb9a74ada19292b2b0a6861fe582c646f86ba17039e47f14cce3801b709f10cf2a036d1ef2d86791bdcf63a7da46b73bc796566e1ac3e6cd5bf8d7fffb631756024d8bba3380628cdba8691aa6e92c33baecf2cbb9e9a6b504ddbe83cab25252c09a16aea170fe1f5d08e59fc40e9682bdc7e9ae23729b35b840d2fc924a02ab00002000494441540e06fa1f81eec7b1132daedb786e924a6ddbf6406518069b36bdc1934f3ec98f7e789fbb450039614e40baee9ed377f0f2cbdfcbaa0b5751573713dd3090eefe9494944b381d982f6d841686e802987137f2e80f11a9978185a0196e705dba40d2405b88c86c400e0c81a6234bae867003428b8c710fb3d078a7c64baefb9705cbc8c8087bf6ece1d7bffe350fffe211e76630f2b12c6b4c83090756ba6b910d0170db6d1fe1b2cbde8361186a91b39202d6f4740f9d59434aaf46a67a917d71446623884563e340d27282f0fa2284d5853cf679a4fd2528fb1044174f1ac9ca85c2a95caf89cb67c484df53a914c9648a5dbb76f1bdeffd7f3cf1c41300f8fd856432e6a4ede7755dc33463007ce2139fe2d24b57535555896559689aa6dc412505ac69e71aba5689d0f391957f0e5a00d9b31161c5402f70134edd0aa5d27262575a35c22e421ebf1b7cf32054037a91e7466641609ab6972b3506424e752e6ffbac25256536e624c600c5b66db66ddbce6f7ffb2c0f3cf020870f1f024208a191c964c6c14aba56979f4cc699155cb1621577ddf577cc9a35dbb3d814ac9414b0a625b3346f906bbe7264d93548fd97c823b7202c406b042de8424bba6ea2065a18910192ad90ea8470112048261398a645341ac530f453a19253cd30a6d3193a3a3ad8bf7f1f2d2d7bd9bd7b37ff7f7b671e1e5591eee1f7f4de4967e9ec7b421248d825100424a02c82a322e2b0288a0bb8e1f85cf7619c3b8e385ef7dd51af7a2f17d44105ae22c8a82072d51144650f5b12026425646b3a49efdd75ff48ceb11382e33a8363bdcfd30f69fa9c53a7aabb7ee7abafbefaea6f7ffb94c3872bc2aea0f4320cd4752ec9517c408019332ee1e69b6f2627271b93c9a8f9c1241229583f674babcb07a598d320ae0421fe82687e0dc5f31e8874d0c576058d76853328faced3bca5888ec1601d82a240535313bb779512131b437c7c3cd1d1d1582c16cc661346a3119d5edfe5ee87502888df1fc0e7f3e1f17870b9dcb8dd2e5cae0e9a9a5aa8a82867f3e6cf78e38d37c2867a1614c5d4156bd5ddd9afd319d0e914020127c120cc9c399bb973e7327c7811168be5ef0e4d251229583fabe161e7904f31a741f2f90805444b0c8a7b0b08179d7bfbe9bf1638250bbcaba06d30a198c9e84d517474b859bf7e034f3ff324b7dc720743860c26393989b8383b919191984c26cdc2f1fbfd747474d0da7a82a6a626aaab6b3870e0009f7cf2119595953deecf825edf397b190c064eba779daed3da0a043ad3e64c9d7a1e575c710563c68c262a2aaadb2ca3442205eb5f42b3d4182c81a28f8694d988885c428d9128adefa00807e893416706829dbbf00441692f45747c01a631646466316bf625acfbebbb3cf5d46364656563b54660b59a3199cc180c864e2b474020d8695db9dd1edc6e176eb7078fc785dbedee1246233a9d0145e9f4639d2c545f872da89615c0d8b125dc73cfbd0c1e3c109b2d523ad92552b0feb587879dff2a8a1ea28681f17710790ea2e52f28aef73a7776d7e7760a963e17027bd135ae2268ce2722229b7efd0ab8eaca2b79e2b127a8aa3afa3deea153acd4b084afe3abba86ad5d22a574c58005836da8eb9c7ffffb7fe7f2cb2f272b2b0babd5d2e5f49762259182f5cbf069e9cc109107060bc2948e704e86f64d28deb55d69e1d3801668fb4f44eb1814d31462e393b8e4925f03f0ef7ff8f7b0eb9abafe0dcfb1ae03f49a0075a680e95c5ef3f5ec9fa27d069d9f85421ec21310ce9d7b3913274e64d4a851141616741d2734c19248a460fd12444b884e9bcb940ef1e960eb83389182385180e23a08c1a3201a206842df348fa0f206fae40b29ec5fc094a953098642ac5bb78e2fbed84a675a62237abd95af3736552d28d1f5bebb23fd6bcb28d49506c6a37d969a9acae0c18319326428679f7d3663c68cc16e8f05d0868152ac2452b07e49a215bef6101d98b35112d309c54d45383f07e72694f64de055a0e3184ae06e42fea388b4058c18319cf4f40cfaf6edc7e38f3fc6b66d5f017e82413f6046a73376594ea72a5f7459537ed41cece15c74d1742eba681a63c69c456464048aa2100a855014452e689648c1fa655b5b5f8b088a01c5608798b320b2087cd7205ca5e03e00ae8f509cf741c88f889f44823d97a9e79d4771f170366fdec2da77df65d5ca15809790b673cfb7233d3d97f3cf3f9751a3cea4b8b898b8383b5151514445456943c0ee5699442205eb172e5a5dc3444507fa68d04723ccc928163bf80780773cc27d0c5da086a0b716bd29197b6c22f6d868ac562b7979795c3a7b3675f5f5545555515d5d455d5d3dadad2708850456ab85e8e828ecf658929212494a4a26313111bbdd8edd6e27212181e4e464b2b232bbdd9d6a5949b19248c19284a1ebd22e35b54c5736046372e72b02b00bf0d5a10f3810e80905fde8f446d2d3d3494f4f0701c71a8e535d5d456d6d0dcdcd2db85c6e40603018b15a2dd86c36e2e3e3494a4a22313191989818cc66d3d7769e50458a6e8ba32512295892de2d2e2dadb22a5ea273876974604a0353aa9ac446cb63059dfb022627279294944051d1b05e3327a896926a35a9fe29d592d2e93a17374b2452b024df43bc74bd0c214f4ea417fefebb0edfc29de972e827918225f961a2f5f5808dafe3ac4e4e15f37576866f97932adcda9248a460497e42f19202249148e785442291822591482452b0241289142c89442291822591482452b0241289142c89442291822591482452b0241289142c89442291822591482452b0241289142c89442291822591482452b0241289142c89442291822591482452b0241289142c894422918225914824a7466e42711a10beeb4dcf0d2584103fea2613df54d6f739eebb96f7f7aefb8f6a0bb59c6f73bdef72ac440ad62f4aa4d46dbbc2373efda19d26fcdcf0eb8542a193767aee6dab7af59ebecfaed0e1d7e9595ecfb27a2b3b7cd3d81fab2d7aab4bcf7bebf93d48f19243c25f3c6a6708df5b50dd2855ed10c160f024b1f9be65a91d53ed88bd09d0a9cad6e974df7affc39e42a09ea79617fe3e5c84d4f74208ad6c9d4ea79df763b44578bdd5eb85df5b6f6d117e3f52a8a485f58b152b210481400087c3412010c062b160b3d9d0ebf5844221dc6e372d2d2d44474763b3d930180c273ded3d1e0fc1601083c180d96ceeb543a9dbd3fbfd7e9a9b9bd1ebf5444444101111815eafef26444208fc7e3f1d1d1db4b5b561b7dbb15aaddd768af6783cf87c3e8c462366b3b9d7ce1e0a8570b95cb4b5b5a1d3e9888c8cc46c36d3d6d686cfe7c36432111d1d8dc160e866f1f97c3edadadaf07abd24242460341a1142e076bb71381c5a5be8f5fa93daa2bdbd1d0093c984d96c3ea580fafd7edc6e37274e9c20222282a8a8288c46e3493b6a078341dc6e371d1d1df87c3ee2e3e3b1582c52b4a460fd7250871ec16090dada5a962d5bc6eeddbb696d6d25272787d1a347535c5c4c4d4d0d4b962ca1a3a3038bc5c2cc993339e79c73484949d1ac119fcfc7860d1bd8b061032525255c78e185278996a228040201f6eddbc7cb2fbf4c5555155eaf97810307326edc38a64e9ddaad73efd8b1834d9b36f1f1c71f130804b0d96c4c9d3a95929212faf6ed0bc0975f7ec9abafbecae8d1a3f9f5af7f4d545414c160109d4e47281442afd7e3703878fef9e7d9b66d1b4208faf4e943767636070e1ce0d0a143f4eddb978913273269d2246262620804027cfef9e77cf4d1476cddba15bd5e4f464606679f7d363e9f8f4d9b36d1d0d080d56a65f6ecd94c9c3891b8b838ad8e5eaf97279e788263c78e71e9a597326edc38ed9ec2dba3acac8c0f3ef8802d5bb6e07038d0e9748c1c3992091326307af4688c46a32680efbfff3e1f7ef821070f1e44a7d3111f1fcf65975dc6a851a3888989f9497c8c122958a795df4ab566aaabab59bd7a35f7dc730fd75f7f3d7dfbf6a5a1a18165cb9651515141535313d5d5d5cc983183bffce52f3cfcf0c3082198356b966695288a426c6c2cfbf6ede3e8d1a3a4a7a773d6596701e0f7fb352b64e7ce9d2c59b284175e7881dffdee77b4b4b4f0e9a79fd2dcdc4c4e4e0e050505188d466a6a6a78efbdf778ecb1c7183d7a34e79c730e2fbcf002bb77ef26140a111b1b4b6262224ea793975f7e99a8a828a64f9fde6d98a65a290683813e7dfaa0d7ebd9b973274f3df5140505058c1d3b96f4f474f6eedd4b43430383060dc26ab5525b5bcbead5ab79f2c9279939732603070ee4de7befe5e8d1a3e8743a8e1f3fceb469d378fbedb7f9f39fff8ca2284c9f3ebd9b85565353c37ffdd77f3170e0408a8a8a888c8cd4fc626a9b6fdab489975e7a89f4f474ce3df75cf6ecd9c3e2c58b71381cd8ed760a0a0a0804026cdbb68d952b57525151c1881123484a4ae2f7bfff3d8d8d8df8fd7ece3bef3ccdea9448c1fa971e0a021c3e7c985b6fbd95f3cf3f9f3973e690969646757535cf3efb2c0f3df4100b162ce0befbee233f3f9fb8b838aebbee3a56af5ecd942953888b8b435114f47a3dfdfbf767dab469dc72cb2d141616d2a74f1f929292ba0df52a2a2a78e18517b8ebaebbb8ecb2cbf0f97c7cfae9a7dc72cb2d9c73ce3964666662341ad9bc7933f7de7b2f77de7927bffad5af484d4d65f0e0c1bcf6da6bbcf6da6b6467673371e244cd0ae9693986fb82ac562be3c78fc7ebf5d2af5f3f9c4e27efbfff3e4f3cf10476bb9deddbb7f39bdffc86db6ebb0d8bc5c29e3d7b78f2c92779e49147183f7e3c369b8dd4d454fef33fff138bc5c275d75dc7b871e3484a4ae2861b6e202525852953a610151505805eaf67ce9c391c3f7e9c8d1b373270e040c68c1983c96402201008f0d9679ff1f2cb2f73c61967307ffe7c727272183f7e3c43860ce18e3bee202727476bbba54b97b26cd932fefce73f336edc38cc6633090909dc7aebada4a4a4306cd83092939331180cd2ca9282f5af695da91d3a180cd2d6d606c0e4c993193a742876bb9db4b434f6eeddcb3befbcc3c489139932650a004ea7933beeb883fdfbf7d3d0d04054541466b31921048989899c75d659dc7aebad2c5fbe9c9c9c1c2ebef8625253533511e9d3a70fafbefa2a858585f4ebd70f402b3f1008a0280aedededac5ab58a4020c025975cc2f0e1c301c8cbcbc3eff7336dda34468e1c4949498966d584fbd4dadbdb71bbddd8ed76cc663346a3918c8c0ccdda2b2c2c64f7eedd0c1b368c949414743a1d369b0d9fcf474343037bf6ec0160c68c19e4e5e52184203a3a9afdfbf72384a0a4a4848282029a9a9a983d7b367ebf9ff6f6764db00c060313274ec4e170f0eb5fff9a969616fee77ffe4713e35028c48e1d3bd8b16307bff9cd6f9830610200b9b9b9242727f3e4934ff2ecb3cf3275ea54ec763b4b962c61e4c8919c75d6590c1e3c1880888808ad9d76eddac5f8f1e331180cda3058f2d3236709ffc9434393c9a4cd40058341ac562b292929b8dd6e5c2e97769c6a310583c16e338a4208468c18c115575cc1d0a14379e49147f8fcf3cf696a6a42a7d3110804183a7428975c72097dfaf461eddab5dc7ffffd3cf8e0834c9f3e9d2953a660b7dbf1f97c783c9e6ee2eaf3f9baddb7d7ebede6a057875b2e978b1d3b7670efbdf7f2fefbef73fcf87100ed7a5eaf17a7d3495d5d1d5eaf978e8e0e9c4e273e9f8f603088c562213d3d1d80cf3efb8c9696161445e1abafbee2830f3e20393999d8d858fc7e3f151515bcf9e69b44444460b3d9b4090595499326b166cd1a3ef9e413162d5ac4c18307b5cffc7ebfd6e63deb979a9a4a434343b76b252525697f0702014c2613919191b85c2edc6ef7f79a3595480beb672f5eaa95a20a901a0a10fe597847529fe6e14ff5c2c242eebdf75e6ebcf146962c59424c4c0c13264c40afd76b16d1891327d8b46913cf3df71c0013274ea4a6a6869494946fb410be29f64808a1cdb4bdf4d24b1c3e7c98f4f474929393b56b66646470edb5d772f1c51763b7db0904029a8fadadad8dc2c242ce3cf34c468c18c12bafbc82c3e120393999952b5792989888d56a65fffefdd4d5d5b166cd1a162c58c0dcb973b15aaddd86a1a15088989818468d1ac5f2e5cbb9ecb2cb282e2e262a2a8af4f4742c168b263ee1f5f17abd7cf5d557270ddb7b0ee5d5efe754b159122958bf98a1a2da2942a1101d1d1dbd760abd5e8f5eafc7e974e2f57a71bbdda4a7a7633018b05aad141515b160c1026ebcf1464a4a4a183e7c385151519a40e8743ac68d1bc7a04183a8a9a961cd9a35bcf5d65b6466669e1432112e04a7eac8eaac20407676360f3cf00077df7d3773e6cc213f3f1fbbdd8ec7e3c166b33162c408edefd6d656cdd2516741939393b9ebaebbf8f8e38f79e9a597a8ababe3dc73cfe5c61b6f243e3e9e43870e71edb5d70268c335a3d1486363234ea793c8c848121212d0e9742424243069d224aebefa6aeebaeb2efaf5eb4756561663c68c61fcf8f11c397284969616626363b57a5d73cd35646565111d1dadd529180c6a7556e3d0d419da9e2110122958bf1827bc2a5a6ac883d56aed366c5405cb683462b158a8a8a860c3860d545555f1c73ffe511bba048341ce3efb6c6ebae9268e1d3b467d7d3d4208eaebeb31180cf4eddb9759b3660170f4e8514a4b4b79f4d147b9f2ca2b494c4cfcbb91ec3d2d89f0e198dd6e67debc791c3a7488f5ebd7939b9bcbd8b163292f2f272222829c9c1c6c365b3721505f7ebf1fa3d1c8cc9933c9caca223d3d1d8fc7c3c48913193972a4e6239a3d7b366fbef9a6167306f0d1471fb174e95266cf9ecd9c3973b46bc6c4c4d0bf7f7f001a1a1a50148571e3c6515b5bcba2458b888d8de59a6bae213a3a9ae8e868e6ce9d4b464606a9a9a9d4d5d57da360f7fc6e2452b07e8804fc2c444afb020c066dd64db572dadbdbbb7588603088cfe7c36030603299f0783cd4d4d470ecd831ed3c400be4d4ebf5d86c368c46233b77eee4edb7dfe68c33ce203f3f5f2b3b323292091326f0ce3bef68be2875c8742acbc16432751358d5afa3de437a7a3a898989949595d1dada4a737333ab56ad222525858b2eba88b4b434ed3e753a1dededed984ca66ec3d1969616befaea2b060c18c0a851a3b4eb8f1e3d1abbdd8ecd6663cf9e3d545656d2b76f5fdc6e37efbfff3ec5c5c5180c06ed5ae17fabf7eb7038686b6bc3e974f2eaabafe276bbb9e28a2bc8c8c8a0a4a4449b795545d8e7f39de4b3531f2a7248f8cfe15fc0e92e8050d7bf02440884f8695e6a19df53a4d4ceaed7eb3571d8b66d1b757575747474505757c7ce9d3bf1783c4445451111110140474707c78e1dc3683462b55ac9cbcba3a8a888b56bd7f2e1871f52555585dbeda6bebe9e4f3ef984679e7986f8f878929393898b8bc3e170f0d24b2ff1e1871fd2dcdc4c7b7b3b55555594969676bbb7e8e868cda7136e61a8ef2323230134df51696929070f1ec4e974d2dadacae6cd9bf9fcf3cf19366c18595959444444d0d0d0c0c2850bf9e4934f686a6aa2a3a3838a8a0a366edc482010203d3d5d2b57bdb6c562e18b2fbe60fbf6ed343636d2d1d1416b6bab16f469369bb57b494d4d65f8f0e16cdebc996ddbb6d1dada8ad3e964cf9e3decdebd1b80848404001a1b1b3591dfbe7d3b77df7d374b972ee58b2fbec0e5727513cec8c8480e1f3edc6df98ed3e9d4e2b5a2a2a2b4f6f9614342f1d3fd5ebbfd6ec3fb8bb4b0fe89e68a0e74c6af2dabd3dc9fa03a6d333232b8f9e69b79f6d967193a7428d9d9d9d4d6d6f2fcf3cf73fdf5d7939797a77584a6a62656ae5cc995575e89d56a25212181112346306dda34aebaea2a5e7cf145f2f3f33976ec18575d75152525250c1a34089bcd466e6e2e53a74e65e3c68ddc7aebaddc7ffffd582c1676eedcc9cb2fbfccadb7de4a6c6c2c7abd5e0b79686868a0a3a383c8c8489a9b9ba9afafd7fc548aa2909696c6c30f3fcc6f7ffb5b8a8b8b19397224814080c71f7f9caaaa2a162e5c487e7e3e369b8d091326f0de7beff1f4d34f63b15888888860cb962d3cfae8a3dc71c71d64676763b15834cb25373797c99327f3e0830ff2e0830f327bf66c929292a8a9a9e19e7bee21363696e2e2626d185c5858c8c2850b79f8e18759b66c1993274fc66432b165cb16fefad7bff2c0030f3060c0008410d86c36c68e1d4b61612166b39913274ef0dffffddfbcf5d65bfce94f7fd2e2bff47a3dc3870fe7934f3ec1e57269df5d7d7d3d7bf7ee252121818c8c0ccd32fe6182a5fcc4830225ac6fe83a5ffc0b5884e2b426244428d4f9a7b74984caae15a12fe87c55fc4e08ff89ae63823fe12bf0f5df3f8060b0f37c8fc723f6ecd923e6cc9923ec76bb00447272b298366d9ad8b66d9b70b95cda39cb962d1380f8c31ffe207c3e9f10420887c321366edc28a64f9f2e0061369b457272b2183d7ab4d8b0618370381cdaf9478f1e154b972e15b9b9b922212141288a22525252c4c2850b45454585088542a2adad4d6cdcb8514c9e3c593cf7dc73e2e8d1a342082176efde2d7ef7bbdf89f9f3e78bafbefa4a78bd5e218410e5e5e5e2baebae13050505c262b1889898183164c810f1d4534f8943870e757e6ba190686c6c142b56ac10f9f9f922393959188d4601883beeb84394959569f509040222d4f51d1f3972443cf2c823a2b8b858188d46111b1b2b121212c4d0a143c58a152b445d5d9d768e5abffbeebb4f1417170bb3d92ca2a3a3c5e0c183c5cd37df2c0e1c38d0addd7bb26edd3a111d1d2d66cd9a251a1a1a84104234343488c58b178b828202f1c1071f8850282442a19058b972a51833668c58bc78b1f0783c5fff3ad5dfe6f7fa5df7f86dfd542f2144c8f19908955d23425b6344682b42542f11c25bfdf5bd88d069d9fb7b75f888d37a202e3a1f0a8a02be66c49145e07c0d88415847a3448f039d39cce4557efca754c80b3a332222175dcc38d0593bcded1ff074f5fbfd389d4e2a2a2a70381cc4c6c6929797474c4c4cb7e537478f1ea5bdbd9dd8d858d2d2d2b485b9eaf9959595343737131313437e7e3eb1b1b19abf493dd6e572d1d2d242797939c16090d4d454b2b3b3898c8cd4a2b55d2e17478e1c21323292a4a42422222270381c1c3f7e1c4551c8cecec668346aeb13dbdadaa8a9a9a1bebe5eb38ee2e3e3bb5d535da0dddcdc4c4545055eaf97f4f474b2b2b2888c8c3c6911b3ea1b5387816adde3e2e2c8cece262626068bc5a2c5a5a9f56b6b6ba3a9a989aaaa2a82c120999999242525690bac7b4e60a84373afd74b5353132d2d2de4e5e5111111412010a0a5a585e3c78f131717a78568d4d5d5e17038888c8c242b2beb7b5a565fff9685af16daf680ab147491612e07e5c7ef3f8a113c87c1b50d3c8720548992b6049226832923ccea3afd46284a5843ff3c05ebf09dd0f62a885430c48212ec32ad95ae31bbf2a36a1518215009862cb05f8292762b18a23bfd658aeea4215fcf581dd5897baab4282e974bcb60a0faadc263b0fc7ebfe61056af17be6ecfe572e1f17830994cda4c5ccf9435eab54e9c38a1c54ea90eedf0e37c3e1f8aa2681300a150884020804ea7d344341c9fcf87cbe5d27c60e13369e1714baa0f28180c6a1302df346456696b6bc3eff777f35b9deafaa150489bb05045b3e7b13dd3dd84fbe97a666c50db42afd76b2b14d4a16bcfb8b553b5772f15ec12101d74ec4234ae85a63f807148d7ef3cf823bb96bbbab5a2ef72f70641f821508692f65f903ce56725583f431f9600e1051100510da11a08fcc45aab007ec0b007fce3ba7e747f7f16b0b780cbf0cea3feada67a099f8d0a3f27bc73ab71406ad4bb4ea73be9fcf05c523d054ecd32d05b5942084dc4b459199deea4ff0befa02693a9dbe73d93f085c72e853bd7d5637b0ba550ef5fafd76b4b6fc2cf09af9b2aaaaac5145e466fcfe0dece5314a5d774343debadc6c1f514d6ded6127eabf585c28be23f81f000a1dd3fbd6b49e9d242a52b230521949f993febe72358e146a1211e4c45204ca08f0493f8690b56f41068055d34c2988ea2e8be51ac7a13a5dede8777daf0f37a76e270cb207cb1addae97aa693e91939af0e9fc22dbd53d1d31a3c556654f56fd5fa52efb9e7bd8727edeb69819caa9ee10903c34545b5747a13a1f0faf566e5f45c39d0738878aa07cba984af6742c4f07c61e1d95c4f6a6b0510aa133c024c49109107c63e3f6816fa5b3aaabf9e5557f682de8a500cfc9cc25e7f2643c2f01ee54578aa20e8e96a7cdd3fa69544b0d38c3744a198334031f4ea9372381cb4b6b6121b1babcd64555555a1d3e9484c4cd49ee43d877c2e970bafd7ab754cabd5aa850f845b225eaf97dada5a1445212525453ba6e7133d180cd2d8d8c8891327484b4bd32c95de3a675b5b9be6a7cacdcd3da595d05350543c1e0f2e974b1bea859fd3d1d1413018d492ea9d4a2cc3cbf2783cd4d6d62284d0fc663ddb21dc9253d75dc6c7c79f54c79e75686d6da5b1b111abd54a6666e649e5875b707ebf1fafd7ab59b13dadbb9edf4b757535068381e4e4e4537e2fddea1c6c037f33c2ef40f987da0e022182604e443125a028e6d35ba47e7e3eac9e43c260e753e21f5daea200faaed7c91dedd8b163bcf5d65bd4d5d591999949767636269389eddbb7130a851838702083060d2235351593c984d7eb65cf9e3d545555d1dcdc8cc7e3d196bb8c18318233ce3843fbe1b7b5b551515141454505fbf7ef47a7d3d1b76f5ff2f3f319306080161daf280ab5b5b5949696525656464343033939390c1e3c585b2ea376b24020c0ae5dbb282d2dd5f24e0d1c3890a14387929e9eae6584e8cdc25285a5b2b292bd7bf7e2f7fb193972a42630ea799f7efa29353535e4e5e53172e4c85e45243cd2ffc08103ecdab58b8a8a0a84101416163264c810727373bb0dd1c2433e76edda457d7d3d53a74ed562ae7a8a96cbe562f7eeddecdebd9bdada5a626262282c2ca4a8a888d4d4d45eaddfeddbb7b37fff7e323232183f7e7caf16d98913273874e810e5e5e5ecdfbf1fa3d148dfbe7de9d7af1f03060cc064327d83680904411041947fb09d2310a0185038fdb34c28a758c42af93e13d36153da478e1c1173e7ce15b367cf16c3860dd3224d67cd9a250a0a0a444e4e8e78f9e597b5908383070f8acb2fbf5c0062dcb87162debc7962d6ac5962c2840962e5ca95c2e9746ad7deb973a7b8fefaeb05202ebdf4523173e64c0188f9f3e78bd2d252110804443018146eb75b2c5fbe5c14141488dcdc5cb160c10201888b2eba487cf0c1075a5882dbed16a5a5a562d6ac59223a3a5a5c7cf1c5e2d24b2f158078e4914744595999563fb58ec16050381c0e71ecd83171f8f061b179f36671fbedb70b405c7bedb562f7eeddda74bf7adefdf7df2f00f1f4d34f77bb4ecff6f3f97ce2c08103e2dffeeddfb436bbe28a2b04206ebffd6e3d9c19000011414944415476b16bd72e2d8c21140a894020209a9a9ac4ba75ebc49c39730420d6ac59230e1d3a24dadbdbbb95d3d6d6263ef9e41351545424b2b2b2c4ecd9b3c579e79d2700f1da6baf69e10cea755d2e97a8aaaa12f7dc738f00c40d37dc202a2a2a44535393d67ec16050844221f1e5975f6adfcb55575d25a64f9f2eac56abb8e9a69b447979b916aef1fd431f24a732c97f4e32f14f7ef54e7b7bbbd8b16387d8bf7fbf78f1c5170520f2f3f3c5e79f7f2efef77fff574446468ac2c242d1d8d8281a1a1ac40b2fbc200071cf3df788f5ebd78bd2d252f1e5975f8aad5bb78a23478e08bfdfaf09e173cf3d270071cb2db78803070e88d2d252f1dbdffe5600e2b1c71ed3e2a9befcf24b71c30d378809132688d75e7b4d1c3d7a543cfffcf30210975f7eb9686b6b13420871f8f06171d965976962b26ddb36b167cf1e316fde3c0188175e78a19ba004020171fcf871b17cf97271c5155768b15159595962e1c285e2bdf7de133e9f4f040201edbe43a19078e8a18704209e79e619ed5ae1ffaaa2d2dada2aaebefa6a0188871e7a48ecdebd5b1c387040dc7befbd021037dd749376ef3e9f4fd4d4d4885b6eb94598cde6f0250862e2c48962f5ead5dabd0821c4810307b4cf972f5f2e4a4b4bc5a64d9bc4af7ef52b0188bffce52fda77d8dada2ad6af5f2f060e1cd8edbaf1f1f1e23ffee33f342157e3bf9e7efa6901883befbc531c3e7c58ecdcb9532c5ab44800e289279e1015151527c5999deebfe3d359b07ea691eea7a79bd06ab56ac380c3870f039d09e272737389898961debc792c59b2440b455073355d75d555242626525b5b4b7c7c3c696969dd66adf6eddbc78a152b983b772e8b162d223131114551b8e9a69bd8b66d1b4b972e65d8b061e4e5e561b7db19356a14175d741193264dc2603068be9aa6a626cd0fe376bb59b76e1d175e782163c78ea5a8a808b7dbcd25975cc2912347a8adadc5e974121d1d8dcbe562dfbe7dbcf9e69b949595919999c9e2c58bc9cacaa2b8b898b8b8b893d604f61c5e853bdf3b3a3ab4c873f5ffdbdbdbd9b56b173367ce64cc98310c1a34885028c4e4c993a9ababa3bcbc9cdada5a0a0a0aa8afafe7c9279fe4a9a79ee2820b2ec06030b063c70e66ce9cc9175f7cc1f3cf3f8fcbe562c68c195a0a1b80c58b17535c5c4c7e7e3e6d6d6d949494f0d7bffe95e6e666cdefb765cb16eebbef3ef6eeddcb942953b4cc19050505ac5cb9128bc5c205175c40bf7efdd8b3670fab57af66e1c285dc76db6d2426266ab16d6bd6ace1f5d75f67e4c891e4e5e59d6246546679f8d79d25fc19101e02a0765ebfdfaf399ccd66b31656100a85080683da026593c9c4810307888c8c2433339381030792939303742edafdf8e38fb9f9e69b494e4ed6ca4b4c4c243636960f3ffc50db3126292989499326110804a8a9a9a1aeae8ead5bb73271e2442ebcf042edfee2e2e258b162053131319aa3dd62b16882e9f178b43584870e1de28d37dee0f1c71f27353595bcbc3c0a0a0a183d7a342e978bb2b2321a1b1b01484b4b232b2b0b9bcdd6ebec9ac7e361efdebd1c3a74481359a3d1a8ed4c939a9aaac573e9f57aec763b191919949797e372b9e8e8e8a0aaaa8aa79e7a8a279f7c92f4f4740e1e3c48636323575e7925c3870fe7e9a79fd6d2499bcd66d2d2d278f7dd77e9d3a70fa9a9a940e75ac19e211e870e1d62e3c68dc4c7c7f3d1471fb179f366962d5bc6f4e9d399376f1ecf3efb2c0f3cf000696969f4ebd78fe6e666366dda44494909898989da771e1f1f4f5c5c1c7ffbdbdfb43694fc487d4c36c18f396b2cb4e470090909fcfef7bf67c68c19180c067c3e1f6eb75b0b66546386a2a2a298316306f7dd771fa5a5a5ac5cb9920b2eb88055ab56515b5bdbf954e93a478d6e0fcf08da73d64f4d5667b3d9f8e8a38f38fffcf3b9fffefbb15aad2426266a165642420293274fe6cc33cfd47240a9221a0a85ba6554d8be7d3b8f3ffe3800c5c5c5389d4e9a9a9a70b95c6cd8b081458b163179f264264f9ecc2bafbc427979f9293318288a4265652573e7ce65ddba75389d4e6d764e7550878727a8d7311a8d180c069a9b9ba9adad65d0a0419494943070e04012121230994c9a135d4d6be37038080683a4a5a571de79e73160c0002c168bf63da9e5a8edbb7fff7ed6af5fcff8f1e319376e1c999999949797939292c2a04183282a2ad222f6c31f4aeaf6646afc989a9cb0b7300f89b4b04ea7d90cedc73f64c8100a0b0bb5a8eb4020d06df64ca7d361341a71bbdd8c1d3b96db6ebb8d61c38671f8f061b2b3b3b9f3ce3b511485db6ebbaddbd653bd6528ed2d3c20140a6939aabefaea2bde7df75d62636319366c58b75001f59cf004757ebf9fc8c848ac562bbb77efd6b23a9c7beeb90c1f3e9cbaba3a162f5ecc238f3cc29e3d7bb8faeaabf9e31fff487575350f3ffc30369b0dabd54a6161e149295e2c168b36b379e79d7772de79e761b7dbb5fdfec2b323a8e7a9f9b3f47a3d2e970b87c3a12d5256ef3d2e2e8eb6b6361445d186cc0e8783d4d454ac56ab56bff018b09e6de7f178b4b4ce7ebf1f8bc5c2b9e79e8bd96c26180c6a91f6e1c3dcdeb290f6560f8914acd3cab252d7d79d38710297cba525860bffe19acde66ed92c4f9c3881dbede6e9a79f66e0c081e8f57a929393696c6c64d3a64d5455559d24883d6778d5f7aa3054565662b55ab1d96c4c9e3c99f1e3c7e37038d8b2650b0b162ca0a4a48469d3a6111d1d4d757535393939dd04514da96c341a31994cb4b6b672f0e041aeb9e61a6ebef966b2b2b270381c9c75d659cc9b378ff9f3e7337ffe7c860e1d4a4747075151513cfef8e3f4ebd78fc2c2c26e9d5bddf0353f3f5fdbce6be3c68d5acc596fc1a4e14b9254eb4b7d050201b2b2b2b8e0820b18356a14369b8de3c78f6b315aaac0399d4e3c1e0f1919199a98abab047a7e8fea46ab4208ce39e71c860e1dda2da6aae7f1bda54c9696951c129ef682a53ad2bff8e20bde7aeb2daaababbb595c8aa2e0743a696868d0ce51fd1b19191998cd662dd5b1dd6e273e3e5edbe8e054c9e2c22d2c83c1403018e4830f3e60f5ead5d4d5d561b3d9888b8b23373797214386e0f17834e7f5fefdfb59b76e1d0e8743eb70ea355c2e97b65ecee7f351535343666626fdfbf7d71603abbea0dcdc5c52525288888820313191cccc4c1c0e47b77aaac326b52dec763bfdfbf727373797cd9b37d3dadada6b8c55b885153eb1111515456d6d2d2d2d2d582c16d2d2d21830600046a3510b3a550338ebebeb79f7dd7759bf7ebde6f8567d8de10f0fe85c8a13151585dbed26100890989848414101595959e8f57a3a3a3ab4baa8f7a95acde12b0e7ab37c2552b04e3bc10a068354575773cb2db7b065cb165a5a5af0fbfdf8fd7e1a1a1a282f2fe7cc33cfd48646aab3bbbcbc9c8e8e0e028100ededed34343450555545545494d6290a0a0abaed6c13eed30a17acf5ebd773d34d37b175eb56dc6e373e9f0f9fcf87c3e100203d3d1d2104d5d5d5dc7efbed949696d2d2d2a2597c353535ecddbb57cbf6a0d7ebbbe57d52ad9bc8c8482ebdf4520a0a0ab419cd9e4b63d47a42e70ca5ea5372bbdd343737e3743ac9ccccd4b23640e7e26cb54e80b645bd9a6d353e3e9e9494142d38b6b6b6563bbea3a38323478eb06ddb36b2b2b2b0dbed78bd5ede79e71daebbee3a0e1d3a84d7eb25180cd2d2d2a289aa2a969999998c183182caca4a0e1d3a84c3e1c0eff7e3f3f9686c6ca4b2b21280949414cd62eedfbf3f1e8fa7db2e3aa15008afd74b5c5c9cb4b4e490f0f4f45d01d86c36264d9ac4fcf9f3b9eebaeb686a6ae2e28b2fe6f0e1c3bcf7de7b7cf6d967dc7df7dde8f57a626363193b76ac96fbfc95575ea1a8a888d2d25256ad5aa57506d5913e64c8105a5b5b397efc38111111180c066dd6aca4a4440b2b38fffcf3a9aaaa62cd9a35984c26860f1fced6ad5b79f4d147193972244545450c183040f3c74c9a3489152b56d0b76f5f8e1c39c2d2a54b3972e4088989895ad97dfaf4e1f8f1e3545757939d9d8dcd66a34f9f3edc70c30de4e4e4685bc68742215a5a5ab4f300b2b2b298346912ebd6ad232d2d8db163c772f4e8511e7df4512a2b2b39f7dc73c9c9c9c1ebf5623018d8b2650b575f7db5d6b62d2d2decd9b387b8b8386d98ad6e617ffbedb7d3dadacaf8f1e3494e4ee6f3cf3fe7edb7dfa6a1a18199336702d0af5f3f162c58c0dab56b59b06001f7dc730f2929297cf6d967bcf3ce3b4c9d3a55db3f71f0e0c19c73ce39cc9d3b9703070e70c71d77d0af5f3fdadada78e38d3778f1c51759b4681123468c003a675afbf7ef4f737333adadad444747a3d3e9f0f97c3437373362c4885e17554b7e1c2b41f20323de43a190f07abd62d3a64d5a10e465975d26468c1821121313c5030f3c201a1a1ab4c0cad6d656b16ad52a3174e8500188d9b3676b018bafbdf69a16117ff8f061f1d8638f09406cd8b04174747408b7db2d3efdf4530188fbeebb4f4b54d7dada2a962c5922faf4e923faf4e9a345d217151589a54b978ad6d656edb8d5ab570b93c924525252c4c5175f2cce3cf34c0188152b5688e6e6662d99dd638f3d262c168b78fdf5d7b528729fcf273a3a3ab4047c7ebf5f5456568a69d3a689b973e78a2d5bb668c1b46bd7ae1505050522393959cc9a354b0c19324400e2b9e79ed392f1b5b6b66ac908d7ae5dabb5ebf2e5cbb576ece8e8d0921feedbb74f0b723debacb3c4ac59b30420faf7ef2f5e79e515e17038b4c0d1eaea6af1cc33cf08400c1f3e5ccc9831432427278b33cf3c53fcdffffd9f70bbdd5a006b5d5d9d78fdf5d705200a0b0bc5f4e9d3c5f8f1e3b588fb6ddbb669d7adaaaa120f3cf080c8cece169b366d126eb75b783c1ef1b7bffd4d00e24f7ffa931668eaf7fb65b4fb2f2781dfcfc7f10e9d0b6cababab292f2fa7b2b292989818323232e8dbb72f7dfbf6d5ce09854234363672f4e851cacacaa8afaf27313191f4f4746dcda13a7b5556564659591903060c202f2f0fe8dceebeb4b4947efdfad1a74f1fcdaaa9aeaea6acac8c9a9a1a1a1a1a484d4d25373797acac2ccdf11c080470381c94959571f0e0415a5a5a888b8b232b2b8bc18307939494a4f966f6eedd4b7979396969690c1b36eca4cd2ad459b586860676ecd8417c7c3cfdfbf7c76eb76bc3c1d2d2522dd95f6c6c2c7dfbf625272787f4f474cdf7f4e5975fd2d0d0c080010318306000003b77eea4bcbc9ce4e464c68e1dab0db182c1a0b60eb3bebe9eb6b6366dd79bfcfc7c6de8abe6f8aaababd3dad9e974929e9e4e46460643860cd1c23ad4759c4d4d4decddbb97eaea6a9a9a9ab43cfa6ae241b59dbd5e2ffbf6eda3b2b292810307929797473018e4c89123277d2f723bfb1f348251a460fd44f4cc2850535383cd66233636b69b3fa3e70fd8ed76d3d4d4444c4ccc4979a3d40eaa26e9539dd7aa7f2c2222a2d7dc4c6d6d6db4b4b4909898d82d5f56cfb29d4e274ea753bbcf9ec7a9bbf6a83ea9de52a80821f0f97c844221cc6673afbe9bf6f6765a5b5b898a8aeab51c559cc3f353a913136a5c58cfb8b3603088c3e1c0e572919494d4cd9f161ecaa0e27038b40ca6e16dd25bbbb4b5b571e2c4092c168bb6a85a2d53f5b90502016d4723d501eff7fb090683275d5f2205ebb4152db5539d2a6fd2df3bb6e7ff7d1ba77fcff37b0aa41ab314febe67393df70cfca65d9fbfcbfd84d75dfdfc542101dfb68cde724e8527ffeb59f7f0593cf5d8de7256a9f71bfe596fa975fe5edb7c9fb69348c1faa7ce1c9eca41ff7d8eedd901be29f5cb37259dfb3ef7f85debfc7dcafac6dc51a7c8ead9f35aa71289ef5ad7effa9d7c97ba48bebf60c939d79fae914f7a7faa1ff0b739f69b9e27bd5df75401a67faf9c6feac03fe499f66ddba3b732be8b789ceabadfa5aedfb64d25ff847e252d2c8944222d2c894422f9919182259148a46049241289142c894422054b229148a46049241289142c894422054b229148a46049241289142c894422054b229148a46049241289142c894422054b229148a46049241289142c894422054b229148a46049241289142c894422054b229148a46049241289142c894422054b229148a46049241289142c894422054b229148a46049241289142c8944f2b3e3ff012d7976d4d5cf32800000000049454e44ae426082');

INSERT INTO issuers(issuer_id, did, name)
  VALUES('9613c7f3-973b-433f-bb57-720524dc6951', 'did:atala:988f05b6e77e877eaf315d59fa118d2d53d1f62c1063c09fff444e0b8f28a315', 'University of Port Jenniferland');
INSERT INTO issuer_groups (group_id, issuer_id, name)
  VALUES('b058ea50-8560-4ae4-b547-3205c4caec1a', '9613c7f3-973b-433f-bb57-720524dc6951', 'Animator');
INSERT INTO participants(id, tpe, did, name, logo)
  VALUES('9613c7f3-973b-433f-bb57-720524dc6951', 'issuer', 'did:atala:988f05b6e77e877eaf315d59fa118d2d53d1f62c1063c09fff444e0b8f28a315', 'University of Port Jenniferland', E'\\x89504e470d0a1a0a0000000d494844520000012c0000012c0802000000f61f19220000113049444154789cedddd9735be77980711c1c8020160204f79d222991224d895a2d577264d9966b2bee28f13476eab4ce4c339dde743cd39bdcf43ff0f4a257ceb433cd3471d3d81db589ddc86b1cbb76acc59265edd64a5a14c57d0101900489b517d678d2b476c40f1ff09e033cbf4b8fbf4f2f39787800f22cc6a1e75f700090e3941e002877440808234240181102c2881010468480302204841121208c080161440808234240181102c2881010468480302204841121208c080161440808234240181102c2881010468480302204841121208c080161440808234240181102c2881010468480302204841121208c080161440808234240181102c2881010468480302204841121208c080161440808234240181102c2881010468480302204841121208c080161440808234240181102c2881010468480302204841121208c080161440808234240181102c2881010468480302204841121208c080161440808234240181102c2881010e6921ee07f99ba79f1ec9b3f13f9a79da6e934dda6cbe574b99da6cbedf156fa439e40b0d21ff4f883be506db0aed9745788cc76efc6af7c72e1dd23eb5db5f1fe839bf63c5688798ae6e35ffcd3c2f8c87a573dfc977f57190815629e75b1568482b2994c36934927bfe67f317ca19a607d4bb0aea5a6ada7baa9dd30781f010d88f0dee556a2f32bd1f9a99b171d0e87dbe3ad6ddb58d7d9dbd035e0f105a467838d11a1a2d45a626af8e2d4f045c3f96a43577ffbc0eebace5e8e8d504084f9ca6533d3c397a6872f5506421b86f6756cdd6bbadcd243c14ef8c9adcdea52f4eab1373e78e985d10b27b2998cf438b00d22d46c6d39fed907af7ef8b3bf9f1bbb213d0bec81080b22118b9c7ef5c797fffb9799d4d7fdbe1570106121e56e5f3cf9d1cbff109b1d979e0496468485b5125d38f99fff3873eb8af420b02e222cb84c2af9e9d197462f1c971e04164584c590cb653ffbe0b5cf3ffd507a1058111116cfd5636f4c5c3b2b3d052c87088b2977e1dd23b3a3d7a4c780b5106151e5b299736ffd3c118f480f020b21c2624b2757cfbff3efb95c4e7a105845299c3bba79df935d3bf6e7b9493693cea4539954726d399e588a246291d8ccf8e2f4d84a745ecb90bf2b32f1f9c899f77b763da27d67d8512944a885d374ddbd9637100a35b67df9dfd796e3d39f5f9ebe7969fece4d8d87af1b1fbfdbd4b3c51faed7b521ec8bb7a37f80c75fd531f8c0ee6fffd5fee77ed839b44fd71512b96ce6daf137b56c05bb23c27be50bd50eec3fbcffb91fb6f46ed3b2e1f4c8e5c8e4a896ad606b44b83e9581d0d0e3cfee3afc830aaf3fffddae1d7b23ff4d607744a8a2beb3efc167ff36d4d89ee73e91c95b8b53b7b58c04fb2242451e7f70cf537f5ddbd693e73eb72f9dd4320fec8b08d599ee8a5d877f50ddd499cf2693d7cfa75657748d043b22c2bc384dd7ce3ff9beb72aacbc4336931ebf7a46e348b01d22cc578537b0ed89efe5739fb5a9e1cb1ae781ed10a106d54d1d5ddbbfa1bc7c717234b596d0380fec8508f5d8f4c01f7bfc41b5b5b95c766ef4bade79602344a887d3746ddcad7e2ee8ece8558dc3c05e88509bb681fb3dfe2ab5b50b13b7b4ce023b21426d9ca6d9d6bf4b6d6d22b6c0c7c2b245843ab50ddcafbc36363ba17112d80811eae40bd554d535abad8dcd707bd23245849ad577f4aa2d8ccf4fea9d047641849ad5756c525b98882f6a1d04b641849a05eb5bd516ae2e45f54e02bb2042cddc95beca40b5c242222c5b44a85f556da3c2aa6c269d4c2c6b1f06d64784fa299fbf964c2ce99d04b64084fa5506426a0b33e994de49600b44a89fc717505b9825c2b24484fa39556f8bc891b03c11a17ea6a91c615aef24b00522d4cf699a6a0b7359222c4744a85f36a3d892d3e4a904e58808f553fe68a7fc6112b64684fa297fb453fe30095b2342fd922b71b5851c09cb1311eab7ba1c535b68baf84c588e88503fe553b13d3ec55bd4c0d68850bfa585698555a6cbedaef4691f06d647849a2513cb6a4742e5d3be617744a8596c56f15631caa77dc3ee8850b3b9b11b6a0bbd55d55a07816d10a166ca37b4afaa55bc4d1bec8e08755a89cec7e7a7d4d6061b146f4e03bb23429dc62e9f525e1bac6fd138096c8408b5c96632ca8ffbf406c36e8f57ef3cb00b22d466ecf2a9b565c513d6c2cd1bb4ce023b21423db299f4f027ef292fafdfb059e330b01722d4e3fac977d6544f19350ca7f2cdf35102885083e8f4d8adb3bf555e5eddd4ce096be58c08f3954c2c9d7df3df72b9acf20e8ddd831ae781ed10615eb299f499a32f25e211e51d9ca6d9dabf53e348b01d2e6053974925cf1cfdc9e2d4683e9b34f66ca9f0fa758d043b2242456bcbf133afff343a3d96e73e1d830f689907f645842ae66e5f3fffce2bf93fbf25d4d05ad3daa56524d81711aecfea52f4daf13727ae9d733872f9efd6b7efc9fc3781dd11e1bd5a89ce8f5e383e76f9542695d4b2615d476f6d5b8f96ad606b44f807acadc467463e9b1abe343f762397d370f4fb8261189bf77d53d76eb03522bc2b9bc964d2c96c3ab5ba1c5f8d4712f14874663c3a3db6bc38afe59de7efe9de79a0aa8e0b08e170944684578fbd7ef5d8ebd253ac43b0be75d39ec7a4a78055f0c7fa62335dee6d8f3f6b38151f1a83d24384456518c69683cff8c3f5d283c04288b0a8faf71f6edeb4557a0a580b11164fcfee473bb7ee959e0296530abf98b103a3f781c77a763f2a3d06ac88080bce69bab61e7cbab9779bf420b028222c2c8f3fb8fd893f0fb76c901e04d6458405d4d2b77de0a16f711b357c3d222c088f3f38f8f0530d5d03d283c0068850b30aafbf7bc7431d5bf79a3c7617f78608b5f1f8029d5bf7760e3de8aaf048cf023b21c27c1986b3aeb3b77d607743573f27a34101112a7255786a5a7bea3b7b1bbbefe3f99ec80711de3bc31b0c07eb9a83f52d35addde1e64e8e7bd08208ef329ca6e972394db7e972394d97bbd2e7f1072bfd551e7fb0d21ff2856aabea9a5c1595d263a2049542849bf73dd9b563bff41480224ee0068411211c1aef9d232597557f0c813822842397cd488f90afac9dbf04222c2d86a1b0a8042254fb120cc312af7f4b0c015d9ca6ca6fdab219db47a8f625384d4bfc9189084b8a6284e57a2454fb76694784258523e1ba385d4408ddd4224caf25b44f5264a9f57f0986e1e43321f4538b50e1156c29b95c369d5c5bef2a8b7c2074106189518c707545fb24c5945e5b55785481d332177c12614971b92b1456d9fd48a836bfdaf7aa1088b0a454f8020aabec7e24549b5fed7b5508445852dc1eafc23bd24c3a65eb83e1ea52546195c757a57d123544586a3c4a3fe013b188f6498a261157199e085128154aaf2db5d7b145ac28fd0451fb46150211961ab51ff0b68e709523212cc5e3578a306ae308d58e841e3fbf984161f843750aabe2f393da27298e5c36b31c995558a8f68d2a04222c35819a068555b1d909ed9314c7d2c24c36935eef2ac3705ae751ad44586a02358d0aab526b099b7e2c54fbf1e10bd558e4120a0711961e6fb0da543a1724366bcb77a4b1399508d5de2f140811961e23a0f4466b71f296ee498a6171eab6c22ab5f70b054284252850d3a4b06a6eeca6f6490a2d9d5c8d4edf5158488428aceae60e8555f1b909db9d443a7f67389753b9cf5ab8b953fb30ca88b004d5b6f628accae572b63b18ceddbea1b0aa3250ed0dd6681f46191196207fb85eed0cd29991cbda8729a4dcecad2b0acb6adbbab58f920f222c4d35ad2aafb3e991cb995452fb3005b230fe7922bea8b050ed9b533844589ad45e6799746aeae645edc314c8f8d54fd51612218aa1b67d93dac2f1ab67f44e5220ca3f2fbcc1b02f54ab7d9e7c106169f257d705eb5b1416cedf198ecea8fcd2bfc8c62e7d9c4eae2a2c6cde34a47d983c1161c9527eb50d9ffe8dde49b4cb66329f9ffd506d2d11a2789a7b155f6dd32357e2f3537a87d1ebce95d36ab7b4f087ebd5de20141411962c6f55b8ba49e5aff60e47eeb30f5e53b8896071a456576e9cfcb5dada96de6d5a67d183084b594bdf0eb5850be32363974ee91d46972b1f1d4d269694961acd4488226bebdfe9aef4a9adbd7aec8dd5a545ade3683077fbfaf815c5dfdf36746df6575be542dedf4584a5cc7457746c79406d6d3ab97ae6e84f2df5b7fbe5c5b9736fbfacbcbc7bc7017db3e84484256ec3d03ee5ab5763b313e7defab9451ea69d5a5d39f3ab7f513ec53cdcdc196ed9a075226d88b0c45578036dfdbb9497cfdcba72fe9d57c49f9d964c2c9d7eed9f9717e79477e8b2ea61d04184e5a07be7817c6ee53079fddc27fff563b5bf8c6bb1129d3f71e447d19971e51d82f52d8dddfd1a47d28b084b9f3718eed9f5703e3bccdf193e71e445913369a6872f9d38f2e24a743e8f3d8cfb0e3ce57018da66d28d08cb42f7ce03be505e57d02d2dcc9c38f2e2f5136f17edad696a75e5fcdb2f7ffac6bf2613cbf9ecd336b04bf5efa54562951b4ea1a09ca6abff1b87cf1cfd493e9be4b2d9e14fde9bb876b67bd781b6fedd857bc8666a2d317afed8ad731fe5ff981ab7c7dbb7f79096a90a8708cb4543577f63f77dd3795fb69b88472ebfffcbe1d3ef756edddbdc3be4ad0a6b19ef0bf1b9c9f16b67954fcefebffaf61eaaf0fab56c5538445846b61c7c3af6ca84960730ad2e45af1d7ff3daf1b7c2cd1d4d1bb7865b3604eb5a0ca7caa79b4c3a159bb9333f3e3279fdfcd2c274feb37da9b977a87d708fc60d0b8408cb88dbe3dd7ee8b993fff123855b567f855c6472343239ea70384c973bd4d85e55dbe40d867dc11a6f30ecf6789d2eb7e9729bae0a87239749a732a954269d4c269613f148221659892dc4662762b313b9acfecf99819a862d8f7c47fbb6854084e525d4d03ab0fff0a5f77fa17de74c3ab5303eb2303ea27d6705a6bb62fba1e7d46e825c7cfc76b4ecb40feee918543c97cd160cc339f4d8772d758fedaf4784e5e8be87bf9dcf6934566618c6d6c79e69ec19941e641d88b03c19838f7ea775b3e2854e966518c696834fb7f46d971e647d88b04cdd7dbd5af2fa3a3586610c3ef2a7ad9b774a0fb26efc62a67c198673e8f13ff387eb6f9e7ad722974a28737bbcdb9ef85e5d47aff4202a88b0cc191bef3f186a6c3ffff6cbf99f9e22a5aaae79c737bf9fe7797982783b0a477d67dfdeef3e6fc13b20dd8b96beed7ff4f4dfd8b7400747427cc117aaddfbccf3b7ce7d74e3d4af2d7535fdd7f0856a06f67fab7ec366e941f24584b8cb703abb76ec6fee1dbaf2db5f59fc66f84ed3d5bde3a19edd8f58e791d7f92885af011a550642db0ffdc5fc9de1e1d3bf99bf332c3dceef739a6673eff68dbb1fb1daadecf34184f87fd4b6f5d4b6f5c46627463efd60eae6855c56e5419c7ab93ddef6c13d1b861ef4f8aba467d18c08f19582f52ddb1e7f36b1f7d0f8954fa66e5e14b92db76138c32d1b9a370db5f46d7755788a3f401118879e7f417a06d8c3726476eae6c5a9e18bb1d98942ff5b86d359d3dad3bc714b63cf7d155e95079eda081162dd52ab2b8bd3638b53b717a76e47a7c774fd81b13210aa6eeca86eeaa86e6a0f36b4992eb7966dad8fb7a3583777a5afbeb3afbeb3cfe170381cb9443c9a884512f1c86a3c92882f266291d4da4a269dfaf202c26c3aed301ca6abc274b9ef5e61e876577803deaab03718f656557babc2be504dc91ff1be0a11224f86b7aada5b55ed7074494f62579c310308234240181102c2881010468480302204841121208c080161440808234240181102c2881010468480302204841121208c080161440808234240181102c2881010468480302204841121208c080161440808234240181102c2881010468480302204841121208c080161440808234240181102c2881010468480302204841121208c080161440808234240181102c2881010468480302204841121208c080161440808234240181102c2881010468480302204841121208c080161440808234240181102c2881010468480302204841121208c080161440808234240181102c2881010468480302204841121208c080161440808234240181102c2881010468480302204841121208c080161ff039438993b4ee558680000000049454e44ae426082');

INSERT INTO issuers(issuer_id, did, name)
  VALUES('b12331f8-a686-4645-b545-a77adbd19ed7', 'did:atala:70ca3efb1dea86b8fb4f0b271b959dab1283a1fe87f76e93d6f808ac6ff38f8d', 'University of Port Meganberg');
INSERT INTO issuer_groups (group_id, issuer_id, name)
  VALUES('f1fc199c-3ac2-4f11-896e-6085e4f0af66', 'b12331f8-a686-4645-b545-a77adbd19ed7', 'Public affairs consultant');
INSERT INTO participants(id, tpe, did, name, logo)
  VALUES('b12331f8-a686-4645-b545-a77adbd19ed7', 'issuer', 'did:atala:70ca3efb1dea86b8fb4f0b271b959dab1283a1fe87f76e93d6f808ac6ff38f8d', 'University of Port Meganberg', E'\\x89504e470d0a1a0a0000000d494844520000012c0000012c0802000000f61f19220000113049444154789cedddd9735be77980711c1c8020160204f79d222991224d895a2d577264d9966b2bee28f13476eab4ce4c339dde743cd39bdcf43ff0f4a257ceb433cd3471d3d81db589ddc86b1cbb76acc59265edd64a5a14c57d0101900489b517d678d2b476c40f1ff09e033cbf4b8fbf4f2f39787800f22cc6a1e75f700090e3941e002877440808234240181102c2881010468480302204841121208c080161440808234240181102c2881010468480302204841121208c080161440808234240181102c2881010468480302204841121208c080161440808234240181102c2881010468480302204841121208c080161440808234240181102c2881010468480302204841121208c080161440808234240181102c2881010468480302204841121208c080161440808234240181102c2881010468480302204841121208c080161440808234240181102c2881010468480302204841121208c080161440808234240181102c2881010e6921ee07f99ba79f1ec9b3f13f9a79da6e934dda6cbe574b99da6cbedf156fa439e40b0d21ff4f883be506db0aed9745788cc76efc6af7c72e1dd23eb5db5f1fe839bf63c5688798ae6e35ffcd3c2f8c87a573dfc977f57190815629e75b1568482b2994c36934927bfe67f317ca19a607d4bb0aea5a6ada7baa9dd30781f010d88f0dee556a2f32bd1f9a99b171d0e87dbe3ad6ddb58d7d9dbd035e0f105a467838d11a1a2d45a626af8e2d4f045c3f96a43577ffbc0eebace5e8e8d504084f9ca6533d3c397a6872f5506421b86f6756cdd6bbadcd243c14ef8c9adcdea52f4eab1373e78e985d10b27b2998cf438b00d22d46c6d39fed907af7ef8b3bf9f1bbb213d0bec81080b22118b9c7ef5c797fffb9799d4d7fdbe1570106121e56e5f3cf9d1cbff109b1d979e0496468485b5125d38f99fff3873eb8af420b02e222cb84c2af9e9d197462f1c971e04164584c590cb653ffbe0b5cf3ffd507a1058111116cfd5636f4c5c3b2b3d052c87088b2977e1dd23b3a3d7a4c780b5106151e5b299736ffd3c118f480f020b21c2624b2757cfbff3efb95c4e7a105845299c3bba79df935d3bf6e7b9493693cea4539954726d399e588a246291d8ccf8e2f4d84a745ecb90bf2b32f1f9c899f77b763da27d67d8512944a885d374ddbd9637100a35b67df9dfd796e3d39f5f9ebe7969fece4d8d87af1b1fbfdbd4b3c51faed7b521ec8bb7a37f80c75fd531f8c0ee6fffd5fee77ed839b44fd71512b96ce6daf137b56c05bb23c27be50bd50eec3fbcffb91fb6f46ed3b2e1f4c8e5c8e4a896ad606b44b83e9581d0d0e3cfee3afc830aaf3fffddae1d7b23ff4d607744a8a2beb3efc167ff36d4d89ee73e91c95b8b53b7b58c04fb2242451e7f70cf537f5ddbd693e73eb72f9dd4320fec8b08d599ee8a5d877f50ddd499cf2693d7cfa75657748d043b22c2bc384dd7ce3ff9beb72aacbc4336931ebf7a46e348b01d22cc578537b0ed89efe5739fb5a9e1cb1ae781ed10a106d54d1d5ddbbfa1bc7c717234b596d0380fec8508f5d8f4c01f7bfc41b5b5b95c766ef4bade79602344a887d3746ddcad7e2ee8ece8558dc3c05e88509bb681fb3dfe2ab5b50b13b7b4ce023b21426d9ca6d9d6bf4b6d6d22b6c0c7c2b245843ab50ddcafbc36363ba17112d80811eae40bd554d535abad8dcd707bd23245849ad577f4aa2d8ccf4fea9d047641849ad5756c525b98882f6a1d04b641849a05eb5bd516ae2e45f54e02bb2042cddc95beca40b5c242222c5b44a85f556da3c2aa6c269d4c2c6b1f06d64784fa299fbf964c2ce99d04b64084fa5506426a0b33e994de49600b44a89fc717505b9825c2b24484fa39556f8bc891b03c11a17ea6a91c615aef24b00522d4cf699a6a0b7359222c4744a85f36a3d892d3e4a904e58808f553fe68a7fc6112b64684fa297fb453fe30095b2342fd922b71b5851c09cb1311eab7ba1c535b68baf84c588e88503fe553b13d3ec55bd4c0d68850bfa585698555a6cbedaef4691f06d647849a2513cb6a4742e5d3be617744a8596c56f15631caa77dc3ee8850b3b9b11b6a0bbd55d55a07816d10a166ca37b4afaa55bc4d1bec8e08755a89cec7e7a7d4d6061b146f4e03bb23429dc62e9f525e1bac6fd138096c8408b5c96632ca8ffbf406c36e8f57ef3cb00b22d466ecf2a9b565c513d6c2cd1bb4ce023b21423db299f4f027ef292fafdfb059e330b01722d4e3fac977d6544f19350ca7f2cdf35102885083e8f4d8adb3bf555e5eddd4ce096be58c08f3954c2c9d7df3df72b9acf20e8ddd831ae781ed10615eb299f499a32f25e211e51d9ca6d9dabf53e348b01d2e6053974925cf1cfdc9e2d4683e9b34f66ca9f0fa758d043b2242456bcbf133afff343a3d96e73e1d830f689907f645842ae66e5f3fffce2bf93fbf25d4d05ad3daa56524d81711aecfea52f4daf13727ae9d733872f9efd6b7efc9fc3781dd11e1bd5a89ce8f5e383e76f9542695d4b2615d476f6d5b8f96ad606b44f807acadc467463e9b1abe343f762397d370f4fb8261189bf77d53d76eb03522bc2b9bc964d2c96c3ab5ba1c5f8d4712f14874663c3a3db6bc38afe59de7efe9de79a0aa8e0b08e170944684578fbd7ef5d8ebd253ac43b0be75d39ec7a4a78055f0c7fa62335dee6d8f3f6b38151f1a83d24384456518c69683cff8c3f5d283c04288b0a8faf71f6edeb4557a0a580b11164fcfee473bb7ee959e0296530abf98b103a3f781c77a763f2a3d06ac88080bce69bab61e7cbab9779bf420b028222c2c8f3fb8fd893f0fb76c901e04d6458405d4d2b77de0a16f711b357c3d222c088f3f38f8f0530d5d03d283c0068850b30aafbf7bc7431d5bf79a3c7617f78608b5f1f8029d5bf7760e3de8aaf048cf023b21c27c1986b3aeb3b77d607743573f27a34101112a7255786a5a7bea3b7b1bbbefe3f99ec80711de3bc31b0c07eb9a83f52d35addde1e64e8e7bd08208ef329ca6e972394db7e972394d97bbd2e7f1072bfd551e7fb0d21ff2856aabea9a5c1595d263a2049542849bf73dd9b563bff41480224ee0068411211c1aef9d232597557f0c813822842397cd488f90afac9dbf04222c2d86a1b0a8042254fb120cc312af7f4b0c015d9ca6ca6fdab219db47a8f625384d4bfc9189084b8a6284e57a2454fb76694784258523e1ba385d4408ddd4224caf25b44f5264a9f57f0986e1e43321f4538b50e1156c29b95c369d5c5bef2a8b7c2074106189518c707545fb24c5945e5b55785481d332177c12614971b92b1456d9fd48a836bfdaf7aa1088b0a454f8020aabec7e24549b5fed7b5508445852dc1eafc23bd24c3a65eb83e1ea52546195c757a57d123544586a3c4a3fe013b188f6498a261157199e085128154aaf2db5d7b145ac28fd0451fb46150211961ab51ff0b68e709523212cc5e3578a306ae308d58e841e3fbf984161f843750aabe2f393da27298e5c36b31c995558a8f68d2a04222c35819a068555b1d909ed9314c7d2c24c36935eef2ac3705ae751ad44586a02358d0aab526b099b7e2c54fbf1e10bd558e4120a0711961e6fb0da543a1724366bcb77a4b1399508d5de2f140811961e23a0f4466b71f296ee498a6171eab6c22ab5f70b054284252850d3a4b06a6eeca6f6490a2d9d5c8d4edf5158488428aceae60e8555f1b909db9d443a7f67389753b9cf5ab8b953fb30ca88b004d5b6f628accae572b63b18ceddbea1b0aa3250ed0dd6681f46191196207fb85eed0cd29991cbda8729a4dcecad2b0acb6adbbab58f920f222c4d35ad2aafb3e991cb995452fb3005b230fe7922bea8b050ed9b533844589ad45e6799746aeae645edc314c8f8d54fd51612218aa1b67d93dac2f1ab67f44e5220ca3f2fbcc1b02f54ab7d9e7c106169f257d705eb5b1416cedf198ecea8fcd2bfc8c62e7d9c4eae2a2c6cde34a47d983c1161c9527eb50d9ffe8dde49b4cb66329f9ffd506d2d11a2789a7b155f6dd32357e2f3537a87d1ebce95d36ab7b4f087ebd5de20141411962c6f55b8ba49e5aff60e47eeb30f5e53b8896071a456576e9cfcb5dada96de6d5a67d183084b594bdf0eb5850be32363974ee91d46972b1f1d4d269694961acd4488226bebdfe9aef4a9adbd7aec8dd5a545ade3683077fbfaf815c5dfdf36746df6575be542dedf4584a5cc7457746c79406d6d3ab97ae6e84f2df5b7fbe5c5b9736fbfacbcbc7bc7017db3e84484256ec3d03ee5ab5763b313e7defab9451ea69d5a5d39f3ab7f513ec53cdcdc196ed9a075226d88b0c45578036dfdbb9497cfdcba72fe9d57c49f9d964c2c9d7eed9f9717e79477e8b2ea61d04184e5a07be7817c6ee53079fddc27fff563b5bf8c6bb1129d3f71e447d19971e51d82f52d8dddfd1a47d28b084b9f3718eed9f5703e3bccdf193e71e445913369a6872f9d38f2e24a743e8f3d8cfb0e3ce57018da66d28d08cb42f7ce03be505e57d02d2dcc9c38f2e2f5136f17edad696a75e5fcdb2f7ffac6bf2613cbf9ecd336b04bf5efa54562951b4ea1a09ca6abff1b87cf1cfd493e9be4b2d9e14fde9bb876b67bd781b6fedd857bc8666a2d317afed8ad731fe5ff981ab7c7dbb7f79096a90a8708cb4543577f63f77dd3795fb69b88472ebfffcbe1d3ef756edddbdc3be4ad0a6b19ef0bf1b9c9f16b67954fcefebffaf61eaaf0fab56c5538445846b61c7c3af6ca84960730ad2e45af1d7ff3daf1b7c2cd1d4d1bb7865b3604eb5a0ca7caa79b4c3a159bb9333f3e3279fdfcd2c274feb37da9b977a87d708fc60d0b8408cb88dbe3dd7ee8b993fff123855b567f855c6472343239ea70384c973bd4d85e55dbe40d867dc11a6f30ecf6789d2eb7e9729bae0a87239749a732a954269d4c269613f148221659892dc4662762b313b9acfecf99819a862d8f7c47fbb6854084e525d4d03ab0fff0a5f77fa17de74c3ab5303eb2303ea27d6705a6bb62fba1e7d46e825c7cfc76b4ecb40feee918543c97cd160cc339f4d8772d758fedaf4784e5e8be87bf9dcf6934566618c6d6c79e69ec19941e641d88b03c19838f7ea775b3e2854e966518c696834fb7f46d971e647d88b04cdd7dbd5af2fa3a3586610c3ef2a7ad9b774a0fb26efc62a67c198673e8f13ff387eb6f9e7ad722974a28737bbcdb9ef85e5d47aff4202a88b0cc191bef3f186a6c3ffff6cbf99f9e22a5aaae79c737bf9fe7797982783b0a477d67dfdeef3e6fc13b20dd8b96beed7ff4f4dfd8b7400747427cc117aaddfbccf3b7ce7d74e3d4af2d7535fdd7f0856a06f67fab7ec366e941f24584b8cb703abb76ec6fee1dbaf2db5f59fc66f84ed3d5bde3a19edd8f58e791d7f92885af011a550642db0ffdc5fc9de1e1d3bf99bf332c3dceef739a6673eff68dbb1fb1daadecf34184f87fd4b6f5d4b6f5c46627463efd60eae6855c56e5419c7ab93ddef6c13d1b861ef4f8aba467d18c08f19582f52ddb1e7f36b1f7d0f8954fa66e5e14b92db76138c32d1b9a370db5f46d7755788a3f401118879e7f417a06d8c3726476eae6c5a9e18bb1d98942ff5b86d359d3dad3bc714b63cf7d155e95079eda081162dd52ab2b8bd3638b53b717a76e47a7c774fd81b13210aa6eeca86eeaa86e6a0f36b4992eb7966dad8fb7a3583777a5afbeb3afbeb3cfe170381cb9443c9a884512f1c86a3c92882f266291d4da4a269dfaf202c26c3aed301ca6abc274b9ef5e61e876577803deaab03718f656557babc2be504dc91ff1be0a11224f86b7aada5b55ed7074494f62579c310308234240181102c2881010468480302204841121208c080161440808234240181102c2881010468480302204841121208c080161440808234240181102c2881010468480302204841121208c080161440808234240181102c2881010468480302204841121208c080161440808234240181102c2881010468480302204841121208c080161440808234240181102c2881010468480302204841121208c080161440808234240181102c2881010468480302204841121208c080161440808234240181102c2881010468480302204841121208c080161440808234240181102c2881010468480302204841121208c080161440808234240181102c2881010468480302204841121208c080161ff039438993b4ee558680000000049454e44ae426082');

INSERT INTO issuers(issuer_id, did, name)
  VALUES('8c8f5d3b-be72-43c9-972c-9c48111208f0', 'did:atala:cd27f404c3314b08c5e47196e32e33a90b7ce8fd2423a987e5fbc86d47a01786', 'University of Lake Tara');
INSERT INTO issuer_groups (group_id, issuer_id, name)
  VALUES('72770bd8-8b39-43ec-9416-a56e48a8df3d', '8c8f5d3b-be72-43c9-972c-9c48111208f0', 'Environmental consultant');
INSERT INTO participants(id, tpe, did, name, logo)
  VALUES('8c8f5d3b-be72-43c9-972c-9c48111208f0', 'issuer', 'did:atala:cd27f404c3314b08c5e47196e32e33a90b7ce8fd2423a987e5fbc86d47a01786', 'University of Lake Tara', E'\\x89504e470d0a1a0a0000000d494844520000012c0000012c0802000000f61f192200000b6f49444154789ceddde96f14f71dc7f19d3d6cd6c7aed7c69835b6011b6c08066343424b5a4a28287523a5ad9aa3ad9a487d5cf10ff43fc81f9048955ab555ab261255aa3427cda5b42124dc045203b11d025edfe7da7817efd50789500f35aa7f3b3b9f99f5fbf598dff0f56ade3b7bcccc5afdc79ff101d0f1ab0700d63a2204c48810102342408c0801312204c48810102342408c0801312204c48810102342408c0801312204c48810102342408c0801312204c48810102342408c0801312204c48810102342408c0801312204c48810102342408c0801312204c48810102342408c0801312204c48810102342408c0801312204c48810102342408c0801312204c48810102342408c0801312204c48810102342408c0801312204c48810102342408c0801312204c48810102342408c0801312204c48810102342408c0801312204c48810102342408c0801312204c48810102342408c0801b1a07a807f333e78e5e2eb7f58edaa1d0f3eb2b5ef5029e6114a0c9cfbf8ad13ab5db5ed81a3db0f1c2bc53c8ef9e8c55fce268657bbeaa19ffd625d4db414f338802321204684801811026244088811212046848018110262440888112120468480181102624408881121204684801811026244088811212046848018110262440888112120468480181102624408881121204684801811026244088811212046848018110262440888112120468480181102624408881121204684801811026244088811212046848018110262440888112120468480181102624408881121204684801811026244088811212046848018110262440888112120468480181102624408881121204684801811026244088811212046848018110262440888112120468480181102624408881121204684801811026244088811212046848018110262440888112120468480181102624408881121204684801811026244088811615929140aea118a55c8e7d523388d08cb4a219f538f50acbcf7ff84d52242b7b22c83456510a1d99f60591ede933d3c7a79f3078206abf239cf4768f627f80301db27710c11ba9461846bf54868f670b90411ba1447c255f107891076338b307b3765fb240ecbacfe4fb02c3fef09613fb3080df660572914f2d995bbab5de5e937843e22742dc308d3cbb64fe2a4ecddb4cfb7eaaf3afdc1502986710c11ba54305461b0caeb4742b3f9cd1e2bf7204297aaa8aa3158e5f523a1d9fc668f957b10a14b852ac306af4873d98ca70f86e9a50583559555b5b64fe2242274af4aa327f85472cef6491c935a34199e08512a1546fb96d97eec12cb46cf20660f947b10a17b993dc17b3ac2344742b84a65b551840b1e8ed0ec485859cd0733288deae87a83558b3363b64fe28c423e77676eca60a1d903e51e44e85e35f51b0c5625a7466d9fc4194bb393f95c76b5ab2ccb5f1d6b2cc53c8e2142f7aaa96f325895b99bf2e8db42b3a78faa68bda72fa1f011a19b85237501a3734192539e7c459a9c3689d0ecf582ab10a19b5935462fb4e6c76eda3d8913e6c76f19ac327bbde02a44e86a35f51b0d564ddf1eb47d9252cbaea41726460c1612214aab2ede66b06a717ad4732791ce8c0c150a26f7598bc537db3e8cc388d0d51a367518ac2a140a9e3b184edffad460d5ba9aba70a4def6611c4684ae561d6b343b837472f813db8729a5c2d4cd0183650d2dedb68fe23c2274bbfa4d26fbd9c4f027b9cc8aedc394c86ce2b3d4e2bcc142b307c76d88d0edccf6b35c36333e78c5f6614a2471ed82d9422284131a5ab79b2d4c5c3b6fef242562fc7c118ec4aaa20db6cfe33c2274bbeabaf591c66683853323430b93261ffa3becf6d58fb22b698385f1ed3db60f2341841e60bcb70d9d7ddbde496c97cfe53ebbf837b3b54408e7c43b0df7b689e181c599717b87b1d7c8c059b35b5a54c71acd5e20b810117a40b83656b7d1e45b7b9faff08ff75e32b889a03332e9e54f3f7cd36c6d73e75e5b675122426f68eeea335b389b18be7df58cbdc3d865e0fd5756524b464bad3811c2612d3bf785d65599adbd76eab5f4d2bcade3d860fad68dc480e1e7b71bb6eea8aef3f685bcff8a08bd2110aa68dbfd35b3b5d995f4f9577ee7aaefeeefcc4f5f3af9bcf1f2f6bec3f6cda247849eb1a5e741e3ab579353a397def8a34b7e4c3b935e3efff26f8c4f318fc537c79ab7d83a9118117a4645b8a665e77ee3e59337072efff505f96fa7ada496cebef4ab3bf3d3c65bd85a5e87411f117a4bfbbec3c5dcca61ecc6a5737ff9b5d937e3b6585e98397de2b985c984f116228dcd4ded3b6d1cc90d88d04bc29158c7fe878ad9c2ccc8d0e913cf4acea49918ba7afac4b3cb0b33456cc3da75f8073e9f65db4cee40841ed3beef7055b4a82be89666274f9f78f6c6e9938ebd34cda4972f9f7cfec26bbf5f49dd29663b2df7ed37fdbed4d5bc7d9baa2f5c3bf5eab553afaaa730d7f7c8d34dedbbfecf7fec0f04777ef3d1f3affcb698ffb190cf0f9d7b67f4fac5f6fd875b76de5fba1fd9ccdc4d7d7ef9d4cd4bef17ff3335a1ca70d7c17e5ba6729b728870add9b0756753fbae89a22fdb4d2dce7df2ee9f87cebeb379cfc178674fb83666cb785f589c1e4b5cbf687c72f67feb3ad85f11aeb665536e43849eb4fbe8e3c917466df901a6f4d2c2f50f5ebffec11bb178dbc66d7b62cd5b22eb9b2dbfc9fb945c36939c1c99490c8fddb8bc343b51fc6cf7c43b7b5abb0fd8b8415721424f0a55867bfb9ffaf04fcf19dcb2fa7f28cc8d7d3e37f6b9cfe70b0443d1a6d6da868de148ac2a521f8ec44295617f3014088602c10a9faf90cb6672994c2ebbb292ba935a9c4b25e79693b3c9a9d1e4d468216ffffbcc9afa0dbb8f3c66fb66dd8308bd2aba61d37d871ebdfaee8bb66f3997cdcc26866713c3b66fd9402054d1dbff94d94d90bd824f473dacb5fb405bb7e1b96c9e6059fe9e634f96c13db6bf1a117adbae87be5fcc69346e6659d69e634f347574ab07293922f43aabfbdb8f6dda6178a1936b5996b5fbe8e3cd5dbdea419c40849ef7e5fe5a46d7d75996d57de4879b76ec530fe2103e98290796e5ef79f847d5b1c6c1336fb9e4520963a1caf0deeffc647d5ba77a10e71061d9b0b63d7034dad47af9e4f3c59f9ea252bb3edef7dda78b3c2fcf7378395a561a37771d7cf2b847ef80d4dcd5fbf5c77fbed60af471242c3f55d186834f1cbf79e9fd4fcfbce9aaabe9bf4255b4febe43df6bdcb2433d8806119621cbefdfda7728ded933f0f7975d7e337c7f20d8def7ad8efb8f78fd27af8bb176fff2b2b7ae26dadbffd39991a1a1b36fcf8c0ca9c7f94ffe4020ded9bbedfe23e5712bfb621061996b68e96868e9484e8d0e5f786f7cf0e342dee48738ed15aa0cb7761fd8d2f38dcaea5af52cae40846b42a4b179efc33f4e1dec4f0c9c1b1fbc22b92db765f963cd5be2db7b9abb7a831595ce0fe05a56fff167d433c06977e6a6c607af8c0f5d494e8d96faffb2fcfefa4d1df16dbb9b3a7655844d7ef0b4ec11e19a96492fcf4fdc9e1fbf353f7e6b61e2b65d5f30aeab89d635b5d56d6cabdbd81ad9d01208866cd96cb9e2e5e89a165a57d5b8b9ab717397cfe7f3f90aa9c58554722eb538975e9c4b2dcea7927399bbcbb96ce6de0584f96cd667f902c18a4030f4e51586a15045b8265c1b0b4762e1daba706dac2a5acf116f558810f758e1daba706d9dcfb7553dc9dac21933801811026244088811212046848018110262440888112120468480181102624408881121204684801811026244088811212046848018110262440888112120468480181102624408881121204684801811026244088811212046848018110262440888112120468480181102624408881121204684801811026244088811212046848018110262440888112120468480181102624408881121204684801811026244088811212046848018110262440888112120468480181102624408881121204684801811026244088811212046848018110262440888112120468480181102624408881121204684801811026244088811212046848018110262440888112120f64f8d2aacfe655d854c0000000049454e44ae426082');

INSERT INTO issuers(issuer_id, did, name)
  VALUES('b32e17cb-dbcc-4fcb-a777-82bd4345b434', 'did:atala:dd96da61fed570e35cd2fd1bf227caac45f9de0b4b25cf2052c6af79179a207a', 'University of New Maryfort');
INSERT INTO issuer_groups (group_id, issuer_id, name)
  VALUES('e98568ec-e720-4897-9c5d-77857fb47055', 'b32e17cb-dbcc-4fcb-a777-82bd4345b434', 'Animator');
INSERT INTO participants(id, tpe, did, name, logo)
  VALUES('b32e17cb-dbcc-4fcb-a777-82bd4345b434', 'issuer', 'did:atala:dd96da61fed570e35cd2fd1bf227caac45f9de0b4b25cf2052c6af79179a207a', 'University of New Maryfort', E'\\x89504e470d0a1a0a0000000d494844520000012c0000012c0802000000f61f19220000128b49444154789cedddd96f5b677a80f1ef7093a89d92b5ef922dd9b16c59961c2776e2d869d281514cd0c14c2653b47391de16e9452ffb1fa4bdea450628d0a26867d0099a628ae90c32934e26b19dc5766cc97b64cb162d6bdf176aa12452642f6c38b1e3ed7c3c872f0fcff3bbffc857821e9194785e1ac7df79570190e3911e00703b2204841121208c080161440808234240181102c2881010468480302204841121208c080161440808234240181102c2881010468480302204841121208c080161440808234240181102c2881010468480302204841121208c080161440808234240181102c2881010468480302204841121208c080161440808234240181102c2881010468480302204841121208c080161440808234240181102c2881010468480302204841121208c080161440808234240181102c2881010468480302204841121208c080161440808234240181102c2881010468480302204841121208c080161440808f3490ff080c95b572efcee17a9df4e4169c5cb7ff9774a19a9df541a4466c6bf78ff9fcc9e3afecebb760cf36d63fde72f7ffc81d953db9f7f6dc7c1d7ed98276dcefeea9fe7c7c2664f1d7bfbef730b8a35ee2e3b1f0957e6a7a706af494f013c93ec8c50293578fe53e911806792b5112e4d8fce0e0f484f013c5dd646a878308443647384f363e185893bd253004f91cd112aa506cf7f223d02f014591ee1ccd0f5e5d909e9298027c9f20815af0c91f1b23fc2c95b97571767a5a7001e2bfb234c2693e1de13d253008f95fd112aa5c66ff4adaf2c494f013c9a2b224c6c6dddee3b253d05f068ae8850293572edec6674557a0ae011dc12e1563c3674e973e9298047704b844aa9e1cba7e39bebd253000f735184b18de8f09533d253000f7351844aa9db173edb8ac7a4a7001ee0ae0837a32ba35f9f939e027880bb22544addee3b994c6c494f017cc37511469717c76f5c909e02f886eb22544a0df69e482693d25300f7b831c2d58599a9c1abd25300f76441843a7b0db9be0999c3f111e615870a4a2bcd9e8acc8ccddcb961c73c80598e8f5029a3b5e798c6311e0c9121b2204255ddd6192c2a357b6a61fcf6c2f8900de300e664438486e169e97e45e3206ba09009b22142a554ddae9e9cfc42b3a766eedc88cc8cdb310ff0ecb224428fd7d7bcef88c6415e19425c9644a8946ad8f3823f37cfeca9a9c12bac8182acec89d0eb0f34ee3d64f65432990cf3600851d913a152aaa9f3b0d71f307b6aecc685f595451bc6019e495645e8cfcd6be878c1eca964622bcc1a28c8c9aa089552cd5d473c5ed31f3f3c7aed2bd640414ab64598935f58bbabdbeca9ad786ce8e26776cc033c55b645a8946aed3e6a18a6bfae3bac8182902c8c3058545addd669f6547c73fdcee52fed980778b22c8c5029d5da734ce312a7a18b9fb3060ae9979d1116945656b6ec327b6a33ba3a7aed2b3be6019e203b23544ab5f6bcaa712adc778a355048b3ac8db0b8b2beacaed5eca9f595c5b1eb7d76cc033c4ed646a8b41f0c590385f4cae608cbeab7975435983db5ba383b79eb8a1df3008f94cd112aa55aba75365f847b794b37d227cb23ac6cd955585665f65464667c66e8ba1df300df95e5112a65b4741fd538c6c5be489bac8f5055b775e61597993db53031343f76db8e798087647f8486e169d9cf1a2864aeec8f502955bbab3b27bfc8eca9d9e181c8cc981df300dfe68a083d5e5f73d7cb1a0707cff1ca10b67345844aa9860ead3550e1abab0b3376cc03dce79608bdfe4053e761b3a792c9e420ff3384cddc12a152aab1f3b02f9063f6d4f88d0bd1e5053be601ee725184fe9c607dc741b3a79289c4edbe9376cc03dce5a20895ee1aa8916be736d656ec9807506e8b3027afb06e578fd95389ad386ba0601f7745a8946ae97ec5f098feaa87af9c896d44ed9807705d84c1a2d2ea1d3a6ba0865903057bb82e42a5bd06ead217ac81821ddc186141696565cb73664f6d465747ae9eb5631eb89c1b23544ab51ed0d97c71fbc2a9c4166ba060319746585c515756bfc3eca9f595a5b1ebbd76cc0337736984eade2b43d3c2bd2792c984e5c3c0cddc1b61595d6b4955a3d9536b4b7393375903052bb93742a5fb60c85bba612d574758d1bcb3705bb5d953cbb313d343fd76cc03777275844a19ad7a6ba0b8d817d6717984aa6ac75e8d35508b9377e6c7c276cc0317727b8486e1d1dc89788e3550b086db23544ad5eeecce2d28367b6a76e4e6d2f4a81df3c06d885079bc5ecd35502c088615885029a5ea3b5e0804f3cd9e9a1abcb6323f6dc73c701522544a29afcfdf687e0d9452493e3a06a923c27b1af71ed259033570311a610d14524284f7f873820d1d2f983d954c24c27d276c18072e4284df68d25a0335faf5f98db5653be6814b10e13772f20aea9e3b60f654622b7efb026ba0a08f081fa0b7066ae42a6ba0a08f081f102c0cd5b475993d15dfdcb873e90b3be6811b10e1c35a7b8e1986d61aa8d8a61df320eb11e1c3f243e5152dbbcd9e8aadaf0db3060a5a88f0115a7b580385f421c24728aea8ddd6d066f6d4c66a64acffbc1df320bb11e1a369ae81ea3bc91a289845848f565adb12aa6e327b6a6d696ee2e6651bc6413623c2c7d27c303cffa95249cb87411623c2c72a6fd25a033537397d9b35503081089f4473272217fbc20c227c92aaed7bf34bb6993db538393c373a68c73c8e904c3afed9783291d6bfae11e1931886a1b906eabc7bd74025138eff676922bd5f02113e45edcefdb90525664fcd8ddc5a9a1ab1619cf432fff63d951511ea7d0986a15913113e85e1f136efd75b03e5f807438dab2b955259f0b621bd2fc1e3f5eadd1d113e5dfdee833a6ba0c2fd2bf35376cc93369a11baf59150efdba588f059787dfea6ce97cc9f4b3afdcfa43c129ae2f111a19d1a3b0ff902b9664f4d0c5c8a46e6ed98273df4228c3bfffa668d4bb40dc3c36b427bf902b90d7bccaf814a26067b4fd8304e9ae845e8f42503c96422beb961f694f60b424584cfaeb9eb65afcf6ff6d4587fefc6aa53d7406946b8be66f924e914df58d778e3a1c7fccfc63767b54fba4d20a8bd06ea941df3a481cf1fd038e5f44742bdf9f5be577711a109cdfb5f313ca69f750c5f3de3d00787405e81c629877eb1f7e9cdaff7bdba8b084d081696d4b49b5e03b515db1c72e61a287f4e50e319e9563ce6e807c3f595258d53397985daf74884e6b4761fd5580375e7f2970e5d0395a3f50bded11f0d105dd6199e08d3273f545ed9da61f6546c7d6df8ca193be6b15b40eb674befe73843ac69fd06d1fb46dd4584a669ae81ba782ab115b77c18bbe9fd82777484eb3c1266bea2f29af2c676b3a7365697471db8062a275f2bc2250747a8f7489893cf1f66d24b73f345aff3d640e5179bbe9c5229b53c3761f924e9914c6cad2ecc681cd4fb46dd45843a4235cda19a26b3a7a291f989814b368c63a382d20a8d53919971cb27498f95f9698d570d86e1c90f956bdf29116ad27b6518ee3de1ac355005a5951aa7621b5187be2cd4fbf591575caa7d098522426de58ded45e535664f2dcf4d4e859db4062a5854e2d57a2f4864c691cf4823b33a11ea3d5fb88f08f5e9ae8172d6c5be4681d613adc58921ab274987c5c9618d537acf17ee23427d95ad7b345e092c4d8dcc8ddcb2631e9b149456699c9a75d4d778577c737d696a54e320118a71c91aa892ea068d53cbb3e38e7b13e9dce8a0de9faf43d58da9dc2f11a6a4b6bd2b585862f6d4dce8a0ded31e1165b5ad1aa792c9a4e31e0c67876f6a9cca2d28091695a672bf449812c3e36dee3aa271d0419b2ff243e57aef209d0e5fb37c183b25678674fe665656d792e21d1361aaea763f1f089afe199dbeddbf3c3769c73c7628add5f9399b0a5f73d0dbd6e7c76e479717350eea7d73be8d0853e5f5f99bf6e9ac810a3be7c150efe76c2b1e9bbc75c5f2616c3276bd4fef20116684c6bd2feaac81ba79796dc9196ba0caea77e81d1cbbde6bed2436d1fe7d112c0ae51597a578ef4468015f20b771ef21b3a792c944b8ef840de3582fbf649bc63b13945273a3834bd33a7ff44fb391ab67e39beb1a07ab7774a67eef44688da67d2fe9ae818ad8318fe5b47fda06cffdd1da492c97d8dad2de034484192410ccafdbfdbcd9530e5a0355dda6f9d33615cef43f418df69fd35b69911f2ad77b82f01022b44c8be61aa8b38ef8a776b0305452a5f35f7ba5925f9ffc75c6be6d3db6be76f3cc1ff4ced6b4edb3640622b44c6e4171edcefd664f39680d544dbbe9afeeaef9b1f0c8d5afac1dc62afd9fff7633baa275d4a826c20cd4a2b506ca291faf5db7abdb9f9ba777f6fa171faeaf2c5a3a8e05668707c6fa35ff7e5bd1bc53e303641f8908ad945fb2ad6afb1ef3e732f4a9da43bcfe80c66701dc15df5ceffdedbf67d4ffee5717672f7ef44bede32dfb8f5a3509115a4cef625fa768ea3cac7df56a6466fce2efff33433e4c3bb6bed6fb9b7fd37e351eaa6ed458adf0384468b1c26dd5e54d3ba5a7b04b205850b7ab47fbf8f450ffa5ff7b5ffcb3d336a32be77efd2fab8bb3dab7d06cddc3a022423be85deceb142ddd475359e5303170f1fcfffeabde7fc62db1b63477fa839f2d4d8f69df4251794d65cb2e0b472242eb85aa9b4a6b9ba5a7b04bb02894e26f99b9d1c1d31fbc27f24e9aa9c1aba73f786f6d692e85db30761ffd8152a6fffcf60444688bec7e65d8d27d34af38a52be856e6a74f7ff0dec0e98fd2f6d434b6be76e9a35ff67df8f3cde86a2ab753f75c8feeff4b1f8b086db1ada1adb8a2567a0abb78bcbe5d2fbf91e28d241389c1f39f9cfaf93f0e5f3d636b8ab18de8adaf3e3ef91fff303e7031c59bf2e704db0f1db762a807e83fb9c793b5f41cbbf0e12fa4a7b04b45f3aeca96dd53295fb61b5d5eb8f6e9ff0c9efba471efa1eab6ce6061c892f1ee5a9e9d18bb7141fbcdd9dfd57ee87820986fc94d7d1b11daa5aab5a3a0b462657e5a7a10bbec79edcdc8fbe3967c00d3facad28d2f7f77e3cbdf87aa1baab6ef0dd534156dab313c3a4fd3b6e2b1c8f4e8dc587862e0d2cafc54eab3dd57ddd659df71d0c21bbc8f08ed63b4ec3f7af9e3ff921ec32efe9c60d7f19f9ef9ef9f59f74137c985893b0b137794525e9fbfb8b2beb0ac2a5814ca2b2a0d1685fc39418fcfeff5f9bdbe8052c9ad786c2b16db8a6f6e4657a3cb0bd1c8c25a643e32331e99194f26ac7f725b505ab1e7d51f597eb37711a18d6adabb6e9efd834377513f8be28adae78ebc71f5d35f597ecb5bf1d8fc58787e2c6cf92d6bf0fa035dc77faab704f959f087191b191e4ff3fe57a4a7b0577dc7c1860ecdf7b2398261783a5f7f2bc51ddb4f4684f6aadf7d406f559983ec3ef6e7a9bc8d26931986b1f7f51f6b7c2cac2944682f8fd7d7b4ef65e929ec6674fcc98f342ee3ca708661ec79edcd9af62ebbef88086dd7b0e7457f4e507a0a7bddfb79b5e8faba4c601846c7ab3facddd99d86fb2242dbf902390de6d740398e61783abff7931d075fd7b8a232d3f873823d6ffc75dd7307d2737744980e4d9d87edfbdb5a2631b63fff5af7f7df76f4237fe1b6ea436ffdedb686b6b4dd2311a64320985f6f7e0d94439537b61f7aeb1d4b3620a55f4d7bd78b6ffe4d8aef8c358b08d3a4b9eb88c76b7a0d9443e515971dfaf13b3b0fff99831efff38a4b7bbeff76e79ffe446375658af8677d9ae41614d7eeec1eb996a1fb8e2c67783ccdfb8f54b775f67ff69b0c5f86eff1fa5af6bfd27ae0d554ae934c0511a64f4bf7d1d1afcfeb7d029e43e51614771dffabb9d1c1c1737f9c1b1d941ee7611eafb7baad6bfb8157535f659f0a224c9fbce2b2aa1d7b26062e490f926e6575ad6575ad9199f170dfc9c95b979309f95f43fe9c607dc7c1a6ce9772f20ba56721c2f46aed3e363170d929ebd5ac55545eb3ef7b7f113d747cacfffce4ad2b226bb90dc313aa69aaded159d3dee50be4a47f8047328ebff3aef40c70a3d58599c95b572607af4466c6edbe2fc3e329ad6daddebea7b275b7c68749da8d08212cb6beb63835b23839bc3839bc343512db885a72b3b905c525950d25550d2555f5451575e9ff9be7b3e3e92884f973f3ca1bdbcb1bdb95524a25a3cb4bd1c8427479617d7921babc188d2cc436d6b6e2b1fb171026e2716528af2fe0f5f9ef5d61e8f7078205c1c250b028142c2c091686f28a4b33f011ef71881019c5081696040b4b94cada7575dfc53feb0161440808234240181102c2881010468480302204841121208c080161440808234240181102c2881010468480302204841121208c080161440808234240181102c2881010468480302204841121208c080161440808234240181102c2881010468480302204841121208c080161440808234240181102c2881010468480302204841121208c080161440808234240181102c2881010468480302204841121208c080161440808234240181102c2881010468480302204841121208c080161440808234240181102c2881010468480302204841121208c080161440808234240181102c2881010468480302204841121208c080161440808234240181102c288101046848030220484112120ecff01f8404715144c0fe20000000049454e44ae426082');

INSERT INTO issuers(issuer_id, did, name)
  VALUES('6a7bf056-5ccf-4e28-b3a0-124d3cf54c53', 'did:atala:f1af8036e443872c86ccfd11c46381b1ba63ac9057bc575abfe1351cff44da2e', 'University of North Henry');
INSERT INTO issuer_groups (group_id, issuer_id, name)
  VALUES('2438aed2-d62a-474e-aac1-585b997364f4', '6a7bf056-5ccf-4e28-b3a0-124d3cf54c53', 'Acupuncturist');
INSERT INTO participants(id, tpe, did, name, logo)
  VALUES('6a7bf056-5ccf-4e28-b3a0-124d3cf54c53', 'issuer', 'did:atala:f1af8036e443872c86ccfd11c46381b1ba63ac9057bc575abfe1351cff44da2e', 'University of North Henry', E'\\x89504e470d0a1a0a0000000d494844520000012c0000012c0802000000f61f19220000128b49444154789cedddd96f5b677a80f1ef7093a89d92b5ef922dd9b16c59961c2776e2d869d281514cd0c14c2653b47391de16e9452ffb1fa4bdea450628d0a26867d0099a628ae90c32934e26b19dc5766cc97b64cb162d6bdf176aa12452642f6c38b1e3ed7c3c872f0fcff3bbffc857821e9194785e1ac7df79570190e3911e00703b2204841121208c080161440808234240181102c2881010468480302204841121208c080161440808234240181102c2881010468480302204841121208c080161440808234240181102c2881010468480302204841121208c080161440808234240181102c2881010468480302204841121208c080161440808234240181102c2881010468480302204841121208c080161440808234240181102c2881010468480302204841121208c080161440808234240181102c2881010468480302204841121208c080161440808234240181102c2881010468480302204841121208c080161440808f3490ff080c95b572efcee17a9df4e4169c5cb7ff9774a19a9df541a4466c6bf78ff9fcc9e3afecebb760cf36d63fde72f7ffc81d953db9f7f6dc7c1d7ed98276dcefeea9fe7c7c2664f1d7bfbef730b8a35ee2e3b1f0957e6a7a706af494f013c93ec8c50293578fe53e911806792b5112e4d8fce0e0f484f013c5dd646a878308443647384f363e185893bd253004f91cd112aa506cf7f223d02f014591ee1ccd0f5e5d909e9298027c9f20815af0c91f1b23fc2c95b97571767a5a7001e2bfb234c2693e1de13d253008f95fd112aa5c66ff4adaf2c494f013c9a2b224c6c6dddee3b253d05f068ae8850293572edec6674557a0ae011dc12e1563c3674e973e9298047704b844aa9e1cba7e39bebd253000f735184b18de8f09533d253000f7351844aa9db173edb8ac7a4a7001ee0ae0837a32ba35f9f939e027880bb22544addee3b994c6c494f017cc37511469717c76f5c909e02f886eb22544a0df69e482693d25300f7b831c2d58599a9c1abd25300f76441843a7b0db9be0999c3f111e615870a4a2bcd9e8acc8ccddcb961c73c80598e8f5029a3b5e798c6311e0c9121b2204255ddd6192c2a357b6a61fcf6c2f8900de300e664438486e169e97e45e3206ba09009b22142a554ddae9e9cfc42b3a766eedc88cc8cdb310ff0ecb224428fd7d7bcef88c6415e19425c9644a8946ad8f3823f37cfeca9a9c12bac8182acec89d0eb0f34ee3d64f65432990cf3600851d913a152aaa9f3b0d71f307b6aecc685f595451bc6019e495645e8cfcd6be878c1eca964622bcc1a28c8c9aa089552cd5d473c5ed31f3f3c7aed2bd640414ab64598935f58bbabdbeca9ad786ce8e26776cc033c55b645a8946aed3e6a18a6bfae3bac8182902c8c3058545addd669f6547c73fdcee52fed980778b22c8c5029d5da734ce312a7a18b9fb3060ae9979d1116945656b6ec327b6a33ba3a7aed2b3be6019e203b23544ab5f6bcaa712adc778a355048b3ac8db0b8b2beacaed5eca9f595c5b1eb7d76cc033c4ed646a8b41f0c590385f4cae608cbeab7975435983db5ba383b79eb8a1df3008f94cd112aa55aba75365f847b794b37d227cb23ac6cd955585665f65464667c66e8ba1df300df95e5112a65b4741fd538c6c5be489bac8f5055b775e61597993db53031343f76db8e798087647f8486e169d9cf1a2864aeec8f502955bbab3b27bfc8eca9d9e181c8cc981df300dfe68a083d5e5f73d7cb1a0707cff1ca10b67345844aa9860ead3550e1abab0b3376cc03dce79608bdfe4053e761b3a792c9e420ff3384cddc12a152aab1f3b02f9063f6d4f88d0bd1e5053be601ee725184fe9c607dc741b3a79289c4edbe9376cc03dce5a20895ee1aa8916be736d656ec9807506e8b3027afb06e578fd95389ad386ba0601f7745a8946ae97ec5f098feaa87af9c896d44ed9807705d84c1a2d2ea1d3a6ba0865903057bb82e42a5bd06ead217ac81821ddc186141696565cb73664f6d465747ae9eb5631eb89c1b23544ab51ed0d97c71fbc2a9c4166ba060319746585c515756bfc3eca9f595a5b1ebbd76cc0337736984eade2b43d3c2bd2792c984e5c3c0cddc1b61595d6b4955a3d9536b4b7393375903052bb93742a5fb60c85bba612d574758d1bcb3705bb5d953cbb313d343fd76cc03777275844a19ad7a6ba0b8d817d6717984aa6ac75e8d35508b9377e6c7c276cc0317727b8486e1d1dc89788e3550b086db23544ad5eeecce2d28367b6a76e4e6d2f4a81df3c06d885079bc5ecd35502c088615885029a5ea3b5e0804f3cd9e9a1abcb6323f6dc73c701522544a29afcfdf687e0d9452493e3a06a923c27b1af71ed259033570311a610d14524284f7f873820d1d2f983d954c24c27d276c18072e4284df68d25a0335faf5f98db5653be6814b10e13772f20aea9e3b60f654622b7efb026ba0a08f081fa0b7066ae42a6ba0a08f081f102c0cd5b475993d15dfdcb873e90b3be6811b10e1c35a7b8e1986d61aa8d8a61df320eb11e1c3f243e5152dbbcd9e8aadaf0db3060a5a88f0115a7b580385f421c24728aea8ddd6d066f6d4c66a64acffbc1df320bb11e1a369ae81ea3bc91a289845848f565adb12aa6e327b6a6d696ee2e6651bc6413623c2c7d27c303cffa95249cb87411623c2c72a6fd25a033537397d9b35503081089f4473272217fbc20c227c92aaed7bf34bb6993db538393c373a68c73c8e904c3afed9783291d6bfae11e1931886a1b906eabc7bd74025138eff676922bd5f02113e45edcefdb90525664fcd8ddc5a9a1ab1619cf432fff63d951511ea7d0986a15913113e85e1f136efd75b03e5f807438dab2b955259f0b621bd2fc1e3f5eadd1d113e5dfdee833a6ba0c2fd2bf35376cc93369a11baf59150efdba588f059787dfea6ce97cc9f4b3afdcfa43c129ae2f111a19d1a3b0ff902b9664f4d0c5c8a46e6ed98273df4228c3bfffa668d4bb40dc3c36b427bf902b90d7bccaf814a26067b4fd8304e9ae845e8f42503c96422beb961f694f60b424584cfaeb9eb65afcf6ff6d4587fefc6aa53d7406946b8be66f924e914df58d778e3a1c7fccfc63767b54fba4d20a8bd06ea941df3a481cf1fd038e5f44742bdf9f5be577711a109cdfb5f313ca69f750c5f3de3d00787405e81c629877eb1f7e9cdaff7bdba8b084d081696d4b49b5e03b515db1c72e61a287f4e50e319e9563ce6e807c3f595258d53397985daf74884e6b4761fd5580375e7f2970e5d0395a3f50bded11f0d105dd6199e08d3273f545ed9da61f6546c7d6df8ca193be6b15b40eb674befe73843ac69fd06d1fb46dd4584a669ae81ba782ab115b77c18bbe9fd82777484eb3c1266bea2f29af2c676b3a7365697471db8062a275f2bc2250747a8f7489893cf1f66d24b73f345aff3d640e5179bbe9c5229b53c3761f924e9914c6cad2ecc681cd4fb46dd45843a4235cda19a26b3a7a291f989814b368c63a382d20a8d53919971cb27498f95f9698d570d86e1c90f956bdf29116ad27b6518ee3de1ac355005a5951aa7621b5187be2cd4fbf591575caa7d098522426de58ded45e535664f2dcf4d4e859db4062a5854e2d57a2f4864c691cf4823b33a11ea3d5fb88f08f5e9ae8172d6c5be4681d613adc58921ab274987c5c9618d537acf17ee23427d95ad7b345e092c4d8dcc8ddcb2631e9b149456699c9a75d4d778577c737d696a54e320118a71c91aa892ea068d53cbb3e38e7b13e9dce8a0de9faf43d58da9dc2f11a6a4b6bd2b585862f6d4dce8a0ded31e1165b5ad1aa792c9a4e31e0c67876f6a9cca2d28091695a672bf449812c3e36dee3aa271d0419b2ff243e57aef209d0e5fb37c183b25678674fe665656d792e21d1361aaea763f1f089afe199dbeddbf3c3769c73c7628add5f9399b0a5f73d0dbd6e7c76e479717350eea7d73be8d0853e5f5f99bf6e9ac810a3be7c150efe76c2b1e9bbc75c5f2616c3276bd4fef20116684c6bd2feaac81ba79796dc9196ba0caea77e81d1cbbde6bed2436d1fe7d112c0ae51597a578ef4468015f20b771ef21b3a792c944b8ef840de3582fbf649bc63b13945273a3834bd33a7ff44fb391ab67e39beb1a07ab7774a67eef44688da67d2fe9ae818ad8318fe5b47fda06cffdd1da492c97d8dad2de034484192410ccafdbfdbcd9530e5a0355dda6f9d33615cef43f418df69fd35b69911f2ad77b82f01022b44c8be61aa8b38ef8a776b0305452a5f35f7ba5925f9ffc75c6be6d3db6be76f3cc1ff4ced6b4edb3640622b44c6e4171edcefd664f39680d544dbbe9afeeaef9b1f0c8d5afac1dc62afd9fff7633baa275d4a826c20cd4a2b506ca291faf5db7abdb9f9ba777f6fa171faeaf2c5a3a8e05668707c6fa35ff7e5bd1bc53e303641f8908ad945fb2ad6afb1ef3e732f4a9da43bcfe80c66701dc15df5ceffdedbf67d4ffee5717672f7ef44bede32dfb8f5a3509115a4cef625fa768ea3cac7df56a6466fce2efff33433e4c3bb6bed6fb9b7fd37e351eaa6ed458adf0384468b1c26dd5e54d3ba5a7b04b205850b7ab47fbf8f450ffa5ff7b5ffcb3d336a32be77efd2fab8bb3dab7d06cddc3a022423be85deceb142ddd475359e5303170f1fcfffeabde7fc62db1b63477fa839f2d4d8f69df4251794d65cb2e0b472242eb85aa9b4a6b9ba5a7b04bb02894e26f99b9d1c1d31fbc27f24e9aa9c1aba73f786f6d692e85db30761ffd8152a6fffcf60444688bec7e65d8d27d34af38a52be856e6a74f7ff0dec0e98fd2f6d434b6be76e9a35ff67df8f3cde86a2ab753f75c8feeff4b1f8b086db1ada1adb8a2567a0abb78bcbe5d2fbf91e28d241389c1f39f9cfaf93f0e5f3d636b8ab18de8adaf3e3ef91fff303e7031c59bf2e704db0f1db762a807e83fb9c793b5f41cbbf0e12fa4a7b04b45f3aeca96dd53295fb61b5d5eb8f6e9ff0c9efba471efa1eab6ce6061c892f1ee5a9e9d18bb7141fbcdd9dfd57ee87820986fc94d7d1b11daa5aab5a3a0b462657e5a7a10bbec79edcdc8fbe3967c00d3facad28d2f7f77e3cbdf87aa1baab6ef0dd534156dab313c3a4fd3b6e2b1c8f4e8dc587862e0d2cafc54eab3dd57ddd659df71d0c21bbc8f08ed63b4ec3f7af9e3ff921ec32efe9c60d7f19f9ef9ef9f59f74137c985893b0b137794525e9fbfb8b2beb0ac2a5814ca2b2a0d1685fc39418fcfeff5f9bdbe8052c9ad786c2b16db8a6f6e4657a3cb0bd1c8c25a643e32331e99194f26ac7f725b505ab1e7d51f597eb37711a18d6adabb6e9efd834377513f8be28adae78ebc71f5d35f597ecb5bf1d8fc58787e2c6cf92d6bf0fa035dc77faab704f959f087191b191e4ff3fe57a4a7b0577dc7c1860ecdf7b2398261783a5f7f2bc51ddb4f4684f6aadf7d406f559983ec3ef6e7a9bc8d26931986b1f7f51f6b7c2cac2944682f8fd7d7b4ef65e929ec6674fcc98f342ee3ca708661ec79edcd9af62ebbef88086dd7b0e7457f4e507a0a7bddfb79b5e8faba4c601846c7ab3facddd99d86fb2242dbf902390de6d740398e61783abff7931d075fd7b8a232d3f873823d6ffc75dd7307d2737744980e4d9d87edfbdb5a2631b63fff5af7f7df76f4237fe1b6ea436ffdedb686b6b4dd2311a64320985f6f7e0d94439537b61f7aeb1d4b3620a55f4d7bd78b6ffe4d8aef8c358b08d3a4b9eb88c76b7a0d9443e515971dfaf13b3b0fff99831efff38a4b7bbeff76e79ffe446375658af8677d9ae41614d7eeec1eb996a1fb8e2c67783ccdfb8f54b775f67ff69b0c5f86eff1fa5af6bfd27ae0d554ae934c0511a64f4bf7d1d1afcfeb7d029e43e51614771dffabb9d1c1c1737f9c1b1d941ee7611eafb7baad6bfb8157535f659f0a224c9fbce2b2aa1d7b26062e490f926e6575ad6575ad9199f170dfc9c95b979309f95f43fe9c607dc7c1a6ce9772f20ba56721c2f46aed3e363170d929ebd5ac55545eb3ef7b7f113d747cacfffce4ad2b226bb90dc313aa69aaded159d3dee50be4a47f8047328ebff3aef40c70a3d58599c95b572607af4466c6edbe2fc3e329ad6daddebea7b275b7c68749da8d08212cb6beb63835b23839bc3839bc343512db885a72b3b905c525950d25550d2555f5451575e9ff9be7b3e3e92884f973f3ca1bdbcb1bdb95524a25a3cb4bd1c8427479617d7921babc188d2cc436d6b6e2b1fb171026e2716528af2fe0f5f9ef5d61e8f7078205c1c250b028142c2c091686f28a4b33f011ef71881019c5081696040b4b94cada7575dfc53feb0161440808234240181102c2881010468480302204841121208c080161440808234240181102c2881010468480302204841121208c080161440808234240181102c2881010468480302204841121208c080161440808234240181102c2881010468480302204841121208c080161440808234240181102c2881010468480302204841121208c080161440808234240181102c2881010468480302204841121208c080161440808234240181102c2881010468480302204841121208c080161440808234240181102c2881010468480302204841121208c080161440808234240181102c2881010468480302204841121208c080161440808234240181102c288101046848030220484112120ecff01f8404715144c0fe20000000049454e44ae426082');

INSERT INTO issuers(issuer_id, did, name)
  VALUES('8d2fd49c-7352-4d6d-b448-0dcfed61ae93', 'did:atala:d8f560714f912e74fd8ac231616bf2fc828473b0cd173ce0c7eacde27ab85097', 'University of Beckborough');
INSERT INTO issuer_groups (group_id, issuer_id, name)
  VALUES('eb77fbe9-aae3-43b4-8f39-e8e999557b5c', '8d2fd49c-7352-4d6d-b448-0dcfed61ae93', 'Manufacturing engineer');
INSERT INTO participants(id, tpe, did, name, logo)
  VALUES('8d2fd49c-7352-4d6d-b448-0dcfed61ae93', 'issuer', 'did:atala:d8f560714f912e74fd8ac231616bf2fc828473b0cd173ce0c7eacde27ab85097', 'University of Beckborough', E'\\x89504e470d0a1a0a0000000d494844520000012c0000012c0802000000f61f19220000153949444154789ceddde9731bf77dc7f13d7010c40d9ee07d48a42852072959966459a614b9b2ecf84ae2b8cec46e9be9e4513d9dceb44ffa0f7432d3e9e449326d279924ae5b7bead4ae62cbb2ec58b6accbd645893a7888a444f1020f80240002c4b1bb7d208faa589644fef0dbfd2ec8cfeb61e2dfea2b8a6f02c4eefe563cf0facf0400a023510f00b0da21420062881080182204208608018821420062881080182204208608018821420062881080182204208608018821420062881080182204208608018821420062881080182204208608018821420062881080182204208608018821420062881080182204208608018821420062881080182204208608018821420062881080182204208608018821420062881080182204208608018821420062881080182204208608018821420062881080182204208608018821420062881080182204208608018821420062881080182204208608018821420062881080182204208608018821420062881080182204208608018821420062881080182204208608018859a807f813a181cb5d87dfa49e42100441942449b648b245b6582559b6da0bed856ebbd36d2b7417383dae40a92b50667338a9c7ccc958cfb9ee3fbeb3dc556bb6ed5bfbe8937acc6398afdefdb7c8d8d07257edf9ab7f2c7079f598c75c119a87a6aa8a9a5632e9ccd7ff43e4deffc6e670ba0265bef29aa2aa467fb04eb6da0c1d11560a44c82e9d5c888c0d45c68686ce7f2e4ab2b7b4aaac617db06993c3eda71e0df20922e4435395b9d0f05c68b8efd447fe604d45737be5ba2d786d84a54084dc69b313c3b313c3fda78fd46cd851bbe9317ba18b7a24303544a8974c2a3978eee88dae2f6a37ee58b36d9fc556403d1198144e51e84b55b237ba8e7ff11fff3cded7453d0b98142234422a11bbf4f1db67fef757e9649c7a16301d44689cf0c8f5136ffd3c3276837a1030174468a8d442eccc7bff3edc7d8a7a1030114468344d53af1d3b3878ee28f5206016889046ffe923fda78f504f01a68008c90c9e3b3adc7d9a7a0aa0870829f51cff437874907a0a2086082969aada75f8cd646c8e7a10a0840889651613573f7b977a0aa0b4122e5b5bf7d833f51dbb391e505315555154259b5e4ca493f174229e980fc767a7e391c9e8f4b8aa6439fe5982204c0ff78df7755534b7f33d2ce48b95102177a224cb922c5b6dd68242a7aff8eeff4b55b273a191995bfda181ee85b9195e7f62cff1f74beb5b707de9ea84089747922d81cafa40657dd38efdf393a3372e1e0f0d746baa9ae361d3c985e1ee538d5bf7721912f20b7e2764e72dabdabcff95275efd87b286d6dc8f76f3e209259b79f87f072b0e22cc95c313e878e6b52dcffea5b5a03097e3a4930b2357bfe23515e41144c847695dcbae57fed6535291cb4146af9de3350fe41144c84d81cbb7edc59f7a4bab988f109b99884726398e04790111f264b53bb63ef71387dbc77c84f1fe4bfcc681fc800839b3399ced4fbf264a32dbf2a91bd7f8ce03e68708f9f39656d66ddec5b6361e0e65d38b7ce701934384ba58bb6d9fcdc1b2c99aa669b313c3dce701334384ba90adb6da4d3bd9d622c2d50611eaa5a66dbb28b17c79f101e96a8308f56273388b2a1b191626a3dff2dc0b58c110a18eca1a592e674bcc23c2d50511eac8575ecbb02a9b5ecc2c26b80f03a6850875e42e2e972d568685995492fb30605a885047a228157a8b1816e2768a550511eaab80e912362593e63d08981722d417db0396f14ab8aa20427db1fd4e28681aef41c0bc10a1be640bcbc37a2519db8eac2288d08c10e1aa8208f5a564593e62c1c3ee571544a82fb68f586c0e27f749c0b410a1be52f1e8729788a294e39e51905f10a1be92f1b9e52eb13bdda228ea300b981422d491a66989f9f072577d63cf6f58f110a18ee29149866b5f9cbe123d8601d342843a9a63ba47de5554ce7d12303344a8a349a6add3fcc11aee9380992142bd6452c9f0c8f5e5ae92ad367771508f79c0b410a15e46ae9e511565b9ab8aaa1a4511ff28ab0bfebd75a12ad9e14b2719167279c013e41744a88ba1f39f2fc6e797bb4a94a4d2fa163de601334384fcc5235383e73e6358585abf9e6dcb60c86b8890b36c7af1c2876fb03dd7bea6ed51eef380f921429e944cfac2a1371666a719d67a4a2a8a6bd6721f09cc0ff7ad71934e2e5c38f43be64dec9bb6ef17045c32ba1a21423e226343178fbc955a58f63d13b71555af2da95bc77724c817883057a98568dfa9c363bd5d82c0b8318c6cb1b6edf91edfa9208f204276b170e8e6c513e37d5d6c1fc3dcd1f2f8b385de00afa920ef20c2e55115253a3d3a3ddc3f397825160ee57ec0aa96add5f85074754384df42535555c9aa4a36934aa693f1546221190dc767a7e391c9e8d418c74d418b6b9a5af7bcc8eb6890a7564284bd270ff59e3c443dc5b21555afddf2ddbfc0c66a80ef001ad5addb5a3b5f1025997a10a087088d66b1d9d7edfa6e75eb36ea41c02c10a1a14aeb5ad6773eef70fba9070113418406095436346ddfefafa8a31e044c0711eacb5ee82a5fb3b166c37657a08c7a16302944c89fc556e02dabf6076b4b6a9b7ce535b822141e0c7751f06773385dfe626f5995bb288802e1a1f04ac85f623e3cdc7d7ab8fbb46cb59535b456aeeb28aa5e8b4db5e17e10a18e944c7abcaf6bbcafcbe1f1d7b7efae5aff08e333436145c3db512324a3b3d78e1dfcfcb7ff74a3eb0b4d5df6166cb0b22142e3a4930bbd270e1dffcf7f99bed94b3d0b98082234dac2dcccb9f77fd3fdc97f67d329ea59c01410218db1def327dffef9fcd428f520400f119249cc47befa9f7f9d1cbc423d0810438494946ca6ebf09b6c7b75c38ab1124e51ac7bec99fa8edddc0faba98a92cdaa4a56c9a6530bb154229e4a44e391a97838140b87d2c9053e7f8aa65dfbe20f8228d56edcc1e58090775642843a1125d9629305c12e08ce7bef7b884726c3a38333b7faa787fb733feb70edd841d96aad6ad99ae371201f214246ae40992b5056bb71673ab93071fdd2f0a5930b7333391c4fbb72f45da7b7c85f51cf6d44c813f89d30573687b376e3cec77ffcf79bf7bf92cbe3e63555e93afc26c3636420df21423e44510c366ddef5a3bf6bd8d2294a8c5fd554227ee9e3b798f72f853c85087992644bf3ce038fbef8539bc3c97684c8d88de1ee2ff94e05268708f9f357d4ef78e96f0abd456ccbfb4e7d988ccd719d084c0d11eaa2d01bd8f6c25fdb9d6e86b54a26dd7ffa23ee2381692142bd383c81adcffe846d5bd1f1be8bd1e971ee23813921421d794a2a9a763cc5b454ebfff208e769c0ac10a1beeadb77f9ca6b19164edfec637bd828e41d44a83771dd630798166ac3ddb8a674554084baf357d497d436332c1ced39cff1e133605a88d008351b582ece56326913de83af69797f2d81a6aad423fc0944688492bae602979761e1c4f56eeec3e46805ec91a39aecaf80088d208a5259631bc3c2e9e15e55d1ed3b866917c6151021db5f4114f58a05111a84edd74225939e9f1ae13ecc6d6ce73075fca16014b6bf8224ebf51c3b446890406503dbbf62646c88fb30b73146b85a5f09f57b9c2b2234886cb1b23d136676fc26ef59be8657c265912c8830ffb98b2b1856456726b84f721b5b84d95492fb2406cb2cffaf208a127e275c093cc5e50cab520b51866f9aa5608b50a7610ca3692ac38eaffafd422820422315b87c6c0be3e149ae837c8d31c2c504f7498c944d2d32dc362de9f9101144681cbbd3c3b630199be53bc96d16ab8d6155bebf12b2cdcff6b55a2244689c02d608530b31be93dc662b7431accaf75742b6f9d9be564b84088d23b3fe344d25a27c27b9cd6a7730bc2355b299bc7e3164db4acb5ec8727ff6122142e3303f9c309588f39de40e3bd30ff8645497b7c7c6607b6f8f085708e6134d6a36cb77923b6c4cdf5b3afd8e6a8c04d34f10b62fd412214203b1de7fa0287addd0c4f6033eaf235cc42be16aa6b0bea0a98a5eaf846c5b5125e7f33842b65742bb131fccac082aeb0b9a28b0dceeb0144e2fcb96e1b1b05e17f1e84d5315b64d43d8be504b84088d934da7d916ca56bdce14bb02a50cabf27727b878648ae16d85284a4e7f891ef3dc86088d935a607cce8464d1eb4c31db35e59954324f7f2d64fbf151e80de8770b8580088db418673cddc77c6ee3a11c1e1fdbd9cbe8745ebe238dceb044c8f67e61e910a17192f139b685cc67f997407431bdd19a9bb8c97b1223cc856e31ac627bbfb07488d03831d65fa598af775b0a5780e5de8e999101ee93e82d9b5e9c9f1c65588808570ee63b03ef7d4e3047be600dc3aad8cc78de5d441a1e1dd434967dd6fc4196ed9b970e111a249b5e64de51dbe1d131c2a2ca4686559aa6e5dd8be1ccadeb0cab0a5c3e8727c07d98bb214283cc8c5c67fb312ce81ca1d35fc27605e9d4d055eec3e8499bbed9c3b0aca8aa81fb28df80080d3233dccfb6d06a77b045b274814a96efb3c9a1ab4a86f1cca7f1226337d89efac8f6c5591644680455c98606afb0adf596550bba5d31731bdbf79992cd84062e731f462763bd17d81622c21522347099f9630cbd3f151004a1a87a2ddbc2b1def37c27d109f3cf0b87c7cffcc4e5a543844618ee3ec5bcd657cef2e9e5b2387dc59e12969de0c2a383f3532c1ffa1b6ce4ca57d9f422c3c2e0da4ddc87b91722d4dde4d035b673c4822088926c4084420edf6d83673fe53b0977aaa2dce8fa826d2d225c093455c9e501f4c5d56b2cb6028ef3dc4fb089f1bb6d72a827160ef11d86afd19eb36c5b5a38fd256c6f10960b11eaabffcb8fe311f60d0bcbd76ee438cc0338dc7ed6975ceddab1830c9b081a23b398b8fee5276c6b2b9a36739de5be10a18ec2a383372e1c635e2e4a7259fd7a8ef33c58457307dbc2c8d8d0c895337c87e1a5e7c407e924db0e3d621011e6bbd8ccc485436fe4f248cd92da666b4121c7911eacaa650bf31fd77bf2c345d6cbd3f53373ab7fac87f1f3dbd2fa754e9f8e37f2de0d11ea22363371f6e0afd93e91bba3a16337af799642b6da6a366c675b9b4d2f9effe077a63a77bf303773f1c85bcccb1b3a3af9cdf2108890bfa99b3da77fffcb5422a71d7b7de535fe8a7a5e232d51dda6c798ef5e8d4e8f5ffce8bf4cf230edcc62e2fcfbbfc9e5dcacbfa28eeb440f820879caa653573f7feffcfb1c5e131a3a9ee032d2b2d81caeaa96adcccba76ef65cfaf86df267a7a593f1b3077fb53037c37c847a035f060541d0f1a6fd55455395d19ef303673ee5f2ab91afbca6acb135f7e33068d8d239da738e797fb789fe8be944ace399d78c39b372afc47cf8ecc15f27e6c3cc47f094549435b4701ce9a11061ae5289d8785fd770f7295efb528ba2d4daf9a2ded78bde8fc3e36fdcbae7fa578c1feb0b82101e1d3cfdce2f363ef9b2b7b48ae3604b313978e5ca67efa6930b391c4334fe8b8f0819c5c2a1f0e8c0f4cdbef0c800f33d4adfaa66e30e63ce11df4fc396ceb1def389f908f311e291a9d3effca2a1a373cdb67dba3ed9ef8ecc62e2dab183e3fd17733c4ed5faadc65ca2743744785f9aaaaa4a5655b2d94c3a9d88a512b1c578343e3b150f8762e1506e3f6eefcbe109346dff333d8ebc74926c6979fcb9f31ffc36978368aa3a78eee8785f57c3d6ceaa9647f44b31934a0e5f3a79f3e289dc1f5363b53b9a771ee032d5b2ac84087b4f1eea3d79887a0a0e648bb5e3e957a97e9bba5b697d4b5943eb64ceb7ed2663b3573f7b6ff0ecd1da8d3b834d9bf8eed3119b9918ebeb62be38fb5ecd3b0fd81c4e2e875a969510e18ad1daf922ed1bd1bb6dd8f752f4ed712ebfe82ec6e7fb4e1dee3bf5913f5853be66a3bfa2ce535c214a2c9fcc2bd94c746a343c3634d17f2997eb01ef156cda54ddf628c7032e1d22348bbacdbb2a5bb6504ff1ffac7647fb8157bffcfd2ff93d09439b9d189e9d18160441b658bd65d5eea27287c75fe809383c7eabdd2159acb2c52a5b6c82a029d98c92c928d9743ab9908ccd26a3b38968243a3d1e9d1ed754fea7405c81d20d7b7fc0fdb04b84084da166c38e96c79fa59ee29bbca595eb773f77e5b377b91f59c96622634391b121ee4766205b6ded075ed57373d787c0c97a7a351bb6b7763e4f3dc5b7ab6e7bb4a68df15ab6bc208ad2a6275fd67b8fed07c32b21b1862d9dcd3b9fa23a2bb814ad7b5e5095ec68cf39ea41f8134571e3933f2c6b6ca31d03119291adb60ddf792968d41d833910dbbef3034d5399f74a3227511437ec7ba9a2b99d7a104448c4e92b6e7ffa557711cb16f4c6bbfdfdaaa96aee67c34d4214c5b6bddfaf5c678a4fc210a1d14449ae6f7f7ccdb67dfa3d6b490fa2286ddaffe74e7fc9c0993f9ae456096656bb63f3533f2aae69a21ee46b88d050bef2dab6bddfcb9717c07b886bb6edf396555f3af256ee97a7507117073b9e7eadd0abefcef6cb82080de22dad6cdcbab7acb1d5cc9fc12c45496df3ce975fef3afc663e3eafb7a2b9bd6deff7cdf61e0411eace1fac6bdcbaa7a46e1df520dc147a8b76fef0f59b174f5c3ff389a9eea67f80426f60fdeee7cdf9af8008f5e270fb2a9adb2bd76dd1f571e7544449aaefd81d6cdad473fc7d936f862fc996868e271a1fd9abeb23af7361d2b1f296e829091655af29ad6b0954d6e7fb3bcf872a7079db0ffc383c3a3878f6d3f0e820f538df24c972b0a97dcd237b0dd8ca3e178830573687d35d54ee2a2af7076b8baad6905c864faba8aab1a8aa313a3d3e74e15868a05b5379de5dc9c66a7754b73d5ab76997dde9a69ee5e110e183889224c916d96295648b245bacf6027ba1c7eef2d80bdd054e8fc31b701795db0bf3e09fd9009e928acdfb5f49ee3c30d6732e347099645b6e5194fc1575c1b59b2a9adb2d36bbf103b0110fbcfe33ea1960055a989d0e0d5c0e0d5e36e04354519202958dc1351bca1a5b6d0e7d9fe5a8074408faca2c26e62647e642b7e642b7e62747789d602c70797d6535bef21a5f79b5a7b4ca6c671d96056f47415fd682c292dae692da66411004414bc6e693d1d9646c7631369b8ccd25a3b3995442c966eedc40a866b38228c8169b6cb17e7d87a1d56a73b81c6ebfc3e377b87d0eb7bfd01bc8c757bcfb41846024d1e1f639dc3e41307a5f6333c3fd8400c4102100314408400c110210438400c4102100314408400c110210438400c4102100314408400c110210438400c4102100314408400c110210438400c4102100314408400c110210438400c4102100314408400c110210438400c4102100314408400c110210438400c4102100314408400c110210438400c4102100314408400c110210438400c4102100314408400c110210438400c4102100314408400c110210438400c4102100314408400c110210438400c4102100314408400c110210438400c4102100314408400c110210438400c4102100314408400c110210438400c4102100314408400c110210438400c4102100314408400c110210438400c4102100314408400c110210438400c4102100314408400c110210438400c4102100314408400c110210fb3f4d6861f7a5a19e4f0000000049454e44ae426082');

INSERT INTO issuers(issuer_id, did, name)
  VALUES('caf8fec3-40dd-4559-8b70-4c59badf0c57', 'did:atala:84cc8fd5780944a911120c2aab0c430a0ce499e876d5fb3786e43269cf1962dd', 'University of Mcknightbury');
INSERT INTO issuer_groups (group_id, issuer_id, name)
  VALUES('c6e775a7-1bdb-4cdd-9873-41bf6ff54bf5', 'caf8fec3-40dd-4559-8b70-4c59badf0c57', 'Insurance account manager');
INSERT INTO participants(id, tpe, did, name, logo)
  VALUES('caf8fec3-40dd-4559-8b70-4c59badf0c57', 'issuer', 'did:atala:84cc8fd5780944a911120c2aab0c430a0ce499e876d5fb3786e43269cf1962dd', 'University of Mcknightbury', E'\\x89504e470d0a1a0a0000000d494844520000012c0000012c0802000000f61f1922000013c149444154789ceddd695364d77907f0737b011ae89da6bbd9776663d02cb2a249a28c15a99cc9e22415cb4e52715c799dd2b7c81b7f00b92a55592ba9c8554a39e558255bb12d9713c9636bb4ccc20c0cd0ec4baf34d04037bdddbc4046886139e7f6bdfddce5ff7b353573eee520f1e73e7dee59a43baf7f9b01001d1b750700ac0e2104208610021043080188218400c41042006208210031841080184208400c2104208610021043080188218400c41042006208210031841080184208400c2104208610021043080188218400c41042006208210031841080184208400c2104208610021043080188218400c41042006208210031841080184208400c2104208610021043080188218400c41042006208210031841080184208400c2104208610021043080188218400c41042006208210031841080184208400c2104208610021043080188218400c41042006208210031841080184208400c2104208610021043080188218400c41042006208210031841080184208400c2104208610021043080188218400c41cd41df882f8eca34f7ff8ef2adef0c61f7eabbdff928a37242157abeffdd3df15f3bb6add30d477e1e61ffd8d5a773bcdeae4470f7ff296e855435f7a65f88557b5e84fddfcea7b7fbfb13ac7dfdee44fc2f5e907d45d5041666556c50482de983c84c985c96aa54cdd8b5aadcf3ca4ee0268c8e4212c17f7530b53d4bda8895cad24e61e53f7023464f21032e33f46d24b33a5c21e752f4043e60f617261b2522e51f742b9f55963ff128173993f849552d1b81569b55249c4508b9a9cf943c88c5c91a697a6cbc502752f405b9608616a61b2522a52f74289f51933bc6281b3592284957229b93049dd0b61d54a39396fbc6e83284b849019b3224d2d4ca116b502ab8430bdf8d4701529c6452dc22a21ac944b89f927d4bd10502997508b5a845542c8188b1b6a9023b53065b847372863a110a6168d34dc8f7151ebb05008ab957262ce1815a9a1271880280b8590311637c8186972ded853ed4088094228f1374d2f1ba322151c1715f82f003a64f810ba3cfec616376763434cc5145d7ee58ff66ad719a803c3875092a4c8d055fef6fa1ff048ce3fe15f88dc1a08b706c39af607b466f81032c6a2c302214c2fcf96f6f3da75a67642bf2684be77d0273384d01fed6d6af5723696ab95446c42d3fed4a25c2ca49766f8db4787c7b5eb0cd4871942c8986845aadf31d244ec317f2dea6e8bb6f8439af607eac01c2114abca322bb3badd3042685c342af2ab0774cb2421f4457a5c6e3f6763b95a8debb2222dede7856ad1083e109a824942c8047f22f5599126621372b5c2d9d813ea68f1b569da1fa80ff38450a822dd5889e9703b5da15f0d1892310df384d0dbded5ec0d723696e56a3cf648d3fe882a15f6322bb3fcedf172c234cc1342c65864688cbfb1dee691c6671fc9d52a67636fb8cbe50968da1fa81b538550a842db589ddbdfdbd1ae33a204c745518b9a87a94228345621cb727c562f156931bfb3b1c27f8e8f847151333155081963119187617c562ff348e3b313b2cc5b8bfa223d2eb74fcbee405d992d8442c315d9b585fddd9c769de187f9a25666b610ba8391d600efaa025996e33ad8d16c7f2f975d9be76e2e098d3f81fe992d844cf041a187b7f6f19987b22c7336f67708cc560743306508053e1666d7170b3b5bda758687d8b828ded19b8e0943d8e20fb98311eee6c463a4859dadecda22676349422d6a42260c21137c5cd0aeb58fcf3e648cbf16ed6f6ce6ddcb038cc2a4211c1108e1667c399fdbd4ac2fe7c07c513067089bbd414fa883bb39d918693eb7b9195fe66c2c49b6c8d0154dfb0324cc1942265c91d284303e23508b06ba061b5cad9af60748983884022f2ab612cbf9edac769d390dded1033371085d9e8037dcc5dfbefee790e5b737b6922b9c8d259b2d32885ad49c4c1b4226b8d4a0fe673609d5c0c1ae216753b3769d0142660e6164f82aff16f15bc9d5bdad8ca6fd3946ac161519ef05633173085d6e9f2fd2cddfbe9ec3337b5b99edd41a6763c9660f0f5cd6b43f40c8cc21648263a4f57c51b13e2df0186ceb197636bab4eb0cd0327908234363fc15e9766a6d7733ad697f0e615c140e993c844dad5e7f87c0a145f5199ed9cda672993867639bdd815ad4dc4c1e42a6cbb7f6428fc150ef88a3a149bbce0039f3873032342649bc15692e13dfcda634ed0f138cbad0861d6044e60f6163b3dbdfd1cfdf5eeb4515b94c7c6723c1d9d8667784fb2f69da1f2067fe1032c1976c5a57a442fb9d86fa2ed89d0dda7506f4c012218c0c8e4912ef77bab391e07f52298075f4708c2542d8e06a09740df2b7d7ee61984baff37fe6b43b9cedfd1735ea09e8872542c884777fd2ea63a1d09ddbfb2fda1d4e8d7a02fa6195104606af4836de6f76379bcaa5d7b5e886e0b828ded15b825542e86c6a6eeb1ee66fafc5ca26a139e2766743a8f782ea7d001db24a0899e083458b339b84a6e384fb2fa116b5080b85303c70d966b77336dedd4cf3af72e024f474c53b7aebb050089d8daea05045aaeaf08cd00e1a8e86a650ef888a5f1df4cc422164c22b9bd4dc145828d2e1814b36bb43c5af0e7a66ad100afd70ef6d65b692ab2a7d65b17dbef18ede52ac1542d1324fad8a34bbbec4bfbfb068d90c4667ad1032a2b5f64263ad4203486002960b61bbc8d07f7e3bbb95e0dd21fb74723c26508be21dbdd5582e84a22fc16b9f479a5d5be03f7d4d7452019880e542c8188b8e889e22cabb53fd297710f8602934bd0eccc18affbf437d17f917e915763637e34b8abf962ccbf1d909fef6d8d3c982ac1842bbc3d9de27b044a8968a7463756e7f2fc7d95874c91598831543c8041f38f1d9478a2b52a17151a1c5c7601a16fd5f1eeabbe06868e46c2c74a2f551b25c151a17c55ef7d664d110daec8e76910d9494ad6cda588915f3bb9c8d4537a402d3b06808997045fa5096852b52b125bc225b3382995837846d3da3fc9beaeeefe6b26bf342f797abd5784c685c14b5a84559378436bbd85147a263a4e9e59952618fb3b1e876fd6026d60d2113ac4813b1474215a9682dca7f700d988ca543d8d633cc7ffcedfedecec6ea1c67e36aa5929c7bccdf13bca3b7324b8750f4f04dfe0968e9e5e9d27e9eb3b1cbedf3457af8bb012663e91032e18a744296ab3c2dc5ded10f091ceb0de663f51006bb861a5c2d9c8d8bf9dd8d95d8b9cdaa957262ee097f1f302e6a71560fa164b38507aff0b7e7196e492d4e978b05ce1bba3c016fb88bbf03603e560f21135d6b1f9b90abe754a4380a1b8420842cd0d9dfd8dccad9b854d8cbaccc9ed1a05a2927e7518b8200849049922d3c38c6dffeec8a34b930592915396fd5ec0d7a421dfc5f1a4c0921644cc11869b572dabf0a8d8b62d9043084f080bfa3bfb1c5c3d9b8b49f4f2fcd9cf84f957229393fc9ff75a343f840080821638c31499222432215e9292b9b92f393957289f3262dfe90bb2dcaff45c1ac10c2cf0855a4c9b927d5ca0915a9e0b8286a51600c213ce48ff636b5fa381b97f6f3e9a5e9637f592915d38b4ff9bf225e4e9c48c1ba4dbd39f725d63108e121c18af499875e62fe097f2dda1a08b706c2fc5fce3ace18f4328aaae0b780107e4eac229d9fac56ca47ff46e80c504b8c8b2ada28c0042114fd1610c2cff9223d2e8f9fb371b958481d293ecbc5426af178817a062b8c8b2a3bddedc40fdbc622fa2d20845f1011c9c6d1b7f689b927c71e8c6770b7455bfc21b19e1990c210e2496871422396c9f9cf838771d167e149c80921fc026f7b67b337c8d9b8522aa616a61863a5fd7c66f9e4d7f727b2c8b8a8b21096b91743eb16ff7aee0308e171420939780026e61ef3fff213cab9a1290ba1e84fb0dec872b55cdc17ba04213c4eac225d98aa944b62ebe8ad518b32c521e4dea24e9fcafb05d1431310c2e384464d2aa5e2dad42769a15ad402e3a2071cdc475f1d65f427a182fe23842710cac9d407eff0cf90f086bbf9df82185d03f72acda38cfe2454d07f84f004420756f3ef64c12c332e7ac0d9e852509156ca25433f0cf94f653e84109ec01d8c6833a74c8a0e0bcc8c3301fe2d0b8eca6f6755ef49dde473c29d47084fa6c55b047fb4877f8eb8393434bb155ca5e0e7583ff6c47f83208427d3a26eb4542d7aa0d17a212ce049a816d557dc8aae1b3687c6164521dc327008f1245493baef12fc1d7dfc3b6898468bb74dc155b9ccbaea3da90fb95ad9cda644af42084fa5ee6aa3c890e56a51c6586ba05dc155dba935d57b521f3b1b49fe79fc8710c253357b839e50a72ab7b2662dca185336c85cdacf1bf463a1b25f1f08e159d41a230d740e281bac373a97c76757346f663b65c88a743b8d10aa4dad105a705cf4d7a456452b2737d717d4ee493d6cc697145c85109e4595d35a44cf9c3199d64044c155e9e5b3ce1ad0a772b1b0955851702142788eda1f62c1ce41fed3d7ccc7175572fe692ebd66b849a4999518e7f195c72084e7880ed77a82a725f6743a5db07350c155b22c1bee6178dabeec676b6af52184e7686aade92c6bd113b9cda7c51f523628959c7bac7a67b424a716044e403814ec1a4008cf171d513e3cd3d63de46c6a56b1334614e81c50705562ee31fff956e43656e7f3b94d0517063a11420ed11ace94b7c87632675316c24ab9149f7da47a6734b23af589b20b11422e8d2d1e7f479f820b6d767bbbb56bd103c1ee616517ae4e7dac6e4f34a2f8f785cbe36ff60611422ecac648dbba479c8d2ed53b63382dbe366567a16656625b492583fe75b63cf12ba1b5dd870e7eae946cc56341bd575fecbdfa22752f0c2c3a3cae6c4a57ecde4fafffc1b754ef8f8aaa95cafca7ffabecda8310e24908f5a0f83d4d626e329789abdb1975ad4cde53b0a50563acc51f3a28101042a80797dbaff44d8ffce4e7df17dd44b06e4a85bd995ffe58d9b51d23cf1dfc0121843ae918bdaeecc28dd5b9e5890fd5ed8c5a26df7fbb98df5174a9144508a1ceba2ede50fcca74ea83770a3b9baa764705e9a5e9d54985e3b7edfd175a7c9fad784608a14eecce869eb1df50766db958f8f8ed7fd5d5bbfbddcdf4fd77df547cf9c0f5db877f4608a17efac67f53d9def88cb1edd4dafd1ffd874e0ed32e15f63efec13f2b9e62ee8ff61e7df38c1042fd34b85abb2ede547c797261f2c1ff7c97fcecb4627ee7def7ff617733adf80efd471e830c21843a1bb8715bf1c39031b63e7dffa3fffe47656fc655b1b795b9fbd677b692ab8aefe0097584072e1efd1b8410eacae5f10fdefc722d77c8acc4eebef506c94c9a446ce2ee5b6fec6d656ab88774f9f69f1e9b8a8c1042bd0ddcb8ddec0dd472879d8de4ddb7de98befb6edd4ad35261efc1bb6f7ef2cebf15f3bbb5dca7ebd2cd67df9762da1ad49bcdeeb8f8db5ffdf8ed7fa9e52672b51afbe8bdb5a79f0edcbcdd75f1799bddae52ef8e2bede7171f7cb070fffdda8fa97136ba466fdd79f6ef114220d0de7f313c703951f3b2dd7c2efbf867ff15bbf75eefd55bd19171975bcd63e772e9f5d5a79f2a9e9cfdacd15b774edce80421041a63afbcb6fddd35550e602aec6c3dfdc50f9ffee247fe684f64e8aabfa3cfd3d621d9947cd4aa944bdbc995cceadcfaf4839d8d44ed7d3b141d19efbef2c289ff8410020d67a3ebda9d6ffef23fbfa360cbea53c8d9f5c5ecfa2263ccee707ac3ddee60c4e5f1377b022e8fdfd9e8b2399c7687d3ee68604cae944b9552a9522e16f3bbf95c36bf9ddddbded84ead6da7d6e4aafa9f335b03ed632f7fedb47f4508818cb7bdf3d24b5f9df8d9f754bf73a55cda589ddb589d53fdce0ad89d0dd7ee7cf38c4d90313a0a94baafbcd07345e15c36439024dbf8abdf38fb4c0e8410885dfef29fd4328d46cf2449bafaead7cfddfa19210472d295dffd5ae705850b9d744b92a4b1575eeb18bd766e4b8410e87df6f3faebf575262049d29597ffacf3c20d9ec61898015d9024dbf857febcc51f9afdf0273a592aa198b3d1f5dceffd655bcf08677b8410f4431afad22bde70f78377dfac7d7a0a15775bf4faefffb5d0bc3c94a3a02fa1ded15bdf785dd91689e43a46afbdf8dadf8ace8cc5931074a7d91bbcf5f5d717eebf3ff3e18f75b59afe0ccddec0a597fe38d47741c1b50821e89164b3f55f7f293a323ef97f3fd0f966f836bb63e0faef0c3effb2e275920821e85753abf7da9dbfcaacc462f77e9a59895177e7389bdd1e1db936f4fccbcdde602df7410841ef825d83c1aec1edd4dadc273f8fcf3e94ab4a0ee25497b3d1d57de585bef1df6a6c71d77e3784108cc113ea78ee2b7f91bf756775f2a3f8ec23926db925c9e6efe88b0e8f778c5e733434aa76db3baf7f5bad7b01d4cd6e36159f7d148f3d5276c48510c9660b740e4687c6c283971b5c4a0e3c3de7fe0821185aa9b0b79958de8c2f6dc697b612cb6abd606c6af5fac23dbe488f2fd2ed69efb23b9caadcf6442847c1d89c4dcda1ded150ef28638c31399fdbca6f67f3b96c2197cde736f3dbd9d2fe5ea55c3a5c40582d9799c4ec8e06bbc3f9d90a43a7b3c1d5ea72fb5d1ebfcbed73b9fdcdde80164fbcd32084602692cbed73b97d8cf553f7440066cc001043080188218400c41042006208210031841080184208400c2104208610021043080188218400c41042006208210031841080184208400c2104208610021043080188218400c41042006208210031841080184208400c2104208610021043080188218400c41042006208210031841080184208400c2104208610021043080188218400c41042006208210031841080184208400c2104208610021043080188218400c41042006208210031841080184208400c2104208610021043080188218400c41042006208210031841080184208400c2104208610021043080188218400c41042006208210031841080184208400c2104208610021043080188218400c41042006208210031841080184208400c2104208610021043080188218400c41042006208210031841080184208400c210420f6ff570d4ff5faf8d0700000000049454e44ae426082');

INSERT INTO issuers(issuer_id, did, name)
  VALUES('6bc9f13a-3919-4205-b21b-99f365a949eb', 'did:atala:125aee5fec8606ee9e980c933fc4ee45f74b7748927b9a517a8b5478c4b97f73', 'University of New Erinshire');
INSERT INTO issuer_groups (group_id, issuer_id, name)
  VALUES('ca26dc73-f0e4-4915-a43c-e216b28f9704', '6bc9f13a-3919-4205-b21b-99f365a949eb', 'Retail manager');
INSERT INTO participants(id, tpe, did, name, logo)
  VALUES('6bc9f13a-3919-4205-b21b-99f365a949eb', 'issuer', 'did:atala:125aee5fec8606ee9e980c933fc4ee45f74b7748927b9a517a8b5478c4b97f73', 'University of New Erinshire', E'\\x89504e470d0a1a0a0000000d494844520000012c0000012c0802000000f61f19220000128b49444154789cedddd96f5b677a80f1ef7093a89d92b5ef922dd9b16c59961c2776e2d869d281514cd0c14c2653b47391de16e9452ffb1fa4bdea450628d0a26867d0099a628ae90c32934e26b19dc5766cc97b64cb162d6bdf176aa12452642f6c38b1e3ed7c3c872f0fcff3bbffc857821e9194785e1ac7df79570190e3911e00703b2204841121208c080161440808234240181102c2881010468480302204841121208c080161440808234240181102c2881010468480302204841121208c080161440808234240181102c2881010468480302204841121208c080161440808234240181102c2881010468480302204841121208c080161440808234240181102c2881010468480302204841121208c080161440808234240181102c2881010468480302204841121208c080161440808234240181102c2881010468480302204841121208c080161440808234240181102c2881010468480302204841121208c080161440808f3490ff080c95b572efcee17a9df4e4169c5cb7ff9774a19a9df541a4466c6bf78ff9fcc9e3afecebb760cf36d63fde72f7ffc81d953db9f7f6dc7c1d7ed98276dcefeea9fe7c7c2664f1d7bfbef730b8a35ee2e3b1f0957e6a7a706af494f013c93ec8c50293578fe53e911806792b5112e4d8fce0e0f484f013c5dd646a878308443647384f363e185893bd253004f91cd112aa506cf7f223d02f014591ee1ccd0f5e5d909e9298027c9f20815af0c91f1b23fc2c95b97571767a5a7001e2bfb234c2693e1de13d253008f95fd112aa5c66ff4adaf2c494f013c9a2b224c6c6dddee3b253d05f068ae8850293572edec6674557a0ae011dc12e1563c3674e973e9298047704b844aa9e1cba7e39bebd253000f735184b18de8f09533d253000f7351844aa9db173edb8ac7a4a7001ee0ae0837a32ba35f9f939e027880bb22544addee3b994c6c494f017cc37511469717c76f5c909e02f886eb22544a0df69e482693d25300f7b831c2d58599a9c1abd25300f76441843a7b0db9be0999c3f111e615870a4a2bcd9e8acc8ccddcb961c73c80598e8f5029a3b5e798c6311e0c9121b2204255ddd6192c2a357b6a61fcf6c2f8900de300e664438486e169e97e45e3206ba09009b22142a554ddae9e9cfc42b3a766eedc88cc8cdb310ff0ecb224428fd7d7bcef88c6415e19425c9644a8946ad8f3823f37cfeca9a9c12bac8182acec89d0eb0f34ee3d64f65432990cf3600851d913a152aaa9f3b0d71f307b6aecc685f595451bc6019e495645e8cfcd6be878c1eca964622bcc1a28c8c9aa089552cd5d473c5ed31f3f3c7aed2bd640414ab64598935f58bbabdbeca9ad786ce8e26776cc033c55b645a8946aed3e6a18a6bfae3bac8182902c8c3058545addd669f6547c73fdcee52fed980778b22c8c5029d5da734ce312a7a18b9fb3060ae9979d1116945656b6ec327b6a33ba3a7aed2b3be6019e203b23544ab5f6bcaa712adc778a355048b3ac8db0b8b2beacaed5eca9f595c5b1eb7d76cc033c4ed646a8b41f0c590385f4cae608cbeab7975435983db5ba383b79eb8a1df3008f94cd112aa55aba75365f847b794b37d227cb23ac6cd955585665f65464667c66e8ba1df300df95e5112a65b4741fd538c6c5be489bac8f5055b775e61597993db53031343f76db8e798087647f8486e169d9cf1a2864aeec8f502955bbab3b27bfc8eca9d9e181c8cc981df300dfe68a083d5e5f73d7cb1a0707cff1ca10b67345844aa9860ead3550e1abab0b3376cc03dce79608bdfe4053e761b3a792c9e420ff3384cddc12a152aab1f3b02f9063f6d4f88d0bd1e5053be601ee725184fe9c607dc741b3a79289c4edbe9376cc03dce5a20895ee1aa8916be736d656ec9807506e8b3027afb06e578fd95389ad386ba0601f7745a8946ae97ec5f098feaa87af9c896d44ed9807705d84c1a2d2ea1d3a6ba0865903057bb82e42a5bd06ead217ac81821ddc186141696565cb73664f6d465747ae9eb5631eb89c1b23544ab51ed0d97c71fbc2a9c4166ba060319746585c515756bfc3eca9f595a5b1ebbd76cc0337736984eade2b43d3c2bd2792c984e5c3c0cddc1b61595d6b4955a3d9536b4b7393375903052bb93742a5fb60c85bba612d574758d1bcb3705bb5d953cbb313d343fd76cc03777275844a19ad7a6ba0b8d817d6717984aa6ac75e8d35508b9377e6c7c276cc0317727b8486e1d1dc89788e3550b086db23544ad5eeecce2d28367b6a76e4e6d2f4a81df3c06d885079bc5ecd35502c088615885029a5ea3b5e0804f3cd9e9a1abcb6323f6dc73c701522544a29afcfdf687e0d9452493e3a06a923c27b1af71ed259033570311a610d14524284f7f873820d1d2f983d954c24c27d276c18072e4284df68d25a0335faf5f98db5653be6814b10e13772f20aea9e3b60f654622b7efb026ba0a08f081fa0b7066ae42a6ba0a08f081f102c0cd5b475993d15dfdcb873e90b3be6811b10e1c35a7b8e1986d61aa8d8a61df320eb11e1c3f243e5152dbbcd9e8aadaf0db3060a5a88f0115a7b580385f421c24728aea8ddd6d066f6d4c66a64acffbc1df320bb11e1a369ae81ea3bc91a289845848f565adb12aa6e327b6a6d696ee2e6651bc6413623c2c7d27c303cffa95249cb87411623c2c72a6fd25a033537397d9b35503081089f4473272217fbc20c227c92aaed7bf34bb6993db538393c373a68c73c8e904c3afed9783291d6bfae11e1931886a1b906eabc7bd74025138eff676922bd5f02113e45edcefdb90525664fcd8ddc5a9a1ab1619cf432fff63d951511ea7d0986a15913113e85e1f136efd75b03e5f807438dab2b955259f0b621bd2fc1e3f5eadd1d113e5dfdee833a6ba0c2fd2bf35376cc93369a11baf59150efdba588f059787dfea6ce97cc9f4b3afdcfa43c129ae2f111a19d1a3b0ff902b9664f4d0c5c8a46e6ed98273df4228c3bfffa668d4bb40dc3c36b427bf902b90d7bccaf814a26067b4fd8304e9ae845e8f42503c96422beb961f694f60b424584cfaeb9eb65afcf6ff6d4587fefc6aa53d7406946b8be66f924e914df58d778e3a1c7fccfc63767b54fba4d20a8bd06ea941df3a481cf1fd038e5f44742bdf9f5be577711a109cdfb5f313ca69f750c5f3de3d00787405e81c629877eb1f7e9cdaff7bdba8b084d081696d4b49b5e03b515db1c72e61a287f4e50e319e9563ce6e807c3f595258d53397985daf74884e6b4761fd5580375e7f2970e5d0395a3f50bded11f0d105dd6199e08d3273f545ed9da61f6546c7d6df8ca193be6b15b40eb674befe73843ac69fd06d1fb46dd4584a669ae81ba782ab115b77c18bbe9fd82777484eb3c1266bea2f29af2c676b3a7365697471db8062a275f2bc2250747a8f7489893cf1f66d24b73f345aff3d640e5179bbe9c5229b53c3761f924e9914c6cad2ecc681cd4fb46dd45843a4235cda19a26b3a7a291f989814b368c63a382d20a8d53919971cb27498f95f9698d570d86e1c90f956bdf29116ad27b6518ee3de1ac355005a5951aa7621b5187be2cd4fbf591575caa7d098522426de58ded45e535664f2dcf4d4e859db4062a5854e2d57a2f4864c691cf4823b33a11ea3d5fb88f08f5e9ae8172d6c5be4681d613adc58921ab274987c5c9618d537acf17ee23427d95ad7b345e092c4d8dcc8ddcb2631e9b149456699c9a75d4d778577c737d696a54e320118a71c91aa892ea068d53cbb3e38e7b13e9dce8a0de9faf43d58da9dc2f11a6a4b6bd2b585862f6d4dce8a0ded31e1165b5ad1aa792c9a4e31e0c67876f6a9cca2d28091695a672bf449812c3e36dee3aa271d0419b2ff243e57aef209d0e5fb37c183b25678674fe665656d792e21d1361aaea763f1f089afe199dbeddbf3c3769c73c7628add5f9399b0a5f73d0dbd6e7c76e479717350eea7d73be8d0853e5f5f99bf6e9ac810a3be7c150efe76c2b1e9bbc75c5f2616c3276bd4fef20116684c6bd2feaac81ba79796dc9196ba0caea77e81d1cbbde6bed2436d1fe7d112c0ae51597a578ef4468015f20b771ef21b3a792c944b8ef840de3582fbf649bc63b13945273a3834bd33a7ff44fb391ab67e39beb1a07ab7774a67eef44688da67d2fe9ae818ad8318fe5b47fda06cffdd1da492c97d8dad2de034484192410ccafdbfdbcd9530e5a0355dda6f9d33615cef43f418df69fd35b69911f2ad77b82f01022b44c8be61aa8b38ef8a776b0305452a5f35f7ba5925f9ffc75c6be6d3db6be76f3cc1ff4ced6b4edb3640622b44c6e4171edcefd664f39680d544dbbe9afeeaef9b1f0c8d5afac1dc62afd9fff7633baa275d4a826c20cd4a2b506ca291faf5db7abdb9f9ba777f6fa171faeaf2c5a3a8e05668707c6fa35ff7e5bd1bc53e303641f8908ad945fb2ad6afb1ef3e732f4a9da43bcfe80c66701dc15df5ceffdedbf67d4ffee5717672f7ef44bede32dfb8f5a3509115a4cef625fa768ea3cac7df56a6466fce2efff33433e4c3bb6bed6fb9b7fd37e351eaa6ed458adf0384468b1c26dd5e54d3ba5a7b04b205850b7ab47fbf8f450ffa5ff7b5ffcb3d336a32be77efd2fab8bb3dab7d06cddc3a022423be85deceb142ddd475359e5303170f1fcfffeabde7fc62db1b63477fa839f2d4d8f69df4251794d65cb2e0b472242eb85aa9b4a6b9ba5a7b04bb02894e26f99b9d1c1d31fbc27f24e9aa9c1aba73f786f6d692e85db30761ffd8152a6fffcf60444688bec7e65d8d27d34af38a52be856e6a74f7ff0dec0e98fd2f6d434b6be76e9a35ff67df8f3cde86a2ab753f75c8feeff4b1f8b086db1ada1adb8a2567a0abb78bcbe5d2fbf91e28d241389c1f39f9cfaf93f0e5f3d636b8ab18de8adaf3e3ef91fff303e7031c59bf2e704db0f1db762a807e83fb9c793b5f41cbbf0e12fa4a7b04b45f3aeca96dd53295fb61b5d5eb8f6e9ff0c9efba471efa1eab6ce6061c892f1ee5a9e9d18bb7141fbcdd9dfd57ee87820986fc94d7d1b11daa5aab5a3a0b462657e5a7a10bbec79edcdc8fbe3967c00d3facad28d2f7f77e3cbdf87aa1baab6ef0dd534156dab313c3a4fd3b6e2b1c8f4e8dc587862e0d2cafc54eab3dd57ddd659df71d0c21bbc8f08ed63b4ec3f7af9e3ff921ec32efe9c60d7f19f9ef9ef9f59f74137c985893b0b137794525e9fbfb8b2beb0ac2a5814ca2b2a0d1685fc39418fcfeff5f9bdbe8052c9ad786c2b16db8a6f6e4657a3cb0bd1c8c25a643e32331e99194f26ac7f725b505ab1e7d51f597eb37711a18d6adabb6e9efd834377513f8be28adae78ebc71f5d35f597ecb5bf1d8fc58787e2c6cf92d6bf0fa035dc77faab704f959f087191b191e4ff3fe57a4a7b0577dc7c1860ecdf7b2398261783a5f7f2bc51ddb4f4684f6aadf7d406f559983ec3ef6e7a9bc8d26931986b1f7f51f6b7c2cac2944682f8fd7d7b4ef65e929ec6674fcc98f342ee3ca708661ec79edcd9af62ebbef88086dd7b0e7457f4e507a0a7bddfb79b5e8faba4c601846c7ab3facddd99d86fb2242dbf902390de6d740398e61783abff7931d075fd7b8a232d3f873823d6ffc75dd7307d2737744980e4d9d87edfbdb5a2631b63fff5af7f7df76f4237fe1b6ea436ffdedb686b6b4dd2311a64320985f6f7e0d94439537b61f7aeb1d4b3620a55f4d7bd78b6ffe4d8aef8c358b08d3a4b9eb88c76b7a0d9443e515971dfaf13b3b0fff99831efff38a4b7bbeff76e79ffe446375658af8677d9ae41614d7eeec1eb996a1fb8e2c67783ccdfb8f54b775f67ff69b0c5f86eff1fa5af6bfd27ae0d554ae934c0511a64f4bf7d1d1afcfeb7d029e43e51614771dffabb9d1c1c1737f9c1b1d941ee7611eafb7baad6bfb8157535f659f0a224c9fbce2b2aa1d7b26062e490f926e6575ad6575ad9199f170dfc9c95b979309f95f43fe9c607dc7c1a6ce9772f20ba56721c2f46aed3e363170d929ebd5ac55545eb3ef7b7f113d747cacfffce4ad2b226bb90dc313aa69aaded159d3dee50be4a47f8047328ebff3aef40c70a3d58599c95b572607af4466c6edbe2fc3e329ad6daddebea7b275b7c68749da8d08212cb6beb63835b23839bc3839bc343512db885a72b3b905c525950d25550d2555f5451575e9ff9be7b3e3e92884f973f3ca1bdbcb1bdb95524a25a3cb4bd1c8427479617d7921babc188d2cc436d6b6e2b1fb171026e2716528af2fe0f5f9ef5d61e8f7078205c1c250b028142c2c091686f28a4b33f011ef71881019c5081696040b4b94cada7575dfc53feb0161440808234240181102c2881010468480302204841121208c080161440808234240181102c2881010468480302204841121208c080161440808234240181102c2881010468480302204841121208c080161440808234240181102c2881010468480302204841121208c080161440808234240181102c2881010468480302204841121208c080161440808234240181102c2881010468480302204841121208c080161440808234240181102c2881010468480302204841121208c080161440808234240181102c2881010468480302204841121208c080161440808234240181102c2881010468480302204841121208c080161440808234240181102c288101046848030220484112120ecff01f8404715144c0fe20000000049454e44ae426082');

INSERT INTO issuers(issuer_id, did, name)
  VALUES('1bab765e-5b7e-42e6-90ad-6dc2fb797ebd', 'did:atala:e075907dd2d8aacc551abe37807eeee211a61793e1d686307e738d76a582c123', 'University of ');
INSERT INTO issuer_groups (group_id, issuer_id, name)
  VALUES('72cb2109-cbe6-423d-8047-e8f36d4c22df', '1bab765e-5b7e-42e6-90ad-6dc2fb797ebd', 'Scientist');
INSERT INTO participants(id, tpe, did, name, logo)
  VALUES('1bab765e-5b7e-42e6-90ad-6dc2fb797ebd', 'issuer', 'did:atala:e075907dd2d8aacc551abe37807eeee211a61793e1d686307e738d76a582c123', 'University of ', E'\\x89504e470d0a1a0a0000000d494844520000012c0000012c0802000000f61f19220000172249444154789cedddd9735bd77d07f073b112fb428204c055041751e2268a9462498e25598ea3d871ecc471124f967692a6edb44ea7affd0ff2d4972699cc24d3763a759cd8754675c6b1e3788d6c59a21491da285222c57d271602244062eb833a8c62c716cec1bdf8dd0b7e3f6fd29c03fcc8e117e7e2deb348a79ffb2103003a3aea0200763b841080184208400c2104208610021043080188218400c41042006208210031841080184208400c2104208610021043080188218400c41042006208210031841080184208400c2104208610021043080188218400c41042006208210031841080184208400c2104208610021043080188218400c41042006208210031841080184208400c2104208610021043080188218400c41042006208210031841080184208400c2104208610021043080188218400c41042006208210031841080184208400c2104208610021043080188218400c41042006208210031841080184208400c2104208610021043080188218400c41042006208210031841080184208400c2104208610021033501700f7313772f1caef5fe4edd572e854ebe14794a8a764cebffcd3f0dc046faf137ffd2f15769712f5280723210031841080184208400c2104208610021043080188218400c41042006208210031841080184208400c2104208610021043080188218400c41042006208210031841080184208400c2104208610021043080188218400c41042006208210031841080184208400c2104208610021043080188218400c41042006208210031841080184208400c2104208610021033501750a885b1a195e931de5e55f5adc1f60345be7522bc343f3654606397afb626d459e43bc2aea28d106e4456aebef9523693e6ea6575793b1efc62f1ef9e082f8f0fbe5560e3da8e83082170d1c0e5683e971bfedd0bbc09d41b8c7d5ff8b6d16c51a82a00b9682084b707df8c2dcff2f6da7fe229475540897a00e4a5f610c69666c72f167a29b8a3b6a3bf76ef4125ea01909daa4398cb6686df78219fcb71f5b27babf71f7f52998a00e4a7ea104e5c7a6723b2c2d545a7d7f77cee1b7a8351a1920064a7de1026e391894beff0f66a3dfc39a72fa84039004a516f0847de7b85f78ea827d0b4a7ef2185ea0150884a43b83a3db634719dab8b4e6fe87af8694992142a0940216a0c612e9bbdf1ee19de5e2d871eb6797c4ad403a028358670f6c6858de82a5717bbb7a6b9efb832e500284b7521cc6533e317dfe6edb5fff893924e753f0b402154f7873b737d309588717509b6f57a6b9b15aa074069ea0a612e9b99b8c4370ceaf486f6a3a715aa07a004d415c2996be77987c1a6de631576b732e50094828a4298cfe7ee5c7e8fab8bb1c21aea3fa1503d00a5a1a210ae4cde4cc6a35c5df6f43e68305528530e4089a82884d3573fe46a6facb036f61c55a8188092514b0893ebe155cedd2b9a7a8e1a4c6685ea012819b58470fadaf97c3e5f787b9dded0d0f58072f500948c2a4298cfe7666f5ce4ea52bbb7cf64b129540f4029a92284e1b93bdbc9045797c6ee230a15035062aa0821ef8209574d1df68f81b2a18e108ef385b07edf21852a01283dfa10c69666538968e1ed259ddedfdaad583900a5461f42de6b515f431b76138572421fc2b5d971aef6fe962e852a0120411cc25c36b3be32c7d343f235b52b550d0005e210c696e772d94ce1ed5d3575268b5db97a004a8f3884d18529aef6957521852a01a0421cc2c8225f08bdc13d0a550240853884f1d579aef6ee40a342950050a10c613e97e35a40687579f17002ca0f650893f108d7612f8e2aec6f0f658832849beb61aef6766f8d42950010220d616c8dabbdd5e555a812004294214c71ee28637522845086284398d94e71b5375b1d0a55024088348469be93cfb0941eca126508b3e96daef6063376378432441bc2adc21b4b924e92e8d77c00c88e34843c07f1eaf47ae52a0120a499b1856b4344000da10ca14e6f28bc31d7dc1a000da10d21c715663e9f630c83219421cd8c848cb12ce7230d004dd05208d35b49852a012044194223e7733f8410ca12650879778bd94e6e28540900212d859077c23780269086d0ca371734198f285449f92983c7aabbe7a11465087957456cae238485cae7b2d425142ba7fd1fa1409421b4ba2ab9daf3ee0a55262449a053198450ec47d0e20463e291d060e2b8419a082fef9e4b941dbc0f72eeca65351f42b11f418b738c893f366c9eaac21be7b299f5d505e58a5127c110eed69150ecd7458b3a846e1f57fb30e7e93165002321179d0121e4e4f4f1ed62b8367b5ba14a544b2c8419ed4f6c10989ba1d145a7c4157b024d5cedd7666fefb679336221d4fa6f299fcf65b639d67cdfa5c52f848c3c844e5f2dd71f592e9be53d5454eb044398da94bd9252ca6ca50416cde80c46258a511a7108757abdaba68eabcbccb50b0a15a34e06a349a097d64742b1fac57e57e4e82fa0abea5bb9da4717a7a29c6739699ac92a721ea3d64742b1fac57e57e4e8435813eae4ed72ebfcef95a8449d8c668bc015693693d6f460984ac4047a6974675afa103a2afdbc536756a7c796ef8c28548f0a99853ee0935a9ee527364f182114e7e71f0cafbff3ebd25c712ddc1a1ef9c32b2578a34f6112fadbd2f47c77b179c262bf2872aa0861ddbe01c6f86648a612b1e1377ea9e85a81e8e2f4f9977f3af4daf36297463212fb80d7740853bb692454c5f4029bc757d5d0ba3a3dc6d56b65f2e6d5375fea3ef5346f80ef2bb63473fbc29bcb936ab9e235db844218d37008c54642b34d933766541142c65853cf51de1032c6e6462ee632db5da79ed1cbf1802897cd2c8d5f9b1c7e3fba385dfcabc9c8e6e29861bb23bea6d579b6f95c7623b222d051ec17454e2d21f435b53b2afdf1b545de8e0bb7ae24c2cb9d27bfecf60b1e679fcf65c3f393f3a397176f5fe53d28aa34ecde6a815eeb2b5a5df995082fe7b219de5e92a4b379f8a622ab845a42c898b4f7d86383677e2ed033beb678eec59f045abb9b7a8fb9fd0d8575ca27c2cb9185a9d5a9b1d5995beaccde0eb1238ad35bc9643c62717864af4769621f1f5697578b4b28989a42c8aa1ada7c8ded2b53a342bdf30bb786176e0ddbbd35bec6764f708fdd5b6d7178ee4e26cc6533a9442c95886d4456e2e1a5447829b634abf2e0ddcbe274eb8d26de43ac1863eb2b0b9a0ca1d0ea6db1eb053550510819637b8f3dbe363b2e7029b223115e4a8497ee5c7eefee3f757a834e6fd050de3e8164f7f862cb73bcdda20b9335cdfb9428485162dfc9c5ae17d440158f2876d8bdd51d0f3e2ee30be6b219ed279031c6ec5ebf40afd519edadfcca6ca7624bb3021d1142d934743da0c50f6fa5b903057ed7fd33f1d579cd4d225d9b1dcfe7453631f10404efcc91535d0819635da79ed1eea79a422a6b4302bdf2f9bce606c3d5e95b02bd2aec6e8bd32b7b31a5a1c6101acd96812f7d578b77149463f3f8c466902e6b6cf9657e45688e44655db3eca5948c1a43c818abb0bb069efc5e85dd455d888a786b45fece9626ae0bdc56a5129ebb9314da675dec97a3122a0d2163cce6ae3af2cc3fbaaaf996fcca4e9224de8d701422f67796cda4176f5f95bd1885ccddfca35847845029669bf3f057fe2ed0d6435540f59e7dc79efde750ff49aa02ee55c9b9fa79c7dccd4bf256a210e1cf0b8bd3c3bb1a4e55d4f59cf0e3f40663efa3cfd634778ebc77666b33519a379524a926d419ea3fe1f4d532c612e1e5d2bcefa7b3b9ab9cbea0c06c92b5d9f1d8f22cf935c57dcd5c3b2ff63c29d04af6312d0bb587f0ae406b775543ebd8b9d7666f0c2abaa3a6c15451db71b0b1fb88cdadc6a9c081d61eb1295de3836ff63df61dd9eb91512e9bdd9962c10b212c11a3d9b2fff853a1fe93772ebf3773fd82bc371b2449f204f7d4eeed0bb4f5cab220432181b69ed10f7e2bd071696224beb6e8a81479e25f1ab3238362eb366d1e9f4abeb40bd34c08efaab0bb3a1efc62ebe14716c7af2d8c0dafcdde2ee6740a9d5eef093657efd9eb0f7569e24eacc5e171fb1b846675e56fbc7be6f097bf2ffbda4b59a4539bb73e7c43ac6fb0ad57d65a08682c8477194c15751dfd751dfddbc98df0dc7864612ab230b5be325fc8e9050693d9e90b7a024d9e4093b7b659afb54df282ed7d62532bc3731333d72ed4771e96bda4e28d9cfdcd7652ec0bbf14400869992c367f4bb7bfa59b3196cfe592f168723d9c8c4752895826bd954da77399742e9735db1c16bbdbe2f43a2a6b2c4e8f3a478302d5751cbc75fe776293d16ebeffaaafa9bdc2ee96bba8a2ac4e8fcd8d08debfaddeb3579ddfdeb9683b84f792743aabcb6b756975ee5281f4465343d767c607df12e89bd94e5dfacd7f7ee62b7faf9ef17f23ba3af4fa2f84bb37f71d97af1632aa7e4e087f5153cf51e1d5abeb2bf343af3daf92c3b4d3a9cd4baffcbbf014734fa0d1136c92b5221a08a1f6982cf6ba8e7ee1eecb9323c3bf7b81fcecb4ed6462f0cccf36a2abc2afb0a72c864186106a54f3c1e3c56ce5b0303674f17f7f4eb8d27233b676eec51f0b2c53dee1f4056b9a3b642c891042a84916a727d47fa29857589b1d3ff7e28f62cb22cb678bb4347eeddc8b3fda8cad15f11ad2fee34f69fa06dbbd1042ad6a3e78bcc8bb5089f0f2b9177f3476eef5925d9aa6539bc3afffe28faffed77672a398d7a9dbd75ff08e5e1a503e7747771b9dded0f1e013977ef31fc5bc483e971bbff8d6fce8e5e6fee3751d03ca1db299de4a4e0dbf3f3974b6f8636a8c664bfb91d3b254a51208a18655efe9a869de5ffca9a9c978e4fadbbf1e1f7cabb1fb48a0ad47dee5d4f1d585b9d1cbc293b33faefdc86993c526cb4ba90442a86d5da7bebafec2bc2c0730a512b1d10f7e3bfac16b9e4083bfa5db136c725605259dc817966c26bdbe3cbb3637b130369c082f155fdb8e405b8f3a27fd140321d436a3d972e0f4b73e7ce9c7c5ec13f9e7f277a70132c6f406a3aba6de51e9b7383d56a7d7e2f418cd169dc1a83718f5061363f96c269d4da7b399edede446321e49ae4736d7c3eb2bf3054e21e465f756779d7c5af6972587106a9eabba76df679fb8f6f6cbb2bf7236930ecf4d84e726647f65017aa3e9c0e96fa967ae8f8c7077b41cd4771e6ee8fc0c75150a92245dcf235fd3ee1edb9f0e212c13fb4f3c59cc341a359324a9fb9167048e55d70a84b06c489d0f3f5dbbb78fba0c994992d475eaabc1f603d4852888ec3b613ab599cda40b6f6f30990da60ae5ea290377ff5ef3b9dcfcd810752df29024a9f3e4576af71ea42e445964211c7ee3972b93370b6fdff6c0a32ad9f54ccd2449d7f3e8d76d1edfed0bbf57c952096146b3a5f7f3cf5635b45117a238b210f26e28a2e93ded4a4b6a3974ca55533ffcfa2f8a9f9e42c55115e8fbc2b7cb7e75e85d64df09b736d6b9da23845c7c8ded47bef69c4677400ab61f78e0abffb04b12c8a846c25c36c33b851721e46575551e79e6b9c9a1b3b72ebca1959df0ad2eefbecf7ec9d7b497ba9092a209612ac1370c1acd16a3d9a25031654cd2e9f6f47d36d0d633f2875754be19be4e6f68ee7b28347052a3475e1783e607dedae0fd42b85bae4c945061771d38fdcdb5d9f1f1c137d766c7a9cbf9289d5e1f683bd0327072d75eec508d84b82b536a9575a1cabad0facafcc41fdf5dbc7da598fd5ae562345bea3b0f37f51c33db1cd4b550d2c6e528422817a72fd8fbe83792474ecf8d5c5cbc7d35beb658fa1a2449e70936055a7b82ed070c2673e90b501ba210725f8e228472b238dc2d874eb51c3ab5115959bc7d7571fcaad811175c249dce5b1b0ab474d584f69b2c22079e962b8c84bb9acde30b0d9c0c0d9c4ca736a34b33d1c5e9e8e2746c6946ae078c157697bba6c1ed6f70fbeb9dd5756a3ee7839036be136af73872ad3056587d8dedbec676c61863f9643c965c8f24e391543c928c4793eb91f4d6663693de594098cb6498c4f40693de60fcff158646a3c962b7383c16a7c7e2705b1c1eabcb8b11af101ab83baad3eb35715a4b19912c0eb7c5e1666c0f7525bb02c98c997c6a235e786b8bd32b4965b2b91dc0c71184706b33c1b5f701be1042792308e136e7a9d766eaef155ccb11a472d991164a86e27294f3da32a7c096417c05f0eca12429b67527942b8210f24e0e243fba842b847a3deec2031f4d84906301be12b842a8dc26d650ae3410c2eda4e0f97572e15a75b50b17014091084268e0dc3a52f43473d9a4531c212ccb8d3141510421d41b4d5cd397c843b8b5c9114293157344800fcdf6165c4b5732db5bb439e43a498ffc810a680e5108ad4eaef61b11f143958bc717c2ddbd340e04686024648c2522cb0a55725f5b9b09ae33bd30651978d1849077554474715aa14aee2bb6345378639dde60b6f10df20034217454d670b58f2c4c2a53c8fd45794268f3f830d71c785185d0cfd57e23b2c2bb04512e5c078395ebb141a0289a10dabd35bc2346f187420b48a736a30b5385b7b77bf94678004615429dde60f3f00d1a24db662e4fdecce739762573566972c76ba045b60d7e655d88ab7d786e22112ef53dd2d91b833ccd254fb049a14aa08cd185b0be85b7cbd495f795a8e4936c4457b9be103aaafcd8261c049085d05bdb2c497cef3e7be362723da2503d1f373ef816577b6f6db342954079230ba1d16c71fb1bb8bae4b299d173bf55a89e8f488497e7472f7375f1ed8293f4400994c76507f7729f81bc3036bc347e4d8962fe5cfedadb2f73dd92315658ab1a5a952b08ca186508032ddd024b60afbef53fc978548172fee4cee5b391f93b5c5dfca14e4987e5bc20823284c60aabafa983b7573ab53978e667bcc71b166e656a74f4fd57797b05da7a15a8057605ca1032c69a7a8e0af4da88ac0c9ef999127368c2731343affd37d7852863cce6f155d6e1ae0c08220ea1b7b659ecd9dafacafc07bffab7e822c77496fb5a181b1e3cf3f3ccf6166fc7e6be8718763a0451c421648cb50c3c2cd6716b63fdc3977e32f2de2b02b1f988f456f2ca1bbf1a7afd79ae3d9dee32db9cc1f6be220b80dd8c7e57a2aa86366f6d33d763f11df97c7e72f8ecdccd4b8d3d471bba1e30f36f2d91de4a4e5ff9e0cee53f089f4314ea3f811dd6a018d2e9e77e485d03db88ae9e7dfe5f0546a17b4992ce5b17f287f67b024df64affa74f104f2562e1f93b4be3d797efdc28e67d1d5581a35fff01efac03807bd18f848c319bbbaa65e0e1b10f5f2fe645f2f9dcdaccadb5995b8c31bdd16475555a9d1eb3d5a9371a750613cbe732e9edcc762ab91ede88ae6d6df01d90f809a4fdc79f4202a148aa082163acf9e043cb932372ada0cfa6b7e3ab0bf1d505595eed9334f61cf1041a157d0bd80dd4f2292ee9f47d8f7d5b43e710bafd0d7b8f3e465d059403b584903166b63a0e3efe1d4d9ca86cb2d80e9cfe26eec7802c541442c698d3577bf0f1bf52f926d646b3a5ff89ef6a68d00695535708196395f52d035ffa9ec154415dc85f66345b069efc1b57752d7521503e541742c69827d078f8cb7fcbbb2d620954d8dd879efa3e1208f252630819634e5ff0d837fe29d0da435dc89f54d6b71efdfa0f9c3eec22033253cb238a8f33982a7a3fff6c5563dbe8fbaf2ab766a2103abda165e06473ff49ec290a4a506f08efaaebe8f7873ac72fbe3d3974b6c82935626a9af7753cf884c5e929fd5bc32ea1f61032c60ca68af623a71bba1e98baf2c1ec8dc174aa3467864abea6f6e6be87b0730c284d1573470b97cb66e6c786e6462e451626f339be557f05325bedfe96aec6eea3368f4f89d707f8080d8c84f7d2e90d751dfd751dfde9ade4cad4e8f29d1b91f9a954225ae4cb4a9264f3545735b4f943fbdd81267cf78352d258087718cd96605b6fb0ad9731b69ddc882dcfaeafcc6d46d79289582a114d2562d9f4f627f5d51b8c15765785c36371b8ed1e9faba6de555da7f2190250c6b41ac27b992c365f63bbafb1fddeffcc6533d94c3a97c96433e95c3623e9747a83516f30ea0c464dcc8c83dda31c42f817e9f4069ddec0ccd47500dc8f4a1fd603ec1e08210031841080184208400c2104208610021043080188218400c41042006208210031841080184208400c2104208610021043080188218400c41042006208210031841080184208400c2104208610021043080188218400c41042006208210031841080184208400c2104208610021043080188218400c41042006208210031841080d8ff018840fd298b00d3a40000000049454e44ae426082');

INSERT INTO issuers(issuer_id, did, name)
  VALUES('6326f8e5-9b01-40bc-a8b7-da7d1b827bff', 'did:atala:d14085c7281464077b41f520c6d7122ae4c7e986be296a0c644eb9f8e0864121', 'University of ');
INSERT INTO issuer_groups (group_id, issuer_id, name)
  VALUES('bcd3c387-a67d-4a3a-b8d7-aedfcb0d43d6', '6326f8e5-9b01-40bc-a8b7-da7d1b827bff', 'Accountant');
INSERT INTO participants(id, tpe, did, name, logo)
  VALUES('6326f8e5-9b01-40bc-a8b7-da7d1b827bff', 'issuer', 'did:atala:d14085c7281464077b41f520c6d7122ae4c7e986be296a0c644eb9f8e0864121', 'University of ', E'\\x89504e470d0a1a0a0000000d494844520000012c0000012c0802000000f61f192200001b1949444154789cedddf9731be77907f07717174102c4c10b2029de872851a26ed9722cdb8c6c5949ec388e8fc4b9ea66da6426e34e7fee7f90f6b74c9d99cea4933669133bea24b1e3f8904ff9926cc9d6495112c543e2095e3848e206b63fd0d1686459c6b3d8dd67417e3fe39f3cfb028f38f8e25decbefbbcd2a1677e2e00808fcc5d00c07a8710023043080198218400cc1042006608210033841080194208c00c2104608610023043080198218400cc1042006608210033841080194208c00c2104608610023043080198218400cc1042006608210033841080194208c00c2104608610023043080198218400cc1042006608210033841080194208c00c2104608610023043080198218400cc1042006608210033841080194208c00c2104608610023043080198218400cc1042006608210033841080194208c00c2104608610023043080198218400cc1042006608210033841080194208c00c2104608610023043080198218400cc1042006608210033841080194208c00c2104608610023043080198218400cc1042006656ee0240bdc9c19367df384c1dd5b1e740e7defbf5a8c7301ffdf13f162747a8a3ee7bfa5fca5c1e3dea29126642006608210033841080194208c00c2104608610023043080198218400cc1042006608210033841080194208c00c2104608610023043080198218400cc1042006608210033841080194208c00c2104608610023043080198218400cc1042006608210033841080194208c00c2104608610023043080198218400cc1042006608210033841080194208c00c21046086100230b3721770b3e9a1b342510a3fde5555e7ae0a14f9a6d974726eec126948d5860ebbb3a2c8f70510660b617476e2f4abff4b1ab2eba1a78b0f6126953cfddaef4843767ee347b5ad9b8a7c5f0061b6d3d1d0c805d2f13687b3baa9b3f8f75531a72597a3c5bf2f80305b0867470648c7d7b5f74ab2a5f8f7b5586d169b9d34042104ad982884f1e8e2d2c20c6948b073ab56ef4e9d0c9716425abd35ac73260a6188380ddacacaab1a3bb47a77a7db473a3e3637a9d55bc33a57c2210cb4f74ab266f5bb7cb5a4e393cbd1746259ab7787f5cc2c214c275622d3574943343c171542b8fcb4100a21e6c7af685800ac5b6609e1dcd58b8a922ffc789bc3e96f6cd7b0800a7a08674707352c00d62db38470feda10e9f8eae66e49d2b2784f6da32449a421f3572fe573390d6b80f5c924215416c66921ac6dd9a86d053687d35d1d240dc9a412a1e173da9601eb902942b8343f938a132e72489254d3dcad7919fefa36ea90abe78e6b5e06ac37a608e1fcb5cba4e33d754db6b272cdcba86a22dff0084f8d4643e39a5702eb8a4942c87c2ebaaa7a43978a6c5ffaf0153d8a81f5833f84f95c76716a9434a4469f10ca164ba0630b75d4c2c4f0dcd8453dea8175823f848b53a3f95cb6f0e31d15959535f53a15d3b071878a51e7dffe632695d0bc1858274c10c28911d2f1559ade1ebc892fd8e20d3453472597a3178ebea0473db01ef087303c3d463adedf40be8649d2b1e7ab2a464d5d3a3576e67dcd8b81f58039844a3e47bdbaa877086b9abbbd812615032fbef712d6d0800acc218ccd4de5b299c28f7794bb2bbcd5fad5b3aaf7be47553ca6a828caa957fe0739042ae6102e4e8d918ed77b1a5ce5ae0e76ecee5731309fcb7efaf26fa62e9fd6ba2258cb984368b61f84d7b5efba4fdd1520259f3f7be4b96be7b192060ac51c42eae34bfe86569d2ab989245b767cfd87ea5a48298a32f0f69f463f7d57f3aa604de20c613cba988a2f157ebcadacdce5afd3af9e9b58ed65bb1e7ebac257a36ef8c50ffe3a75e994b625c19ac419426a87084f4d834e957c913297f7cec77fa6facee4b9370f87893f7a611de20de114e9784f5da34e95dc86cde1dcfdcd1f376db953c5d87c2e77e6c8efb3e994e655c15ac21ac2795a082b6b8d9e095749b265f3bd8f6c3df0846c21f74a4e2c452ebeff921e55c19a5152a7a3b50c33e1750d3d3bf73efa139bc3491d383e7002add9e036d842988a2fa756085765ecce0a6a5742cd79034d7bbffd5347b98b384eb97cfc882e05c19ac01642eae45069f855995b725705763dfc636abbeeb9b18bd41fc0b07eb08570697e9a743cefb9e88d2a6beab71ffa3eb52bd4c4e0499dea8152c7174262c77b7795717708bf544d7377cbf6fda421d3974f2b79b466835b600be14a648e747c05b143b6debaee7880b472209d5889cca01b0ddc025b08e39105cae192ea952b3a912dd6ae3b0f92862c4e0eeb540c94349e10a6e2cba47e104eb7c762b5e9578f3a756d9b498d36162769ad74609de00961bcc4cf45af6be8d959f8c1cb61dabf1ad6099e10ae44e649c79bed5cf4ba60475fe1072797a3a49656b04ef084903a2750f72d338ca3c2ed747b0b3e5c492c4574ab054a15d3e968947455c6bc33a110c25d4df85998cb603137dc8c2784c9e508e978ca6c633452d3ee6c3aad5f2550a2b84218251d5fe6f2e85449f1ac94256c4a1ebf09e1660c2154f2f934650f26bbb342c5334406520a3f54b698ee460bb06308612a1e5314c207d7ccd3a010229f276c306cb53bf4ab044a14430893cb31d2f1260f612e43f899e7a870eb570994289610ae9d1f8442887462a5c0232d569bdd59a16b31508a3842b8420da1579f42b4914e14fafbd65d1d1482f60014ac070c214c27e2a4e34d7e0a57f8ea1ff33c1209a6c210c22c712b3f156d5d0c935c8e14fe9b50d74ddda074318490ba9fa69943189ebe56e091b2c55ab5a143d762a044218445094f15bac3694dcb46abbd4cd762a04495c2e968996943a884462e14786853ef5e5d4b291ce926ad3929947bb3e6571233216171a6911626460abcdde2f2d7553775ea5d4f81d640ab9b7ce9ff136ec411c2242184922c53fb0b1a66ecf47b051ed979c7fdbadc9c20767c5bb50642a8ee9f2049fc9bc3df124359b92c618989697f104666aece8e5e2ce4485fb025d0be458f1ad42da9cde74a3e84eafe09b285bcfbb231184248fa0b9a73c5733e971b78e7cf852cdd96644b6fffa33a95a13284eb752634ed63002c4f51904268c66faf8befbf546047edee3b1fd46f4f45cc8424b21521144208a12879d2d5394936dd79fcf089b7ae9efdb090236b5b7b5a77dcad5f25ea4248bd3a6d42d46b7b420849924dfb9bd0e8ef06ea7798a94e21947ceec2bb2f5e3b57d07ef4eeeae0b6834fe9ba5854dd1f47c527d8541425af62cb47739e52ad32fa234e3d9b974d33132e4e8e5c38fa4281ddfb2bbcd5bbbf49de37864a650893b4b5bb66934d25490f52af92cdd7b7f63ab3cf8492cc3c1366d3a9b9b1c1abe78e15bef17585af66cf23ffe028d77ddd39a9b3c675a53e13aaab5fdddfca1886cf84c4e51ac59f45a4e2cba995c21f235672994c369d4c2c455622f3d1d9f1686882d42cd41b68daf5d0d3a4ee4faad9c93b250a51fa33a1bafad5fdad8c61fc3c430b61f1176626063e326c8fce869e5dbdf77dcbb0dfb1368753b658a90d8573d94c269530ed0dd82f457d287c95012726aa99e8b24749b3586d3d773fb4c1f005a28e72978a86c28958d85653aa214c2c85558c4208d7386fa069eb8127583a14dbcbdd6a42b814266d65632af1989a10da11c2b5ca6a2febbae381a6adfba81bf76a45dd17bcbac9c424929809619524c98d9b7777ddf180ddc9f98b5f5def8f44b48443a86e26745498f7c28c59eec2951c4551d2f1a5787491b78c0a4fb58a514b0bd39a57620c259f5b51b5c39cba3f94313013aaa684462e84462ed43477f7dcfd10d796352ebf9afdaa0a5cf86a42cb8bb32ab6979324d9cc7b0a2184c59abb7a697e7ca8a5ef2b5d771e347e919dbad5e1995422b11476ba7d9ad7a337755f1fe51ebfa9d63fde04a7a31a50f2f9d153ef7ef0dc2f8c9f619c955e758be362732579461a9b57f3175677be6018845033cb8ba163879f9dbe7cc6d8b7955caa4eb422d3635a576284c84ca1eded6ea4dfd3649a4008b594cf654fbff6bb2b27de34f24d5dfe808a51f3e35734af446fd974321a9a503110215c77868e1f19326aa19c10c21b6c52316a697eaae416912e4c0c2b8a9a3e6bbe60b3e6c568681d845092561fe82cf03f4ddef3ca8937874fbeadc94b7da9aa06358dbd154529b9c970feda908a51652eafb3d2af79311a32ef2523adb4efea6fdfd55ff8f1f95c2e9b4ea656624b0b3391d0f8ece88584aabbc3978fbde6f2d5d4b5f7aa184b52e1ab7194bb52947d5757cd8e0c043bb7ea51923e94b9b14115c3aa1adb342f455b6b3f8454b2c5627756d89d15eeea607df7f64dfb1f0e4f8d8d7c7a74767490f8088872e6f5e7f7f96a0cf841e26f689b1e3a4b1d151a19c865d2a6ed287993c5c95115ab648510fe06b387d0f8d3d1d2db1bcc57dfb2f31b3fdafbe83f567869ab2e7299f49923cf1bd0e753dde72c97cdcc5c39a779313a99bcf8a9ba8108e1cda8eb9ccdd3f0dcdfd076d777ffb9ae6d1369546c6ef2ca89b7742ae9baaa0d2adb7b4f5efc44db4a74a2fafbc259e92bf754695e8fb6cc3e13aabb1aa6138bd5b6fd6b3f6cdcb49b346ae4937712317d97985678abd53d9ab430311c9d5573d1df60e3e73fcaa6932a06063bfb342f4673c6cf84c4109a66265c2549526fffa3b5ad3d850fc9e7b217df7f59bf9256a9feb40d1b7b5753857c2e377aea5d756311c25ba186d04c33e12a4992fb1ef88eb392b0f07266f8dcd2bcbecbc4825d2a3f6da191c1025bc87199183ca1aea54585afa6249e5d363a84b24c6bdca4e4cdb88f97d55ed677ff93a453ebe14ff4bd6de874fbbc013577ed85502e1c7d41451341636492f1a1e3afab1b5bdfb54dd35af4627808898bd94d3813aef2d5b706bb0837d96686cea9bbc25eb8faee1dea062e4e8e8c9fff58db62b432f8fe4be904f916a8104208298810de9224d356a598ed37e18dbaee78502a78625794fce4e0495deb69ecd9a9bad5e2c50f5e4e2e47342d4703f3d72e4f0eaabc7e5bdbba917a4b890bc3b235522b51154f701aa6dce30f5016c44c0c9ed4f5accf62b3376db943ddd86c3af9c94bff9dcb1076add3db4a64fef46bbf573dbc6dc7bddad5a22f961012ce484df5b1f8bce6adfb0a3f38110b87a7d53c8953b896bebb543fbd1a9b9b3afdeaef4cb299762619ffe42fbf56bdc4dc176cf6d5b7685a918e1842485a2795cd90b7fe3092afbe8574ce333b5ae81ef7ead89daec69e5daa87cf8e0d9e39f21cfbde69e9c4f289177eb5129957fd0aada5330d0af387309fcde8578926484bb4f50ea110a26de7bdc5b47298be7cfae48bffa9eeceb826e2d18563877f199d9d54fd0a9535f5756d841bb9ec184248da9a4351949cb97348da0a7b797136b5b2a45f31420867a5af7dd77dc5bcc2c2c4f0b1c3cfb2aca4090d9f3f76f8d97874a188d79036dffbadd25aa2cc32133a48c79bfc6761656d83d55e56f8f18b53a3fa15b3aa6de7bde59ea29ea05b5e9c3d76f8d9cbc75e33ecd434938c9f79edf79fbefcdb7462a598d769dcb44bedfd52361c3321e5232b84c899fb67a12449a46b0061fd9bbbc8166bcfdd0f17f9224a3e3f7cf2ad777ffb6fd7ce1fd7358a9954e2cac76f1cfdcdbf4e5d3e5de44bd91cceee7d87b428ca500ccf13daca685b91a8d896d560fefad6b9b18b051e1c33e434afb6b5a7ae6d736864a0c8d7492c8507defed3f089b79ab7ee0b76f569db2571697e7af2d229d58bb33faf7bdf21bbb3429397321247081db41bca459e9f18c05d4568b5b4b410d2af921b6d39f078ecb929756d016e925c8e5efaf0954b1fbeea0b36053ab6faea5b2aabebd5ed5a97cb6662b3130b9323d397cf2c2f6af9a70876f519bf2b962618426827ce84e9a4e943584d0861369d4c2e47ca5c5eddcaf98ccde1dc7ee807c7ffef97da2d7850c2d357c3d357851016abcd53b7c15d157056faca2bfdce4a9fcde194ad368bd566b1da855072d94c2e93c965d3e9c44a62299c8885e3b1c5d8dc546c6e4a8fa79c5dfeda2dfd8f69feb2c660391da59d30987f262c7379adf6b2c2cfa956c2f306845008e1a96dd8b4ffe1f36fff51f357ce65338b93238b93239abfb20a169b7dfba11f944a9f8ecf63b830632f5f6b21144238dddec20f4e18b84a7343efdea65e956bd94a8224c97df73f69f21edbb7c710428793b69b574984b08c14422d7ea7156ef37d8f14b38cc6cc2449da7aff1306b4b4d315cb4c48db292e63fadf844208d265c3d44a4cbf4a6e45eafdea630d1b553ee8645a92246d39f0787df776ee428ac5311312f74c4deabcc44413a42be369c35b5f7ff6792d91e7eb0a2149526fffb71b36eee42e44032c37eb1da4fbf5069fbca943baf9994d25f4abe48b4892dc77f03b9d7befe7dad95b43368773d7c37f4fedb8655a3c6df0499731522b31333fdabbcae6208430c3114221841052c79e033b1f7a9a54add9b8ab83fb9efca7eaa62eee4234c31342d2650c45c9abebf36324ab9df0b1e65d0d5bd3dcbdefc9674aa203d2e7d5776fbff3f19f15b932d66c78dae0936642214462294cea6e663c62bb00e607f6ca3d55fb9e7866ecf4fb431fbf6ef2f5f1d7957bfc9bf67fb3a665237721dae309617925ad29722216160d3ad5a20dd2237c79fd1be37f2949965b77ec0f76f50dbef7179337c3972dd6b61df7b4efee37f396d7c5600aa19716c2b8ce1dac8b479a090dd89da240652ecff643df5f98181e3ef1e6c2c430773937932d9660d7f68eddfde66f655f0c9e1052db6069bbd2571794ce2c66fb46af6a6caf6a6c8fcd4d8d7c7a74e6ca59335c06b3399c1b7af7b6f47dc55141bba1558a9866424f95244985f714327f08498ba4cd16c2559535f5db0e7e37b1efd0e4e0c9992be758da724b92ecab6f0976f6d5776fb7da690f7f972e9e4f836cb13a2bfd8577315889cce77339d2299fc1483ff3cc19c2554eb7b763cf818e3d0756c2733357cecd0c9f8bcd4de9fda6922cfb1bda831d5beada37db9db405556b00dba7c15d15283c844a3ebf1299233db667b0353013dea4c257d3bebbbf7d777f26198f84c62333d72233d7a2a171ad6e7296b93cdeba266fa0c91bd85059db68b1da3479d952c4f66970550548cf7d2f2f84cc1c4252372a8bb50442789dadacbca6b9bba6b95b08218492588a2662e1c45238b9144e2c4512b1702615cf6533d71f20cc67b3421216abdd62b57df684a1cd6677ba9c6e9fb3d2e7747b9d6e5fb9c7bf0e67bc2fc2f669a8a43c082b8488cd4daade78c800a4fd12646ba93ef92684e4747b9d6eaf10addc95ac1d3c2b66841095358da4e3c3335775aa4413a4e7ad4ab10f0ae8872d84e51e3f69f7926868827da1c96d9042e8203ecc056b1b5b0885109e1ac22a987c2e1b9b53df95596fa496bed487b9606de30c21b549ab011d3b555b89cc157e306642b81167087d0db41ff761fd7b57aba3284a82b2b0ce8e99106ec01ac2403369c3d0f9f12be6dcae30110b937eaf521f2281b58d3384169bbdb296f0545b2e9336498fbd9b2c2d4c177eb024cbe59ed2d841168cc119422144f506daf3d1b3a3833a55528cc834e1f649b9a7caccebefc078dc216cea241d3f3b66ca108608fbefbafc75fa5502a5883984be603369b17c22162e66fb483de473d96888b0c74b49b7a9053d308750922d7f5b9458a8890b27742a469d858961d2c251775550bf62a0143187500851d7b69974fcf4e5d3a6ba464add7ecc4fd9cc10d603fe10d6b46c245da8c8a41233c3e7f5ab87445114d236f415de6a4745a57ef54029e20fa1d55e56d34c6ba1357efeb84ec550cd8d5d242d58f337b4e9570c9428fe100a21ea37d2b613589c1c0d4f8de9530bcdb573c748c72384f079a608616d4b0fb527f4958fdfd0a998c2ad44e6e7ae5e2efc784992aa1a3bf4ab074a942942285bacf5c43d83e6c787223384bb737a183a7e84d465cd57dfba1e7a8701952942288450b191e5a50f5fa1751ad4547476727ae82c6988993b030023b384d0e5afad6a6c270d599c1c99b87052a77a6e4f5194c1775f247d0548b21c68dfa25f4950bacc12422144eb8e7ba8432ebeffd7549cd0dc452b239fbc437db8b17a4327ba5ac02d99288435cdddee6ada6a924c2a31f0ce9f74aae78b444313431fbd4e1dd5dc77971ec5c01a60a2100a213a76f753878486cf1b79a5341e5dfce4a55f533793705705a8abf360fd305708031d5b2a298d67560d7df4c6ccb011fb0aa5e24b275ef8958a13e0d61dfbf5a807d60673855008a97bdf83f451cad923cfcf5f23dcb25361793174ec0fcf16de35fcba3297672d6d160f9a335b08457553576d4b0f75542e9b39f997ff9aba744a8f928410b3a3178e1dfe656229ac626cf75d5f93643cc50b5fc88cfdd87bf63f3c3f3e447d5442c9e7ce1c793e1e5d68dfd52fc99a7db96492f10befbea83adefe86564c83707b660c61b9c7dfb1e7c0e563afd2872a431fbd1e1a19e8ed7fcc535becd6bed974eaead90f464fbd9749c6d5bd8224cb9bee79a4c83260cd33630885106d3bef098d0c4443e32ac6c6e6a68efde1df1b7a76366fdd5759436824755d747672faf2a9890b278bdc81a875fb7e336f620326211d7ae6e7dc35dcda4a64fec3e77f914da78a79115f7d6b7dd7367f43abcb5f2b84749b2393cb91f0d4d5f0f4e8fcb5a195c87c316ffad95b075bf63efa130d4f8c61ad32e94c2884a8f056f7f63f76fad5ff2de645c253a3ab2d836d65e595d541bbd3652b2bb79539957c3e97cde432e9746225115b8cc7167399b446850b2184a3dcb5fdd0f7904028847943288408766e8dce4e8c7e7ab4f897ca24e30b13c3c5bf4e212459ee3bf8149ea0870299fdab7ae35d87021d5bb9ab20906479dbc1a7a88bd1613d337b088590fa1e78b27a03ad3d29174992b71dfc6ea0034f4b0081f94328648b75e7437f67fe1cca164bdfc1ef94d6bc0d66500221147fcb61b0d3bc9fef329767efa33f0d76e2b15d2033f585991bc916ebb6079f2af7540d9f7c87f181fa5baa6a6cdff6e0f7f0b820a85332211442082175ddf9a037d87cf6f53fa85ec5a22d8bcddeb1e740ebf6bb497bbc01dcc8bc37eb6f23b5121b78e7cfd4d6d79a0b746cedb9fb1b652e0f6f1950ea4a6b26fc8ca3a272c7d77f181a19b8f4c1cb9aac6ea1aaded0d9bebb1f4d4441132519c255756d9b6b5b368e0f9c183d75341e25ec56ad9a6cb104bbb661452868ab8443288490644bd3963b36f4ee090d0f8c0f7cbc303ea428da5fb391644b55637ba0634b5ddb665c7d01cd9576085749921ce8d812e8d8925c8e8686cfcf5dbdb430315ce4ce4d922cbbab029eba0dfe86b6da968d567b9956d502dca4242fcc7ca97c2e179b9b8c84ae2d2f84562273f1e8622abefc45dd992449b297bb9c6e9fd3ed2d737b9d6e7f654db0b2a6c162b5195c36ac4f6b6126fc3cd962f1069abc81a61bff672695c86552b96c56c9e7648bd562b5c9569bc56a932d6bf38f00a5621d7dfe6c0e2775db190003e016330033841080194208c00c2104608610023043080198218400cc1042006608210033841080194208c00c2104608610023043080198218400cc1042006608210033841080194208c00c2104608610023043080198218400cc1042006608210033841080194208c00c2104608610023043080198218400cc1042006608210033841080194208c0ecff017455613c6d42e5b70000000049454e44ae426082');

INSERT INTO issuers(issuer_id, did, name)
  VALUES('00c95342-815a-4773-89f2-c392f74f8f21', 'did:atala:a0532caffa17eb8d3999b80db961021090a1f5f0194ef6575e0aa8c4bb925a41', 'University of ');
INSERT INTO issuer_groups (group_id, issuer_id, name)
  VALUES('2e426946-8b1e-40c3-97d5-fafbcc17c144', '00c95342-815a-4773-89f2-c392f74f8f21', 'Programmer');
INSERT INTO participants(id, tpe, did, name, logo)
  VALUES('00c95342-815a-4773-89f2-c392f74f8f21', 'issuer', 'did:atala:a0532caffa17eb8d3999b80db961021090a1f5f0194ef6575e0aa8c4bb925a41', 'University of ', E'\\x89504e470d0a1a0a0000000d494844520000012c0000012c0802000000f61f19220000154549444154789cedddd7735cd77d07f073b76277812de88bde41902040102c1225da9444daeab24712e54419c772f296511ef298ffc0c963469e646c8d1dcba31225560d2d4ab2244aa2488115244880201ad1fbf6def2008aa6a910c2397beffeeeddfd7e9eef59fcb8dcef9ebbe79e223df2e22f1800d0d151170050e81042006208210031841080184208400c2104208610021043080188218400c41042006208210031841080184208400c2104208610021043080188218400c41042006208210031841080184208400c2104208610021043080188218400c41042006208210031841080184208400c2104208610021043080188218400c41042006208210031841080184208400c2104208610021043080188218400c41042006208210031841080184208400c2104208610021043080188218400c41042006208210031841080184208400c2104208610021043080188218400c41042006208210031841080184208400c2104208610021043080188218400c4104200620821003184108018420840cc405d00dcd5dcf0d94b1fbfc9dbaa6ddfe1f6fd4794a82767befec37faccf4df0b67ae0857f2e2a7628518fd2d013021043080188218400c41042006208210031841080184208400c2104208610021043080188218400c41042006208210031841080184208400c2104208610021043080188218400c41042006208210031841080184208400c210420861002104308018869781b7cefe2b4677e6aebd7eb0cc6c69e7b152b0740908643b83e3f79ede4b1ad5faf379a104250210ddf8eeaf47aaeebd3c944269351a81800611a0ea1c168e6ba3e93c9c42321858a0110a6e1101a8bacbc4da241af0285006445c32134596cbc4d429e15252a01c8868643682971f23609ac2d2a50084056341c42b3cdc13b36e35d9c56a81800611a0ea124495647395713dfd24c3a9552a81e00311a0e2163cc5eeee6ba3e954c78e627152a06408cc6435851cbdb64e5c68812950008d376089dee46de260bd72f338647f6a0221a0f61559dde60e46a120d7ad7e7a69429074084b64328e9f42e77136fab992b5f2b500b80206d87903156d9dcc5db6471ec32e6af817ae44108b7f33649a792372e7da544310002341f428bdde5ac6ee06d75e3d257a9445c897a0078693e848cb19ace3ede268968786af04b258a01e0951721ecd8c53b46ca189b387722118b28510f00977c08a1b1c8ea6eefe56d958c47c7063e56a21e002ef91042c65863ef018156372e7d155c5f92bd18002e7912427b456d797d3b6fab4c3a7de5b3b730810668e549081963ad7b1f1468b53e37393334207b31005b973f212cad6d29ab6b15683872f25824e095bb1c80adca9f1032c63a0f3cca98c4db2a198f5efae80d6cc40654f22a848eaaba9a0eee6152c6d8fadcc4c4b9cfe42e07604bf22a848cb16df73f6630f16d85b8e1fae90fb1de1748e45b08cd367bdbbe23020d3399f4850f5e8d8583b29704b0b97c0b2163ac69d77d02b3491963b190ffc2b157b0090de4581e865092743d878feaf422c76c7816a6ae9e785bee8a0036938721648cd95c15dbee7b54acedcc9581c9f39fcb5b0fc026f233848cb1c6defb2a9bb8d7fb6e1839796c71ecb2bcf500dc4dde869031d673e4a8a5c425d43433f8e1ebeb7313321704f0ffc9e7101a8bacbb1ffba9c02a27c6583a953cf7fe6f7dcb73b2570570877c0e2163cc5e51d3fde0d3626d93f1d8d9775f0e7957e52d09e00e791e42c6584d675ffb7e9127878cb1782474e69d5fc74201794b02b85dfe879031d6b6ef70edb67eb1b611bfe7ccbb2f27e331794b02b8a52042c818dbf9d033c283a581d585c10f5fc70c6f5048a18450d2e9fa1efd9bd2da16b1e6cb9357474f7d206f49001b0a25848c319dded0fff8cf1c95dc67c86c9838f7d9f2e455794b0260051542c698c164def3e4dfd95c1562cd2f7df45f918047de92000a2b848c3193c5b6ef477f6fb6d905da266291c1e3f87108322bb81032c68a8a9d7b9e78416f3409b4f52c4c4d5df842f692a0901562081963f68a9a5d0fffb5c05e188cb1d1d3c7439e15d94b828255a021648c553675b5ef3f2cd0309d4a5ef9ec2dd9eb818255b821648cb5ed7b48e05027c6d8daecf8fce845b9cb810255d021644cea3972d452e2146879ede4b1543221773d50880a3c84cc68b6f4fee0af2489fb7d88067d37064f2a5112149a420f2163cc55d3d4b2e79040c3f1b39fe25c27c81e42c818636d7b0f179756f1b64ac6a3e80c217b0821638ce9f4fa9ec3cf4a12f7138ba9c19338f117b28410dee4a8aaafdbb18fb755221a9eb98af364202b08e19f75defbb0b1c8cadb6afad2291cae06d94008ffcc58646dddc37dbe5ac8bbba3a33a6443d502010c2bfd0d873afc0066db357cf28510c140884f02fe8f40681c3469727ae62ff0b1026b257bc8c4effcfbfa7935b1d5dac6eef6dd9fd7d45eb618cd56eeb1f1bf8381af46dbd492a99589a1812dec6060a1c6508a3411fd76964ee8e3ee58ab945a7d737f71d1cfee27dae564be35710421043793b1af42c735d5f2cba229e576dd71ede2d835767aea7534985ea81fc461ac2f525aeebadce72852ab983d16ca9e9e4eb755389f8daecb842f5407ea30d21474f28e9f4567ba972c5dca1b66b0f6f138410c468a627b43a4a255deeaa75b91bad0ebeccaf23842044333da12d57f7a2b7b8db77715def5f9957c33cd23cd8872a934e5397905364218c8583896878ebd70bef5328acb2996fc7ee4c26ed5fa13fc52993d6fc71df69edff13b8908530c439346a73e63a84ceea7ab3b584ab896f7956ce0af85775b0bc08a1d83f416065b64a90d5cd3b349afb10322695d6b57235f0af2ec8f8e7757a91a7b8e994e64328f64fd0e9f5b257921bda09a12bd7bf091963659c6757c8bb15a260080bb527147bbbd48030841cb7a3065311ef9da12c9cee46aeeb5511c282ed090d082127ae9e30f743a31b8a5d955c4948c4225ca34d9b130b6152fbdbde08ecdc23493afc26e493884562e1e0d6afa70aa1a4d39594f1ed3dc335f37b736221d4fade53994c5a60498a767f1032aa1006d7787f10e67e54e69b3fcd3920140df9e5fad3822194af2b26918c4505762ad071cef55515a2106a6068f426aba38cebfa5858b603ee0d4247d668bd2714ab5fecbd5209aa10723e24a4181add60b1f32db44f4465cb80c95a2cd04aeb3da158fd62ef954aa027fc0e260bdfffae8ce32246b345e08e34954c68ba3314fb514d32782e17a210f24c9731dbec626709cac264b1715d2fef3e1766a12ff8885fc3c7098b9d858c10f249c6a35cdf765443a31b78f32fefb37293d0674bd3677a8785be41c4de2895200821eff734efaf3279f12eb19777eaa6d817bca64318454f980bbcf3924997e6483abe0750f2ae2432db8442e8d37008c57a42b30d03335c7f92f3639d4e53eeddc2dbb3f1feeb36677388dc8a07d6e49c479e4b99744a6cea9fd81ba5121421e41cf1cba4289778f22e3095771a717169a5402bffcabc8c35e452707d5960bf2c49d2114ee7c81e4908f9fa8a548af2405cdecf84bcf3a7040e6c638c2562118dfe2c14fbfab03a4ab5bb848269a22794f1f1b700de33b1e5fd3458ec4eb1c733fe154dde91fa5745422876bfa01e04213498cc5cd72762945340782770c8fd952c89edb6ea5d9892b58c1cf12e4e0bb412bb5f500f82104a3abdd16cd9faf5b4f3b078679f188b38fe695b515c5a2dd04a8b074525e351df92c8fe2008a108ae692889689870a16a3c1ae2ba9e779adb7772ba1b045a0556e7353789746d763c931119847371aebd561baa10727c5233994c34e855ac96ef100df0fd69d9435856cbb7cfcd864c26a3b9ce7075faba40aba262a72587bb422b8128849c5322092743f23e3b169bedb9099bab42ec359727aec85b89c2322b53c302cdcaeaf8f60152219a1016153bb8ae0ffbd614aae43bf1cea252624d4d29e77e531b9626aea86133e22d5a9f9b8c70de746c107b7354852684bc73b2a99e3e67329920cf040e83a9886bcc698bc43e67a9646271ecb2ecc528646ee4bc58438450107708851e1f652fec5de5ea4c149ab75156df2ed6706ee49cbc952844f8fbc26277f16e7da0425421e4fbb0065617483696e6ddd6bed8a5c853639bb3dc5e5123d0706d765ce64dc1953133f475321e1568e86eef95bd98dc23fa4d58e2e47aa89d4a26bc8b33cad57337eb3c07093325b7e110feb48d9ff993bc95c82e9d4a4d5ef85cac2d42284e9224deaff6b5598201f735ce517e857a42c698bb43f0d3b634311c585b94b71879cd0e9f11dbd2c2e6aa10bb41501bb2fd52791fb02e4f8d2854c9dd4402de907795ab09ef8edd5b67297139ab459eda3396b97ae21de2459977978886af9ffe48ac6d4dc72e596b214318c226aeeb7d4b33397e50b1787d90eb7aaba34cd1f5dd359dbbc51aaecf4dcc0c0dc85b8c5c86bf7c3f1ee1d806fa36921b21cc9240a7313f7a518142ee6aeeda05aeeb79bf5678d575f51b8bac626d474e1e239c757437abd3a373c382e3b795cddb68371f92115908cdd612de01fd99a1af733646ea5b9e0d709e73e6aa6952a6969bf44653c3ce7bc4da26e3d173efffa7aa9edd87bcab178fbf26dcbc65f721f96a214679864655f376aeeba3415fce3ac389739f71b6902a1a3b95a8e4764dbdf7092f95f2afcc5ffce055951ca69d8886cfbdf71be129e62e77a3d25f79b9441ac2d66ede26e3673ec94167185c5f5e1a1fe26ae2acaee79d8b27c06429aeebda23dc7c796a78f0c3d7c9cf4e8b478267def935efa0d7ed9af3a81b64b4217456d79b6d76ae2621efeae4c52f15aae796ab9fbfcbdb6354b7ee54a8983bb4f41fca66ddf0c2e8c5b3efbe2cf6645c1661dfdaa9377fe95be69b05713b7b454d554b978c2591a33dd24daa6ee3feec8e0d7cace830e9fce8c5b519ee353502bdba188bddd5bae7816c5e616d76fcd49b2f91cca4591a1f3af5e64bd9fdf7493b0efd9831ce5d33d58df85cc5866eee918654227ee18fbf17d8936b2b42ded52b9ffe81b755595dabd591bb256d2dfd87b2fc73c1f5e5536fbe347aea78ce6e4d13d1f0e0f1d7ce1f7b251ee15b247d87baed7b449f97aa1771088b4b2b056627fb57e6073f7c436c15f626e291d0f9fffd9dc061124dbb0eca5bc9e6747a43d7c127b37c914c3a3d7ef693cf5ff9d7e9a1d38a4631118b8c0d7c7ce277ff92fda09ad16ce93cf0881c45a90bfd46718d3d07046eff16c72e5dfa48df73f8a8a493e77b241e090dbcfd2bdee3a2186356475945d336596ad8bacae6aeaa961d4b592fdb8d043c573e7d6bfccc278d3d07dc1dbd9612394f1c08ac2ecc5dbb203c39fbdb3a0f3cc27b3e8f26d087b0b2b9abb8b44ae0d33f7fed4234e8dbf5f0f3d92f66f7afcc9d3ff6fb887f5da06dd3ae8312efc6fe72d879f859ffebf3b2ec39100dfaae7df5c76b5f7de0723754b7f5b86a9aece53562df6ea964c2bf3cbb3637b1303a28f07fba0977476f7df77e195f503da4475efc05750d6c656ae4ec7bbf116b6bb61677def768edb6dd623fd6d3a9e4e4f91363673e11fb916973961f7cfe9f78cfab908b6f79eef47fff52899fc77a83d151555f52566db1bbacf6528bdd65345b7406a3de60d41b4c8c6552c9442a914825e3f1482812f044fc9eb07fddbf32ef5f9957e219527169e581a32f129e90a7285584903136f0f6af78972cdcce5159d7d477b0ba75e7d637c04ec6a373c3e7262f7c2eb6abc286fec77f56d94c395c3e33f4f510ff4892b6e88da603475fd4fa0ebf9ba0bf1dddd075ffe327dff837e12f51dff2ece0f1d7862def563476963774382aebac8eb26fdf50a553c99067c5b3706375e6faea8d6bbcbb6bdfa1acbe8d36818cb1faeefdfe95f9e9a1d3b46528479274bd479ecbe30432f584b0a4dcddbeffc8e8a90fb2799178243437727e63b71249a7b79438f446b3c168ce6432a9442c118bc6423eb9e66d19cd969d0f3d23cb4b6569c7033f4aa792b3c367a90b919f24493d478ee6ec192c15b5849031d6d27f68757a747d6e429657cba453619fc840cb16753ff4b4bc63895990ba1f7a2693490bef95a44e9224ed3cfc6c4d671f75218a237e4e783b49927a7ff013d937cf5542c3ce7b72364f6d2b6e7e5ef3657d1d634c92a4ee079faeddd64f5d482ea828848cb1a262c7dea77ece7b624c8e55366fdffebda7a8abb89324e97a7ff893f6fd47489e97c8cb68b6ec79f2e775dbf752179223ea0a2163cc5e51bbfbb1bf55ed717365f56d7d8f3c2fd70c01b9496dfb0ef73ff182127b9fe64c49b9fbc073ff58ded0415d48eea8f1c35456d7bafbb19faab03f2cab6fef57f117c4868ac6ce03cfbda8d11d906a3afbee7df61f723911570dd4f29cf0db026b8be7defbad7a4e9c6dec39d075f009b5f68177caa4d35317bfbc3ef091aa56d36fc2ea28ddfebda7723f01500dd41b42c6582c1c1c3cfeeadaec386d197a83b1eb7b4fd6efd8475b868068d037fcc57b2adf0c5fa737b4ecfe7eebde07557e8ba11c55879031c65866666860e4e431aa75a8e50d1ddd0ffc58d3876fadcd8e8f9ff913f977d9b7e9f47a77475fdbde07f3602bfb6ca83f848c7d33c378617450f6e54b9bb0d85d1df7fc306f9e53f957e627ce9f581cbb9449e7ee3dbc1ba3d952dfbdbfa9f77eb34dc14d22b5421b21dc10f6ad8d9ffd746ee4bcd2dbcc949455b7f41f72b7f76ae517e0d64502deb9e1b38b639749b6e596249daba6c9ddde5bd3d9a7c281372a5a0ae1865828b070fde2fce8a06f49e6d3294c165b556bb7bbbdb7acae25cf3650f8b690676571ecf2e2f8e51c1c3b27e974a5b5adeeb69d55ad3b34311923c7b417c25bc2beb595a911cfc29467e186d861068c31bdd1e4a8ac73563794d7b795d6b54a52be757ddf29110d7b9766bc8bd3dec569dfd24c221691e5658b8a1dceaa06677583b3bade5e59a737186579d9bca4e110de2e12f006d716c3fef5887f3decf7c4428154329e4ac453c9443a95d4e9743a83496f30ea8d465391cd52e2b2d85d16bbcbe6ac2829abcebf7bce2c6422015fc4ef89043cd1802712f046fc9e442c9c4a266e2d204c27934c627a83496f30de5c6168349a2cc537dfd512a7a5c4657594a2c7dbba3c1914b694382d254eea2af280f4cd3bd94c5d4901412700400c2104208610021043080188218400c41042006208210031841080184208400c2104208610021043080188218400c41042006208210031841080184208400c2104208610021043080188218400c41042006208210031841080184208400c2104208610021043080188218400c41042006208210031841080184208400c2104208610021043080188218400c41042006208210031841080184208400c2104208610021043080188218400c41042006208210031841080184208400c2104208610021043080188218400c41042006208210031841080184208400c2104208610021043080188218400c41042006208210031841080184208400c2104208610021043080188218400c41042006208210031841080184208400c2104208610021043080188218400c41042006208210031841080d8ff01ecb082eccc53dfde0000000049454e44ae426082');

INSERT INTO issuers(issuer_id, did, name)
  VALUES('47ae90f7-2e35-482e-a96b-5a5ffa1b4a28', 'did:atala:76751e72134c9a34470e96b2f0fab30b7ee972d510bcfc8126a4a8a9b96c75af', 'University of ');
INSERT INTO issuer_groups (group_id, issuer_id, name)
  VALUES('ad678f49-7a56-4f9c-a7c4-83f00ba55f28', '47ae90f7-2e35-482e-a96b-5a5ffa1b4a28', 'Scientist');
INSERT INTO participants(id, tpe, did, name, logo)
  VALUES('47ae90f7-2e35-482e-a96b-5a5ffa1b4a28', 'issuer', 'did:atala:76751e72134c9a34470e96b2f0fab30b7ee972d510bcfc8126a4a8a9b96c75af', 'University of ', E'\\x89504e470d0a1a0a0000000d494844520000012c0000012c0802000000f61f1922000019da49444154789ceddddb731bd77d07f05d2c4010000112244112e0fd2251942851942cca9665c59665c74c62c74e1d3b71ec4c33d364a6edb833e9f4a9ff411e3a7d48e34e1b27752793d88992d88e9dc4b22c258e2dd1ba8ba2aebc89778277dc88fb62fbc054516849c639d8dddf02fc7ec64f9e3dc04f1c7cb18bdd737e47ec7df97b0200d031511700b0d1218400c41042006208210031841080184208400c2104208610021043080188218400c41042006208210031841080184208400c2104208610021043080188218400c41042006208210031841080184208400c2104208610021043080188218400c41042006208210031841080184208400c2104208610021043080188218400c41042006208210031841080184208400c2104208610021043080188218400c41042006208210031841080184208400c2104208610021043080188218400c41042006208210031841080184208400c2104208610021043080188218400c41042006208210031841080184208400c2104208610021043080188218400c410420062082100318410809899ba00b897e96b672f7d709875545bcfa14d7b1fd3a21edd9cfaf57f2d4f8fb28e7ae45bff5a5c52aa453d9ac2991080184208400c2104208610021043080188218400c41042006208210031841080184208400c2104208610021043080188218400c41042006208210031841080184208400c2104208610021043080188218400c41042006208210031841080184208400c2104208610021043080188218400c41042006208210031841080184208400c21042056687bd6cbe9546235948886e5543223a7e5742a23cb269364329b4d9259325b2c569bd5e1b4143b4451a42e164010f23d8419391df04f8616a7c30bb3a1c5d958683995886533503499ac76a7cde57656d4acfde7aaaa93cc16ad0b06f8b4bc0c616235e41f1e5898185c9e1a91d3298e575032997824188f045766c6d6fe8f4992ca6a1a2aeada2a1b3697d534a8592ec03de5530815455918bb3e79e5d4c2d80d45c9a8fbe219595e9ebeb93c7d73e8d4517b6945ed965dbef65df6d27275df05e0d3f2268473a35706fb8e4496e77478af687069e8d4d1a1531fd4b476b6ee39e8f2f8747853d8b0f2208491e5f981638703fe09dddf59f18f0cf84706aa5bb6763cf4a4cd85b32268c2e02154c62e7e7ce3e47b19394d58c4dce8d5c589a14d7b1f6feade2f8a78a8032a336e083372baffc81bfe9101ea42044110e474eafa89dffa472eeffae24b56bb93ba1c282806fd5e4f2562a7dffaa14112784bc03f7ef2e7df0fce4f53170205c5882194d3a9b3bff9f1ad870786128f044ffdea3f97a747a90b81c261b8102a8ad27fe46714b761b225a753e7de7d2d383f455d081408c38570f8f40773a357a9abf80ce964e2ccdb3f8a0697a90b814260ac1006e7a646ce1ea7ae222ba978f4e2919f2a1999ba10c87b060aa19291fb8fbea164549e0aa39de0dcd48dbef7a8ab80bc67a0471493574eafae2ce4f822c5256565d5f54e8fd756526a75b824b3c5249933725a96d3e9442cbe1a8a8783e1c5d9d0e24c32b69a7bcd63173ef26deec6941ac885514228a753c3678e710fb73a9cf55b7b6a36ed7056d4643924bc38bb30313873fd7c78c9cffdbe8aa25cfff8dd9e67bec3fd0a004609e1d495d389d530c7408bd5d6d6f368c3f67d2649621ae8acf43a2bbd2dbb3eb7323b3e7ceae8e2e410c7bb0b82b03435323f76adaaa9836f388051423879e534c728b7b769e7135f2f2e29cbe5addddec63d4fffddfcd8b5cbc77fc5f745307aee438410b819e2c64cc03fc1714d58d5bcb5e7996fe798c0bfbc5a53c7432ffcb3dbd7c4317665e66678715695326003324408676e5c601de2f63676f77ec324a97926b714db7b9efeb6a7b19d63ecf8409f8a95c0866288102e8cdf603ade5c54dcddfba2ba095c6392ccddbd2f72dcedf40f0fa8bece183608fa1046834bd1e012d390f67d4f581d2e8dea912c453b3fff026bbf99543c1a9835ee543b3032fa102e4eb0dd96b439cbeab6f66854cc1a87dbd37adf41d651f3378d3edb0e8c893e84ac33a11bb63fc0fa348243d3cefd567b09d390c5c9618d8a81c2461f42c6fb8aa2afbd5bab526e23598aeab6ed651a1259f667644c250566c42154940c53ef2667654d7149a976f5dcae7e1bdb456f469673997c031b167108e3912053e3d08ada56ed8a59c7e62c73567a99868416b0e81e98918730c474bcd3c3968a1c791a36331dcf7a9b1740200f616235c8747c89bb4aa34aeea8b4ba8ee9f87838a04d2150c8c843c8365753b71f846b9c956c4fede38cdf290002790853c938d3f13ab71bb439dd82c0b079533c82100233e21066d20c5d7d4d92249a742dd8244945367bf6c7a79309ed8a8142451d4299e1d6a81693453f93c56acbfe60da4ee190a7884328b39c09e55452ffa7e1269649a47cfbb4c106471cc2229b23fb831545d1ff4717d314392593c9a346556010c42164dd0030165ed1a892bb613ef762176e60441d425705d3f1718210325c308b26494408811175084bd94218d3fd69b89c4a667f3076bd070ec421b43a9c4c1fdc5848ef33613216c9fe60d6d54f00027908054160da0157e7df84a9448ce93761114208ece843c87445aaf3e528eb962f766ca90dec8c1042860f6e3c12501445bb62d6890617998e77947934aa040a981142c87026ccc87232cad39f974f78916d916e4945b546954001cbb3100afafe2c0cce4d321d5f565daf512550c00c1042c6df51b150409b42d653944c802584366799768d18a180d187d0e62a677ac0addb9930303b9166596955c9b80c1f600d7d084d926475302cd5d52d840be3d7998ee7eb9f0f401f4281f106a96e4f296606fbb33f58b214552284c0c5105ba339dc9e803fdb1ef27cbb97b15a991d8b85181e1256b76cc39c35e0638810763ef295ce47be425dc55f19ef3fc9747cddd63d1a550205cf1097a346130b07fc2303d91fefaca8a9a8d3af212a141884f00e864f1d655a9bdbdc7d40bb62a0e02184eb4596e7a6af9fcffe784759a56f8b1edb6340a14208d7512e1fff15d3769f9bee7f5c148df567d4737aad4636549710637d7ac88df59f58991dcffef8f2da16efa62eedeae1a364f27e73a84cfeff13b28710fe45707efac689df657fbc4992b63dfcb466e50882c0d9b1a60042c8f74f30da254996f2b2682d24a2910bbfff09d312de4d7b1f2f29d776d9045fabd502d82691ef9fa0c3eeb15a4008054110e454f2dc3b3f66ea9de1f63537efd2fca628670837ea9990a43d74eef2b26875a59389b3effc3838cfb0b5a0d5eeec7ee21b3a5cfce04cc8c464cecbcf735e16ada2646cf5dcbbaf653f694e10049364eeee7dd1ead0636b1abe10a61331d52bd1598afd9f208aa63cfd4db8a14318599e3bfbce6b4c73440541dcf1d8736e5f934625adc317428e4fb0a1284a86636b9d3cfd41286ce4104e5d3d73f5c3b759778fd87ae0493d9f497086301e55bd123da5137141607ed4c9b46b88a16cc4102656c3573e7c6b6ee432ebc02dfbbfd4d8f5a01625dd8dd952c4312adfcf847cf5f3fdad8c60638550c9c813039f0c7ef23ed3927941104451ec38f054e38e7d1a1576377c8d4cf3fd4cc8577ffe367d2d9c102e4e0c46eff9eb2e934e8f5f3a190d2eb1beb24992763cf635efa61d3954c7c962b5992433ebb687723a954ac49876563414bebdb774dec559458513c28981beb9d1abaabfacd55ed2fd856fbabd8daabf72f6057034138885562c9e7c0d215f0793fc0d615eded2d54d6975ddbee7ff893081822014717db6f4df434e4551ae1d47f8fe504650386742b589cdddfbdbf7f58a26e21bdf7c5ff0791d42be0df070262c3425e5550ddb1f204fa020087cb30262c13c0e21df99d0eac8d71b3308e19d4596e73efae9bf5d3ff15ba6fd09b5e028ade418155e9a55bd127d2819797565816320df1fca0810c2bbcac8f2cdf37ffaf8f57f5f9e1e252ca3a4bc8a6354686146f54af411599e67bd1b2c0882289a1cee7cdd8d0721fc0cd1e0f2a95ffff760df11aae5ea7caba55289589efe2ce4fbfab09796e7e9120a0121cc8e3272f6f899b75f2579086e7395495c7341420b7979451a5ae40921dff582412084d95a9a1ceefbe52b14a717b184eb422b303ba676257a605ad1728bd6abab35851032585d59e83bfcca6a806de7d0dc9594d7708c5a9c1c56bd12ada593f1e0dc14c74084700349ac864ebff943a635f8b92bf336708c0a2fcee4dd24d2a5a911a65677b7d04ea8c81142c82c1e099c79fb553d572a54d4f2b4f7561425ef4e868b13431ca38a4bca6c8cbb5c1a0a42c86335b078e1f73fd5ad37a6c3edb1722d11981fbda27a315a5216c6ae710caba86b51bd143d21849c962687864e7fa0dbdb95d7f27ccee646af904f36c8def2f44dbe7deff8fe38c691af8f563ead6e6b4f79d6976dd1e062c03f119c9fe158c17dcbe8d93f781adbf5f935525edb323b748975949c4ef987076a3b766b5192ea98761fb81d42681455cd1dac4312ab61fff0a5f14b27f96e782a4a66e0d8e1875ef8ae0e534c2bea37f10d9cbe7e2e2f42b8f67dc131d0e672db4b2b54af474f1bfa72d4ea7036763d78e0a57fd9f1d8f3c5250c5b76dfb2bab270f3c247aa17f6698eb24a97c7c73170696a2438cf73d35f6793974fb1b63b5863c06d08586de810fe3fb176cbaefd2f7cb7a66d3bc7e0e133c7f47912c0fd691b39734cdd4a549791e59b17fec43716212c1c16abadbbf7c596dd0fb30e945349ee0f1013ef66ce4fdbdce8b5f0925fdd62d43575ed0c5f4b0b87dbc37781602808e15f69dfd7dbb4f321d651e3974ef25d4a31b139dd65353c4fed0541b9fae1dbb9dc82d2542a1e1dfae428df58dfe69daad64203215cafe3a12f56366c661a924e26a6af9dd3a89edbf9da77f10d5c9e1e9dbc7c5add62d472ede37793b108d750d18b10162871c763cfb1b62a9bb87c4aa36a6e57d7b1db526ce71b7bfdc4efe29180aae5a860716290fbfbabaa798ba32c5f17f2de0e21bc03abddd9d67388694864792ebca8f9d221c952d4b0fd7ebeb1e964fcdcbbff6ba867f7ab81c58b475ee71edeb2eb61f56aa18410de59e38e07581f5acc0e333f4ce7d0d4f520f7ead5d0c2ccc5f77e6690cdb453f1e8b977fe87fbc6b2dbdba8db8e205a4308ef4c3449acfdb6e746f498a859642ba9ebb88f7bf8fcd8b5fef7df20df3b2d198b9c79fbd55c16853517ca69504008efa1b66337d3565b91e5b94494ef06039b96dd0fe7d2ca6176f0e2d9dffc4887dbb977130d2ef51d7e856943c8755c1e5f750bf30429c34208efca6a7796334ecf5f9ed263e990cde56ebdef915c5e61696aa4eff00f4866d2cc8d5cee3bfc038ecd086e236e7bf819411055ab891a42782f9e8676a6e303fe498d2a59a765f7c3f6d29c56d04596e7fb0eff60b0ef886e97a6a978b4ffc8ebe77ff793646c3597d7a9db7a1feff352832a9c09dc5aa8a86f633a3eb4c87f89c5c424993b1e7aeadcbbafe5f2224a263372f6f8cc8d0b2df73d5cd7b147bb4d365389d878ff89b18b1fe7be12da62b5b5efeb55a52ae3a00ca19c4ef5fde23fb2bf59d7f9c8336e5fb3a625ade3acac61da1449cf066755cd1dd52ddbe6725eb61b0baf5cf9c39b23678e37eed8e7dddc6573ba55296f4d787176fac605eec9d99fd6beafb7c8e650e5a58c833284d1e012d39c46b3ee7b7d89a2c95959937deba174329e8cadeaf629d97ee8aba13766546978138f046f9cfcfd8d93efb9bd0d356d3bdcbe2657a54f34f1fc5a91d3a9d0fcd4d2f4e8ec607f64792ef7da6ef16eeeaaefdcabe20b1a04690819ef50db29fa8838ca3c4cfdbfa2c125dd4268b1daba7b5ffae497af70b4acbe0b6565767c65765c1004c96c29adae7756d4d85c6ebbabdce6725bac3693d922992d92b9481014399d925329399d4cc65663e1955868251a5a0e2dcc841666948cfabf334bcaabb61f7c56f5973502ca10323d26b214dbf97ae0e688b583503c121004fd6e1b9456d56e3df0d4e53ffc5af55796d3a9e5e951da2d006e912c45ddbd2f917c007440797794e93e35c969501084e21217d3f139defae350dfb9b7a193732e5b5e104553d763cfe7758fed7ba30c21d399d0e652f38641f62c56b609d3498a569fdb1e793a97693446268ae28ec79eab6eeda42e444308e167b014b3dd0d4aebd88ff43662e7a3cfd66ee15ce86458a2286e3ff4555f7b377521da220ba19c4a265643d91f4f75396a32b1fd6c56ef1e099b3f7f5e0b627ddd1a51143b0ffe4ded963ce8529523b21b33ac1397d47d7e953dd647d88473a345d1d4f5f9af39dc9ee1d31f1864a904378bd5b6f38917585757e729b210b2cea0a7ea73cefaac2ca3575beebb10db7a0e9556d7f71f795dcf46fdea72567a777de19b39cecbcb236497a3cc6742a2df84ece84f419ec6f67dcfbf9ca71d907ceddd0f7cf51f374e02857c391316d94a24b345bb620a8fbdb462df732f8f5dfc78e8f45143ada6bf077b69f9d6035ff6346da12e446ff911c20df5bda816d1646ade75c0bbb9ebda47eff035b7d68d4932b7ecfa5ceb9e83f9bbe5752ee86ecc303d9f20ba2b53008a4b4abb7b5f5c9a1a1939736c696a84ba9cf54c92e4dddcddb6e760beb7b2cf054d08e55432110d677f7cfefc2034a88abad68abad6d0c2cce8f90ffdc39774dbd4ed1e2c565b7de7dea6aefd568793ba1662342164bd354af590b0c0b83cbe9d9fff7a6c5feff4b5b3fee10192b6dca26872fb9abc9bba7ceddde622abfe0518104d08a341d6e7133813aac6e62c6beb39d4d673687565c13f3ce01f19082dcc68fda6a2c9545edbea6ddb5eddbaadc8c6b3e16901cb8f33217e136ac1e1f6b4ee39d8bae7602a1e0dcc4d06fc1301ff44706e52ad078cc525a565d50d65350d6535f5aeaa3adcdfbe1baa10323d24147126d494a5d8ee696cf734ae35d45162e1602cb4120bafc4c32bb17020165a4925a2723a756b0161269d16444132174966cb9f57185a2c45b6129bd36d73b96dce329bd36d2f2dc7192f4b4497a32c6742aba36463deb92622da9c6536679920e8da496423a39931c3b67ec289bb3250c80842984e269876e1b1e7d9b568e1f4c3047d10843016666b4cc4b791b56a18972398b89a23c14696079f18da09d1aceb03b5ebde09858a2084ac775914d2dd4b58d707e21e12b0ca831052ad55e77b7784105811845032b37d4c530982d649b7bd3bdb936b841058918490ad7ba43efb8ddd0deb2e96666bb1469540a1a208a1a588a98b2bd3f30cd5b1b630b4da36fa9a0060457377d46a67f8a4c6422b84b748591fa814d931570bd81085d0c1d0d65a4ea762e18066b57c86687099e9782b42088c684258cc1242411022cbf31a55f299581b52319de40104aa10b2ae8a08cee9b403ee3ac9d82a5387624bb1dd52ccd6361f802684ce4a2fd3f1547b03b1eeea5ee22ed84d4b403b4421aca8613a3ee09f90d3298d8ab9f7fb321def707b34aa040a184d084bdc1ed1c430c7524ea716c76f6857cfdd2c4e0c321d5fc0db7781766842289a24674535d390d9a14b1a157337a97894f5b76869559d46c54001235b455151d7c674fcdce865a62e89b99b19ec67da56c52449a5d5f5dad503858a2e84f56c21ccc8f2f8a53e8d8ab9a3e9ebe7988e2f452f23e04216c2f2da16d6b9cee3fd27749bc216f08fb35e8bba7d68ca023cc84228992de5b52d4c43d2c9f88d93ef6954cf3ac3678eb30ef1346eb89d4c4015942beb39b6779eba7a7641fbdba48b13830b63d79986581d4eb7af499b72a0c05186b0bab593bd11ba72e9e8cfe3918016f5ac91d3a92b7f7c9375544deb7651448b27e0411942c96ca969ddce3a2a195b3dfdd6abdafd381cf8e030eba46d4110bc9bbab428063602e2464f4d3bf773f4085c5d5938fde60f5917196563f093f76787fa5947392bbdb816056ec42174567aab5bb7710c0c2ff94ffefcfb4b9343ead5a25c3ff1db9133c7384636773fa45e19b0e1d0b73c6cdbf3285fc3dcb5ebd24b1f1c4ec65673ac21110d9f7eeb4737cfff8963acd5e1f26dde996301b091d1772572797cbecd5d338317f9864f5f3beb1feaafdbbaa7b1eb41475925eb7039951cbbf8f1e8f90fd3c9385f016d7b1e659a070bb00e7d080541e838f0d4c2c4206b4ba55be4746afcd2c9f14b275d1e5f4d6ba7dbd75c5a5577ef3636722ab93c73736ee4f2cce0453995e47b5f41109c95deface1eeee1008241425864736c3df054fffb6fe4f83aa18599b5fd2e45d16473b96dae725b49a9546495cc169349cac869399d8a4702d1e07264655e952da3b71ef8b228d25fd2435e3344080541f0b577cfdfbcaad6520945c944834bac9d29583574de5f5e8ba96a902b037d8b6f3ff45c69552d7515d972797c1d079ea4ae020a81814228992dbbbff4b7c47b3065c75c54dcddfb229a6d832a0c14424110ac0e57cfd3df36780e254bd17d4f7ecb5e5a415d081408638550100487db73ffb3ffc0f1b0411f6ba76bcc8f0115192e848220d89c65f73ffbf7ac0b9d746029b6ef7ef25b1575add4854041316208054128b295f43cf39dcdf73f2e1a66e35b67a5f7c1e75f46024175c6bdb5208a62eb9e472bea375df9e39b6b4fff082ba9efdcbb65ff97d0bd02b420f6befc3dea1a3e83a2283337ce0ff6bdafe932c2bb71796a3b1ff94a6935daa881568c7b26bc4514c5da2dbb6bda76cc5c3f3f3ed0175e9cd5e77d5d1e5ff3aecf79377561b52e682a0f42b846325bea3bf7d677ee5d991d9fbc727afee655eeb9a6f76692cc9ec6cd0d3bf655d66fd2e2f501d6c99b10dee2f636babd8d8aa204fce3f337af2d4d0e8797fcb9ef6b6fb597b87dcd35ad9d9ea60ef6a61b00fcf22f846b4451747b9bdcde264110948c1c5e9a0b2d4c8797e6e291403c128c47828968f8ee53b445abdd51ec74db9c65365779a9a7b6aca68175a32800b5e46b086f279a2497c7e7f2f86eff9f8aa264d229399d5a5b3ca1643292d96c325b24b345321719e7c907402184f08e4451942c45f75e550860043821001043080188218400c41042006208210031841080184208400c2104208610021043080188218400c41042006208210031841080184208400c2104208610021043080188218400c41042006208210031841080184208400c2104208610021043080188218400c41042006208210031841080184208400c2104208610021043080188218400c4fe0fc64f71b7af39419d0000000049454e44ae426082');

INSERT INTO store_users(user_id) VALUES('77398291-5d7a-44f5-ab15-2866a88125e8');
INSERT INTO participants(id, tpe, did, name, logo)
  VALUES('77398291-5d7a-44f5-ab15-2866a88125e8', 'verifier', NULL, 'HR.GE', E'\\x89504e470d0a1a0a0000000d494844520000012c0000012c0802000000f61f192200000f197a5458745261772070726f66696c6520747970652065786966000078daed995972e4ba1145ffb10a2f015362584e02484478075ebe4fb24a6af560fb3ddb1f7644ab5ac56a168921873b50c1fef6d71bfec24fadb9852a7db4d95ae4a7ce3ab3f261c4d7cf7cde53accffbf393f7fb53fafe7cf8fc22732c1ccbeb8baeaf6352cecbb71b3ee648ebfbf361bcbfc9e33dd0fb8b8f018bcf9cf970be2e92f3f9753ed5f740d35e1fda1cfdeb52577e1df7fbc26729efdf799e2b3f07f1ff87af276a274a4798a8e46c2595f8bcd7d70acaeb57f94dbc67aef13385cfa5a4f01c3eb64440bedbdec731c6af01fa2ec81f9fc28fd1fffcf443f0b3becf971f62d9de31e2c32fbf48f2ebe03f21fe3271f95c51fefe8b54d3cfdb79ffde7bc6bdf6da9dd64644dbbba262f8888edfc3858b9097e7b6c6abf32b7ceecf6bf21a51e3263927eeb878ed3453262b37b0829334dd64cf71a7cd126bb6dc39e6bc7379ce8dd2f3ccfbc958f557bab997594e19646e670ba4ac96fcb996f4cc3b9ff9761acc7c1297e6c460c953fe8f5ee19f7df9675ee1deed214a717cc68a7565af6b96e199f377ae2221e9bef3264f803f5eeff4c72ff543a9924179c23cd8a0c6f51a6249fa565be5c973e13ae1f8ea8a14fa790f4088985b584c2a5e032d15492dc59e734f89380e12a4ac3c979a17194822f9b0c85c4b6939f43cb2cfcd3d3d3dd766c92dfb69b089444869a5939b599464d52ad44faf831a52295245a4499711648ab6d26a93d65a6f0e72da4baf5d7aebbd8f3ebb8e32ea90d1461f63cca133cf0206ca6cb3cf31e754cd419948194bb95e39b3f22aab2e596df535d65cba299f5db7ecb6fb1e7b6e3df994034c9c76fa19671eb5140ca4b06a62cdba0d9ba6975abbe5d62bb7dd7ec79d573fb3f6ceea4faf3f91b5f4ce5a7e32e5d7f5cfac7136f4fe3144723811cf1919cb3591f1ee19a0a0b3e72c8e045d78e63c67713aa6496691e2b9092779c64861b594e5a6cfdc7dcbdc1fca5b90f187f296ff55e682a7eebf91b940ea7ecedb2fb2769ce7f693b157177a4c63a1fbb846f308fcc6c8db7f7afc3dd0ef81feff074a6a07849a0be22862b2ef7516915c672a7795dcca4a678218b668f62b7a25ce754fadf39af12b72f3d9809da365ea65cf7be5e47e6d84da564384495e678f49bfb762935ebccd3b754d48c52f3029b55b1fb9834d9244a7ecd577393e283aa287bafd638ffe5ed4b42dc06c95365416ac6f591dec2e62a26b1dcb6e4edaeeb1588faed3a75abdf55c620402c653ede8de6db2bf39cfcecd7219e9ea119f0090ba37e78938d23bd871ae373e6bd90309d33a9b0ba70f3d3637ea33f556d14f8748ddaacdee13ae23d645d7dde0bf4ad3d341e65e8dbded0aa46d5751eb0410fefa657959af370d7631ced2e1b39cd619914d26c99da8e4767259c46e08d7fb8a6a5cd38ff9866b0b02bf710df1e0930a924398bb5abb3b2d8bec683bbe430fb74fc432e13e6bd4dd8b9c52fa4e367a0b93e955b67592e6634765d75ae799c0fb9edc08b58cbcd7b810822d950b65e16064190b487005192911533337c07ea297512bb744624920ba25d23e49c5acab0fa848762d09e08fc56ecb6b620e16c555cfb2d16eb00325d4859e6c160ded85d82bb75189f9f64a400f9c70e03121b949d9b39443b0cc4875c7fae46e4bba858569a85ef9ca241392d173acb912d5b1fd8e0cbdb15ca3825803a159650f045367d9a577b1023526eae8ac1ab926c1f15da597a46c898ad4d5ebc9756cb83592ca7516e4bce89668cca5237ae3286a99f22c27d4e1cd109bb62694cba9b7e1046bc7ab50e3f0643d4fd58fca6e6ea73abad3b99a10b9a308e828fbac15345e630e38f975796e71fbd5679fe9d535ef9155cb62d7dc5a316390be25ae111df35432156d4d0bcd289ea5331d9936166cbfa2dc9ab38c5ca3693f59b7c0ff3620731a7a2204c88cb7f1dc854069af74145b3bb27b45a3081d1bd1229ec145952a8b6a73df39695edd9712b82bb79b5a047316344f4ee86fdf098aad74ffc0a8def377d314f4b7b7e7d914aa26e33ca1db8bc6caabb6e4b72f8482b4cd42c87db6714aa76951be9392607a968840635297069ccae2cd339fae3a6c84cbe8b38a16bbd66f16e588feaafe7d98774dd0cc1b31b316225ffb012c7637e691b8bd3a7b322ffbdc293d696526500d34417b5177a6008c8483f4da8dfcc50e4e89c39050f2a99c75e9f0c63ce8321a78553aec69b2a9519ecfe0d1271287efa0f801625fa81c7d167ce24047d54924d5837d689fad8b229a6005e31bbb5b5ea5e12a7805b0952bd4e0e8c0cd8880feaaa3e0ea147909be25325ecb8c32622ec02bc3b0b7edb132070162b48c2ad94c4a247ade2d59a1a2b5d672d2acc857a59a5b1774190861ac002f724ee2d72c33b90345ee129ca1761fe2c80caeb0b336c4928c87b1c01c7df104b6e4a109e576dad92b57223430bdadc7eca180bae00764418be17c6ba32a9e8d475de46eb67ca8007e809e49db01a480e9b665f929939916437a8c0837a56603636b3ebdde790a7b7cb0b834d3f40a7fb9603f76a937a8b5815b601f0ca636e8e5c98a40810bc6fb3fb4f95dce0320603b0864443e62bfd19f026129d23a6732972300370ae3529139f279842702ceab72a11e282513b45e349b637d966a5bb797d8d02574d88ab0f0391b84a1353182cedc2b69b854fe06482e7c88f236d7cd45b4a7783c577354c0740d505412c8981758014925a160472519d361edd620348443e7c6bdc4bde230209aba920c924b8b202c85d031eb90b9cc3b5adbdc4df78edc700694ca70771a302589e4e369054c9cf2e48790508456ca5ac0d63c69830ff4dba40385b0c3b6cb8a7a9b52e0978a8e01c6af5660a7e5b687cccecd8216fe86da8da31d180436c059908453358e999999f4e1d9c59f8dd09bd46460d5ae356a7a8107e4cb9c5892757b5b13b26329e27eca14ce3c51e0375180911026c1a2d0dd5bb1ebc26609d24da52dea1a9b04209d2300f434c24e39bbeac85e02cfa79b9945b134138c209880396265b2228e89246f088015b149bc6062177029f4368b38ec66c408866c6cac2440b35db1e1a3b24b1065e41500508ab72ecaace569604c59cecb94615c2979cce66e2323cfd40d681543288ecd38a029397c60072b4a19d02f4ab82f2808ae4914cc231dfee3a52bb63c9a6017e159e64fe8cdb608d89174728041b44d3162514b7446a49054bb8300ef9b44a01dabffff7cfb3fe09f5c497097f732a41896678fef5132720e5938ae93fa717837240d787110b8a803432acd8b17cd303aea81c63cdd3bb720614718cb3d3101416f904b627b4c9067a3babcc1901237dd6d4570323bb6b8e040d1ad4fd1fdc2e1f00b20cebe9807881dc840e28ba7a6cc04157c17fb9be09137c723fec64bfc0544fc23b8d1db8a4886cca16970f616b058814ca43504af5e2b607932147a450102523d797f383711b9f04d72ffacb82332023d24fee4a16f3209dd2029bd96aea1d8a87386a48f1774f40d5a87ba69f8b5a67eb4ae2b6a008dce38050089ad81f0639027ba2c7c486324677f4b7017c7dc5099155d225f707a7e8fd31f305d34adb0b276ac8c319c2c19305e9db412c4a468b535acc2d3e41ce2405235d762143ea21dd55ad9f028c81ee4ce03b520e5c64e78b8689eb55eb4b37cb2933752920c8035a59d489860315839d68b212068c04a696d20b45a6c9b1cb40ae9ea753421554c8aa66c424d4228b44f4ad002bd8036a2364115aa79c8c2516120f01e01d1ce8e1be5989ee120336430f8ef4877c05ad0fa50db9b0281c93bd0ebb4b41d3c507ab000350b0407a75fa9541fe8975c2e1eda374794e4ca19fac79f0989813e27436f943f22b411d4ed4f8f335d7b3ddb2920fab6b7ef4cfe5417ce2107e29a75bb23743aa6800839cbdb943df9ab54032a182844fd9e49b270a53b18d259dd9865fad1ea486038092169e055764d5d312db036bdef114235a08d2fd243e77660ead1378ef2674b283362d424fb63cf5cc003496032727f62234ebb884304e9a5bb705c0ba14dddb60a771df712b3ee9942b4e846809b33fb010b467703e323df59581b0912140efe4fd1e73818172da9cc960842831427c6298ee03120baecc9ea76fb216eec2acdcff6faf67258c6aaa013eada6663b514328661a3e3e9413c0f22790562269d26dd062e9d8b1bcae2c53ef75a1d85d635a1c4d41fdad19a35ce87b65c70b0aadc636ca8231b8518751d6d94b430197094e20204717a9edc543a1167076d7b3f4d686b3c1861b53890c0cc840b742b1a302b1394871de0076000d4d934b399902dd43ffedbcb0772869f4059c54bfa934a77bdd4f016dcde65bee036b6eaf3e8905ea2db1385ea950d16b212dd6f6fb44b7d8940db0f8261651fbd5e221d09c00770fc9eeb86fb69d5f3d2a8f338e1c309d138b8c8809551273812e08690236f135d5c27134d14d00da87789154f89812163309a45e4ed445b1f70ed81fa0a4fbe153a71a09f1ac0a133fa1ff91e2788060bdc0ff021bbb0b48f8a49b8758a96620788e8c39e2814a408313f8484bbc0bb42b163da5cc0113d818542c27c0fea27d272c4888931d5fcd03eec834027f029c5365ade76d249402f8ad44017340d95b3b4f65d0a2b4222ca64ec35b3f9d3e88dd66c0d41bbd1fb17398554ccfe08852c4973d454dc22e2769e398c66b9c81782cd0a11340a8d83c39de4a39160d3d5c8ffb85015815797fa5a0a6d8bf4ca5eaea078f49574d7f4f04db0b83660e94f9c0f028f45bde9d49f84200329622a7bd92af4615cf4988b5406c677d3983eb5b820f0275a279b4a627988b94174f2848ce871301917f26ceb590bbd520a0483aae35dc0ed03601f6c5e1b1ac0449c1cb4bf46a62c0dedcd8a67778d7e4909284c5ccf263cf059234cee6eb54438067fa1d15189360da807b0150b457dd7990cc00792aeba835f586bec21cc48c7fb1f7846dba37b92d571987d68750739a36d84963b4c44b03fd210dc1aae63fb8374a34ab8be83de5c41f6b045c3758945c50d623fbcd290ab2027e0123ad2ce8b0cd1bca845c487a1b3892b5ec3f9822ac0eb673c17de603300eddd3dad63974dd08f430fb229002bc9755edcf88747a094b6c1d60a4f83e76d477f791a2ff6e6643c344541c8fc2f15d845863c86a90eee50ccff6a902920bc0c31e6bb5264fa73bad18d1ebf058474a4a4d69e109016c40d2603afe746a38247e41dd1181fc1f9dcf73ce7e3cee70cf7be9f99e079f30b46d6830f082839ce05e99e099006542866021d31c823055269057f24c24e113e30ab5d40149355f0aad8316f7e9801b4c13f63aa3aaa40b112212a1dfc8084381b7ec0c59f3e867ff7c6df03fd1ee87f7020da8e560b7f0732baf65199c9bb2200000184694343504943432070726f66696c650000789c7d913d48c35014854f5345918a834544a464a84e1644451cb50a45a8106a85561d4c5efa074d1a92141747c1b5e0e0cf62d5c1c5595707574110fc0171727452749112ef4b0a2d62bce1918ff3ee39bc771f20d4cb4cb33ac6014db7cd54222e66b2ab62d72b0218a02f8288cc2c634e9292f0adaf7beaa6ba8bf12cffbe3fab57cd590c0888c4b3cc306de20de2e94ddbe0bc4f1c664559253e271e33e980c48f5c573c7ee35c7059e09961339d9a270e138b853656da98154d8d788a38aa6a3ae50b198f55ce5b9cb5729535cfc96f18cae92bcb5ca7358c0416b104092214545142193662f4d749b190a2fdb88f7fc8f54be452c8550223c7022ad020bb7ef037f83d5b2b3f39e12585e240e78be37c8c005dbb40a3e638dfc78ed3380182cfc095def257eac0cc27e9b596163d02fab6818beb96a6ec01973bc0e093219bb22b056909f93cf07e46cf9405fa6f819e356f6ecd7d9c3e00699a55f206383804460b94bdee73efeef6b9fddbd39cdf0f708472a638c6cd660000000970485973000017110000171101ca26f33f0000000774494d4507e401161620026a32488b000020004944415478daedbd5973645972e7e7eee79cbbc48ec09e99c8ad96aebd59d5cd269bddd20c676c689286b2e1cce33c8cc9f424d307d0a79099bec3c84c7a1c8a26a3491c7199219b43f6ded5b5575656ee891d8840acf79ee3ae877b2310c8446e4820bbb2cd7fd65689ec042202f7deff713f7e7c41110145517e73905e024551112a8a8a50511415a1a2a808154551112a8a8a50511415a1a2a808154551112a8a8a50511415a1a2a808154551112a8a8a50511415a1a2a808154551112a8a8a50511415a1a2a808154551112a8a8a50511415a1a2a808154551112a8a8a50511415a1a2a808154551112a8a8a50511415a1a2a808154551112a8a8a50511415a1a2a808154551112a8a8a50511415a1a2a808154551112a8a8a50511415a1a2a808154551112a8a8a50511415a1a2a808154551112a8a8a50511415a1a2a808154551112a8a8a50511415a1a2a808154551112a8a8a50511415a1a2a808154551112a8a8a50511415a1a2a808154545a8288a8a505154848aa2a808154545a8288a8a505154848aa2a808154545a8288a8a505154848aa2a808154545a8288a8a505154848aa2a808154545a8288a8a505154848aa2a808154545a8288a8a505154848aa2a808154545a8288a8a505154848aa2a808154545a8288a8a505154848aa2a808154545a8288a8a505154848aa2a808154545a8288a8a505154848aa2a808154545a8288a8a505154848aa2a808154545a8288a8a505154848aa2a808154545a828ca63b1a7fe8acc9c653e3003004eff5f4400101104004443e49c25c2e77817c9bd0f81cbbf8b4cdf65f2351091b3d698472e3422c2cc791e98f9241f02a7bfa24cff0e0088888854fc810088c56f4d587ef9122110987d10cf125858844544408affcefceae52f8a888484480864d0188a08cdec8370f23b2e21482e124478f66a9f2108082820228c40861ca125a4537febd3176196f93bf7b7bb07036368facc21a0008808201042a35e59596cc7b12beee7d3ab91598a273bf77e636bafdb1b02178f834871d14044a4782aeab57471be594d6328d5500a0f272b4208dc1f8c76763afdc158e0d9eeeca1e0a6ba4740404234c6449175ce46d61a6bc890212224674d1cdb974a83ec79d8cf7686f9de30ef8efcc128f4333fcc43ee392f9409028848682c396b5c6492d855625371a65271ed46bc14dbba010b609ef3a3f830ea66eb23bf1f640c2284b6b809c55a80a7bcf414ff2183862564a16fa9d248ce555ccb5185d07cd34538ceb21b37ef7c7d6b2372aeb04238b1512c02208878e9c252bb558b6327cc2c52988d275f1a116646446328cbf25b77d66fdddd42016161e1a92298b950daf9d585347671e4c810cd18a1e25f45643ccef7f70fbefafacec6d6dea1217d6a051e5a3998e81ed1205a6be2d8c571143be79c35868c31d698388e6ad5244962e76c34f9a7e96d976778ffb3949df820b9e72cf3a3b11f0cb24e77bc7e30de18e45b03bf350cdb63bf3b0edd9c3b5e7682ec82e408754b6d4badc8b462d34edd4262e622d3aabb9556ba568bdab149229bc626b526b1141d958c3c9d82781c065bbd1b3bc3eb991f8a8821474093c5f7d4ed3f08082159b29ef3de78afea162eb43c54a11e452f8308c7e34f3ef9fcfffcbffe6175a19626d1acc108ccb9e76126ffea8fbef3e6eb97eab56a600e8189f0e94408de33193206c6e3f1a79f5efbf3bffa651a9141600e024088001242c83d671efff007efac2ecfd7eab508108d4cdea2bc6b8165301c6f6ceefcec179ffce3cf3f8f1c4d2cf7b348f1c8f79626d610594bd61a6b8c314444d6da288aebf55abbdd5c989f5b5c985b596aaf2cb7ebd5b47885c9f2f4a2b7e8133372f86b64bedbcbb73ae3f59dc1ddf5eeadedfefdeeb833f25d811e435fa02730141c018c414600198000f40072c00eca3a4205a08a5041481dd5533bd74ada8bb585f9ca6abbb2d64ace37e2f396e2c90d3d5c3a9f74e7c330efded8fbe8b3dd3fef8d2430c5d61a2481c2ef398bc5480c516ccdd8671bbdedd5ea3b80e8acadb8390bf1377e4f18c2f6cede3ffcc5cf015693372a00620863222fd2cd02ec05d8e61f7ef7350e5c18a567b98a32fd7e66dedbebfee99f7e0d6b76d1412fcb99a5e2c8331f0c72d863e8e0dbaf9fcff25c78ba7d29efe7448ce2030fc7d9fd8ddd3ffd3fbe8235322959c2875de3873fa094f709b8f05a000890041824130116f00201200030000aa4ce3692b797ea6bcbcdab6b8b572e2e5fbdb8321a8d9697daad563d7216114470ea2abf48054ebff63c1e64fb7b83dbbbc35bbbe3af37fa9fdceafefbcd41187b10014760092c02211019c2942042888b9f15f0221d964110f00c412008b08000342258197f6b79f4074ba37717ab074b55df4816635b33e8000b0d093e792720817d2fdf5a1ffec5ee007286aa034bc00f98c25311248208888025a8581878f8fc0004b09fbfea7938d9917eb34548649acdd6e2f7befde66abd96ba62a9234411f081f32059c056ab4944008084244fffd82112161b48226a359bffcd7f77357608c0de7b1131864424cf421e2400cdcfb7e3283286088fb9c388e89c49d37871b1fd87fffa1567c1d0a3576579fa3b88b3cf77b113661166f0de6f6feff6bbddfbf7d6af5fbf7d6e75f1dbefbcf2dd0fde5c9c6f159bd6c2df2eaecc992b50584010a030bf9e479bfd2fee1f7c766bef93cdfe17c3b0370e5b19d75a71274aae20a6a5a6e4519763a2a33228868804e0597a4146fba3ed83f18fef74ee2ca45f9c6fbdb2d67c6fadf13bb568a1b80b2201caefc747de7730d6b846dc5cad5eae9a1dcf36b18b869c4890633e8c3c872211ca604c3018c7b63ef65d814f572af3b5a815517a16deca19c40910ac736bed6aa396a6712142204401f081438020689d3bdc003dcbd23ff343689d6dd6536b4080731f40c41089486e7d60103251e48808118aff1df76a688c89e2a8514b8d012abf0d8f7dbba7fe8438b13282e59a2a813984301ac968c89b3b07b7370fdcd7bb8dfafddc8776bb2102ad662d72f6e97cb3d3b181a5238a86c58f437f6f78ef76e75737f6fffec6feffbd3dba4b008e20b2e7637321a60aa1095084250b4f440a0dcbc48821948160404429565d02009146168659d8ece71fefcac7ddfc3f0ee403cf038bd5c5aaaf46739662283fcce3a3738840c6b8d8ce27d67886d8d60dba892ff2c0f5c7e7b3890822226c288a6c8dd0d41c2436b614133a3c83a8ac3d8b3becf3fcf66ebf1ea184a8b4848422927bce0364017c9e4f9dbc67f1e9cb27a0788c72ef3bbd616909f3c2121a61c9739f07f168b23c67e6c7bcbe888410b271d6e90d628bc75ac2e2c31b631ebf6d9dbe4b11a92dfc9989f75cfe416416da8d764b321fc6991f8c861f7e7c3d04feeefbaf7ff7fd379716e7f0c539a322c24580c187ecd6fecf6fecfff876e7e3ade187637f50b56071d55005d18284b1ef4119822283b6087417e6621a4f42c032562921080bb30017815300a8b885c43602ef0964fbc37b5f851ff5c63b575a3f7c6de107ad6459ca7dba3c6649161006f19c8fc3cec8ef7b7600d6a06360281e092cfd2a428be596e2e45214295619309c07ce3c439007b635df6c110a08336f0df271eee39c664408b90f9997a1476696133bf1135f8399c7b9474002c9f32022cc222c59eef32039480845bce3f83729d673610981c75940066b66457078a8c102ccf058354f6c2622a1204e2dc3111b6a8c71ce00a2f54c883ef7d76eef7e79af8f88cb4bf351e41af5aa35f402cc200018b2cc210fc3adfead1bfb3ff972ef7fdfea7f3c0a9098f9885e33542cf9c2c022b988001200e765302607f0023ce32e3080054801638408804a6d08121943910517300e3cccc2eef6f02fbafe2f04a099ac1a34a96d5a130bb01c3ab5c77f70160e7ce0a51b240d5c05122e9dead2ae7b080043816cb2cfa4936d16455824b3d464688ffcce410ead7ce0c328883f8b40d0991c5b21a2b16488ca8ddfc412121119b17c1a41650444348444442044288244c420444802169f60578aa5bb385f364464e0c83946b98f15e6301c65f77706370f32cfc71d26010082234c1dd51d3562934636722672368aacb5c61015fb3d10c9325ffceec6987a2db563bf7330ba717bfdc38fbe42c0b7be75c9569233774425105a00f092dde8fcf4ebbd7fbcbefb0f3b834f096a555bb75445342ca1f4328190221060e08c7706f96ec6000084601008011058c0071001c283c8406a1623336fc80a48909c858133041411429798a52049e63736fa1f7dbed3f43cb83af77d6b1210640944161fb3d20122c684318325345478bc20d35368cfdb43dfc9b8bc2d74f2ab042c60699886f5a1877b43a89bdb43bfefc360b2f47cd3458800101f268cc0cc174008848fdaa33dfb0eba7ce922a8589ee317ffa5a7f6edb038622fb78e38891608b3008231f6dc52face6bab49ec1e482a4080e9ae8f4542e0dcf368ec47633f1865e32c7886cc8ba5408434b1bdd30be29c630147a37beb7bbffae4eb66a37a696db972c6222cd62e9620e27707776fecffe4cbbd7fbf3bfc2c0b9cd8394b15448289150301010f1004fa2c1b8979673efa1731b5896283b674d05144909982e43977c761b31f3ef1f299c005844af19e2ca1b04b048468041ac0a3cef867373ab712d35aaa7e2b71550146c4479e1a4ee33d4000069100118010a6491682186aee9d85f8a2a37ab1ca88f842a2cfbaea17db1e428cacc9825f70dd85e4422bb9189bc64b129879bcf997337aafe2f13ee9ab4fe2dcc5a527c4c032ce326b4c5a4b5f7f75edfdf75e5d989fb306f1300238d16c99d915b2ccf707a3bdfddef66e777d73777dabb3b9d3eff44622de11a491b596f0887d1643584fa3e128ffe2fafdd72e2f750f7acd66cd1d758b4ffb5221007a1e6f1c7c72abf3cb9b7bbfdc1e7c4c3297d83a6154d8492c82d6002ccc32087ca7386a59aa5c796fe18f17aa971dd50c392823508c4006e39c87bd6c7da3f7d9273bfb77fbd750ee388c63bb663062f1c5456310140f808eda02fbfbe36b9bfd1b9b832fada59a5bb214179bb14970e5c1e02bc83177588045026270942f57de7ab5fd4fe6d273961214f03c66090834d9c73edbb542442213c48ffc303269bbb25a8f17a6879c2f81088f5eacc3f54dce4486455ce488bb2ecff594020084c0880848ad666dedc2eab995456be8a8312c45c8c221b0f761341a1ff486dd837ea77b70d0eb8f86e3ee417f736b7f73a7b3b5733018e6d61983876b062226b11d8cfcedf5eee6d6def64ea7d96cb41a556bcd591942000018e507f77b9fdee8fcd5d6f067630f155bb15491f2e694ab19c3c8f30d47afcda57f5c752ba99d3f577feb52fbbdb974d9508c60cbd404600422b29eb361564f5d05a132177faf33fabaef6fe6dc09d22b778933012c83919778ec616f7ce3fec147b14d927ad3527c92608a800823e68859356a2dd6ce2fd52e47a68a409ec7458ad5e4dce8d922a400589cfe7a1e13bac4362ca5858d7d4944f8b283408402907936449534aa5593c81a323377f4308519a75e0c3387c065ea1c40a7dbbff6f5ddcfbeb8f9b35f7df1e9571b29003a333d154404634ce42076dc3918de5ddf6e34ead54a7c66220481e0797830dedaecdfda18fc97209dc8cc23c6d30d2e02098017eff9eb8ca1192dbedafee185c6b7172bafd7e2b6330e1145bc08831499d924083ee40290d8f6b9fadc72f59dfdd1fa8dce8f6e76fef3edce8fbbf997a93d6fb1c12230d950090041eaa83acc6fdeeafc5d6c9af3c92b896d209c64a73259d905d1103a4389a3ba21e73867e032762b275bb28a20300390417bea096b2ac2a731b0c80244e8ac8923ebac31e6f04c79c6017ea4ffd868d4c9581058dfdcbd796f5f98bd0fd69969d0d41832460c49f760787f636f7969fec2b985b3fb8d02fbee78737b7863bb7fa333be613075748ed0c0e131bcb08c03af27e6dde5caeb171bbf7bb9f5dd95faabcde4028229641c180518c14c331304020119131586228912a081411342023de36590f3c06084608a933d294d626b143edb1a7ed81ebc33c83bf5a46d303a79d4ae0823812570861c8231640804011e17737daad79587bd0915e18b51e06cec071ff4b5e5507cd3d3c062391628833a45dc607969cefbfcfacd7bd76e6eefecee8fc7993184066512372602113ee80fb7763add6edffb7076bf940fe3cdde97b7bb3fde1d7d9505a8d8b621377bfaca1c58ee3084f9f4ed7797fefbf3cdb7dae95aeaea813d6220340868287ec0b098d2790381c0124464a9fa464c73086429dce8fcac97ffa2ea2e595395d25df041b22019420600c3bcd3cb36eb79abe2e60dba936d7e1008ca105be96594ebc30937d8d3734b39b24bf92db0840f263de333fff40b54e1cc29dfe48fd94c459cd91aca64575a064b99058411acb5913373adfad262fbc2eafc6834ec0fc6b3f9b253d7749cf9c1609c65feac5292010060981f6cf7bf5eeffd7d3fbf86020431013184f2f05502c3c09ab5966b9fabbd7bbef9e672fd4a4c0d00cc652c120808d03c26cb9dc507f184d6613457397721bceb39df1b763bd92f72becbb052d8638021600fc4030203781966a1ef7924c227bfc982c7193d3cd19323cff3987ee32de1c3693ff84c3544f8e20a7e8ecf7f3af64e1f9e6d4cb45a06b28b408e31667eae79f1fcc2d6f6eefa5697056672b5cb3720446bca43c5b331ec21e3fe41b6b53bbcbf37fa3b812432e710cdc4332cac462eb05e77ffec52f33b6badb7e792f3313559028018b40f7b04c79df718074979168a76b9f6bab0dde85ddf1e433ff721bf131970061c81412892640d01d1c311d1672f51c24964e9c86d3959a9d30b5dee5fb008518ea6a9957eddd3fa0c8fce7f79f176f298e7ef98a4d3a9c0d234aed72a496445f0d8403b1ebf449d1a0c61e43bbd6c6b6fb8d91d8f1d594755009aa45f16b554c1223493ab6bcdefadd45f4f5d63e2988b79ba02f9e92a29200864a9d24a57976baf76b27fbd33dccec2303249cd2d37e20b8e5286000096dc62e5955ab4e49e333d5a8edd52083ef7ebe16f9b25149c5dab8afa02999cf43dca132bf66522c07ce4a767163e9cac9d67731029cf2bd0a296048a330d3966ed60112e6a9ce5943f3b96af1f46bedbcbb60fc6fb831c5a49dd9a98252f6a730a279a88225b9f4faf9eafbfbf58b9888802a1c87d78f69d43f9fdd6444bb5ab82ff626174771c3a165d33beb2527d3b75cd209e909ca9a4b651895a914966c28fcfd4e3a03c2c99447c64b2eeb008e3736ce7cab3fea27cfbb7664ff8e005169811e0a34ff81f329f2fde852e6ec6d3fb8a02205c76ee60e6d178dceb0fb3cce3514359640523a1b5c61e8dbe9e9a0984a258293b186fef8fee0ec39e00204408b355ce02e02d566a6eb51ecdd7e27942574459082d3e4743304b51bbb216d9b85db99287212155ddc27c7a397635168f40ce2445e0f4c873ff6c4ba41c363b98e43e1dde37403cf9eafc5065cdcb2f420114449aae4d488882d3d5ec89d7a9289299d90494a963c57600e154adc8a45667223f7cb6ed9a004b91ca8a2184ddddee9dbbdb9d8301114c3b3e8908334851c41d47d54a12c79139bd1cee49c9122350eec7bb83bb9bc38f026ca51610ad4800819963f4cc99a57a7439759572a350ac8ccff7001a72cd78b5e6164399440684d6518c937391a22b149cdcf79bfad2d338364d9443cf9965f66276382f46847864d51299da14660941023100893cc6ed4340e0c021304e8a7a8b4df724f764c6273dedcfcd65b9053333197a4c4785072abca9a86f0cdce9f43636776eddddee0fc6d6d024220a8591f42c9ea15e8d97975aad66cd9c6e218588802092e7ac3bdeda1bfd8261d799650433ad2a24340cc5d9e0f757ab7f305fb96cc84e028ecf1b9a47204b89a5a7d1129c34888265da00308b67c90367061d43281eb693df7b296bb88abdc44b6e098b9a2f4410f08101c1180300de876c9c2322970ea93c68fbe5d0cde010c6790e887104ce3a220a5246190550b0886e9c9a0a8b526f0461e6dc872c0f2240019fb00b9a7842c618426481adedfd1bb7376edd5ebf7d7fc7a0386790cafabca2e35b96fb835168d62b972e2c2d2fcd39674ff7b2030820b384911f0efc8781ab047385f129f469d089e43943c55ebad8fcc1b9c6abce2445cf1b7c71f12e7cbe9f35021438cf7998850300413081339170e27544400498d03953b59498e773cb7fd3229c980e04248288a0d3e9ddb9bb3e1c8e7676bb5996173e188b803c2296850088217096e5491c2db45bbb7bfbfb9d1e9625de4556c331418fe70e780202308b0f21f7bea8c63af69139b48e388d11e544d8e9f6bffaface675fdcbc7d6ffba03f6ad5626b8a4413414016c97d40c0a5566561beb9b4d06a35eba79cb356fa93c2c259c8c61e44fa040bd36417044034282108386a3493d5d4ceb1f8c0399145c0df78d8f909c61311c10020330cf2bdedfeedc06c2945c0502670e3b3df760004060eec635b6d244bb5b89dda96c197568453a711119d019be0275fdc1e8efe2a4da2e1300b81ad21249cf52b8fbd32c2e299ada14a120fc7d9f55b5b0e4558b8c82b7ae61cdda75a60095058820f3e0fc04054ae1378584e58da70e6f2992e9cd7c170b4b5b37ffbeec6279f7df5e5b57b3bfbfd563d8e272d8f8b437f66c9725f49e395e5f995a5f65cab5eab24a77b4e5844a3058ae22c662eaed561fbc7c9ba41004042062c0004c9988343f3e21bc09de41ea141302cb035f87c900f226a20580464f0cfe2e5cae12a8a50b4961a87d17c7af195f9f7ce35de882a1563dccb2ac25971184420b87d7fff6f7e75ef76df9fab5044980761117a828c84102383e320770761b56a5f5baa565307871db74fe7964e9d6243448422dce91cdcbdbb9e6799218344d36ceda90d9cb4722aa218e5df3b07839b7737afddb8ffd1a7376fad77965a699ab8722b3bc9ddcaf2d01b86f3cb95b75fbfb07661b956ad9cf649fd917e6a3311687c28e05584e1cb48060bf343ed5b8e77d8244cafc5f3a58761d19f024e66b8004560e0afed677f1bf8444eae3c1817ca19fa1e2efbdf5bacb517c2793e833e6bbf91e868d94c2489ed1be71baf4f9afb1c7f7e7deca6010100de1040004b7816cb6a112c018028722090fbfcd32f6e6f6e6ea5b1a3c3e8f76c6f9c49d2a84c0b618b2e1ba13bc807634f846bcb4d422c6a5a11511042902cf7fd6176e7c0ff70bef1f61b972f5d3c97c4d1f4154fafa4707a9a3a29667cf094128b4e3144338dadf0306afd985766c9f33008923d7507d1e3950c4084d660e4283969ad9000a0c16a6ad6c0e493728d6795f46c8ea8e47c9f0052bb684d4268cfae01d06fe09c5000ac3149628ae0e189b66ac8ccde8710cea83eb14cdd16040e7c6fbbfbd71fded9d91896cd34a7eb41f1009751f1c9a67d92dc6debeed576bad0aace35ab496cbd0f4589536133b33cf48659a31afff1abe7de7debca954be716175ad69917ba1ac2a42e1704110dc24cb7c527a7078a48e607fba3bbfd7caf681a44f8cc27da02c22284c69aa8eae69af1726caa70221f1801101d6172d49cca49d66141014148d95cb7941a748867786b7e43551493def1936aa0499fc0a774ad661c9133ca769689ad23c2462df9ce6b09bc3a6dea35fba0e26c6f22391a3507046bc8b9b2ef230be799cff23ccb7c77143eeffa7ffbfdd57ffac36fbffbe6d50be7161bb574dae7ff8c165d79382313cbd207008c0c583238fbf99f10f00983acf3f5decfeff57e31ce3d0b38b288f4f44db11181453ce78e5c2dae9fabbf1bcd7d3f3295e7f8e58b410474d4cc3ed383399b964f4830996f83bf6d220c2c61eccbf8863cb3df7e6414d299c1936c0b676d14396bcc3141df99bade99faa672304d60f63e0c8623ef431e3804098189a8564b2f5ea8fcf3c5d6bb6f5e79f7cdab17d7566ab5caf4f8fe0c973d107944fba33235eb591e3501cec2706778fd7ae77feb6510182203e699964584209079482c2c54ae24f67f5e6bbc5f94ea9f60832945aba7e08f3e2d2714a10078ee8c026421f32167f167f7bcfd664498e77e3018fbc0c62222144d651fbffa97d155842283d41a4a93c89e613b9623435a667652456fa1b2823ecf3d33cb43c9d7d30289fe60747b7df7abbd91b36ea19ab4ebe9b9c5fab995d6dbaf5f78f7adab97d7565696dad54a8ae5c0293883f6db471cb3870d1d9655abc20cd356944fe7e54bd1952c0804061f8000049d40785cd2c5e18721440a927b06cf90333d47634f041001cec370e4ef7a3e34f8272ea010849ca1e7a16ef747be9b87d159f459fb4dee098928492266998df43ff5d5060020a2d9d16b67623b263e7396fb2cf30f3c2065bdef34eaf8c06f3139b24c62fbde6bcb7f50891af56a5aa9c471dc6ad51717e6d62e2c5fbd7c7ea198dc763849ea4ccf030e0fad8fcee680225dc9331c06009f4a0e4566b7a1621a07a6842d448747329f1e705ae4818f8390216e20cc21a4cf11e12e5fd652b5e2de1699c4fb8401184f20430400c8a56bf06ec5361c2586ec4b5fd48b875150008034896ad50a19ca72cfcca6e86027fca8b3063cdc460a225a630287e16094e75e40cec88b2be66784c0bdc1e8d666f7f6eea87c7a0520b617ea6e65aeb2d86ec4910b21304f73d00b57148270eef9c2dac23b6f5e3e7f6eb1ddaa57d2c41853ad2673ad7abd9a2649e29c29ce4326cd1acfc89ccfd69a3cd0826b92e900e219c261c3f2a21f8c3ce9ae92211b9bcbb91d183651d16b70c6a0cd4ee678d8922060102b32e74cc351cde0c91ef432c3d7a049dc62235e8d6d95ca2e015e4e2a42010832cec25e3bb9dc4a5713dba2338bcdbc504b2820c2c000e7575adf7efb6abd5e1d0ec73e046b2c11c2e1437cfcda54ecb2c8501a47dd83fe479fdeb87e6b7bd2cd404edec7e0110e094fea1b96e6ebaf5f9e4f22339dd8e43d8fc661380efd51188cbca5e9b88bc31cd669161b202549bab830df9e6ba44994a671b512cf0e2de599449cb30d853d22462a8002120078b229981cc53c5d01616963a5f46c51667bb24cab46f0a139a108286008ad415b9c01e0c9ba3c090302a134a2f36b8d0f1ac992a5188002fb728d7b760542311b98b38a9b5ba85caeb8b641fb128bb0a82f1100092167c9035dbdb8fc87ffd5fb4b8bed83ded0fbe09c35848f376608c022b9f7d69a5a35dddcdc1d0c869fdfd8895d91595618437ace704df11248540cfd46a234895f7fe5dcefbcfbcac27cab9c6028321c653bbb07b76e6ffe979f7ff98bebbbaf2d24f58a338688b0d8551569310e707d73ffa0f7499e65ed666d61bed56c54a3c83ee0d29da5538d74d8a5480efbab3e9475571eac61993a8364509e26402a41bce7bb79c83c47284414158984137f7c921687a6c86239faaec8c22241a43cfc9167ed4b0800200cc1404056e7275e0000195849444154e47ab476a1fe9dc5dae5d8d4095d9020d3a5e1448f8388182467624b11d1cb2cc26944450098210f52ab254b8bed66a356ab56bc0f51e49ee6396486dce7d65a438800f55aca85a97a8a25ff5954588a2230230012cdb5ea17d7cead2c2f14dd7b0120cbf283de6075b9bdbc58fbf61bf7afdfdadad8e909b091434521a2353418e6d7ef1fb4eae9f9d5854a254a62db6ad5a703274ed17a3f692b509ea74c7a56cbe49cf0b01d122008e49e8700804566d0933e1c4231287bd1990d44b164880c948650a6d970504e5f7c58633269392f272f9d2e2a73d023e691a954a3b946b21851035e1e5e8c088f04ab8a8ef1c17b00c8bd0f219840d304ee4746000042609f071130b1f3213033e1e19d7cf44f3fcfc78620609dada649a356b1ae6cfe8b802b4b73af5c5a7dffbdd76edfb9ffe7ffdf8f6ffda74f729f5b8238726692844064aa1573258db7767b7ff1d73fb97b6fe3fd6fbff5ead5b58b17168b2c6d113edb604c79608004e5c80d6380c3917473c0c20c9201f03ce867dbcdd0b454316844a4ec4e7ffc469d084de2927a7c89d005193ad3208c8a096a85ff49e8443088cf439e85dc7380437dc2a9863a100444024b60f6423c291379cec9270f0c96f96d898e6259cc2a33b1f0c39e81f808b760da5b1026937a4fa3e1f653f85b00d6501cdb2471ce12198232adb4bc31d69aefbedf61965f7f7af3c6bddd6288da3416698822a2fe70fc932f37b6f60699c710b892468b0bc560509ab6e23e432f04a0e85d9bd86ad55eec878197b1405cfa87022c01c4188471d8dd197e5d89aaedca25422bc0024c70fc9016044c6c75a5fa96c57f97858c450c99729ec4a45a978082e4e370d01d6facf73eea868f10532c9f3a3c83c55e2613b41891048a745e79beb4564010f86d3aac47143353a06e0c0102113d31850d1105d03a31b3a955871dd1e4d45bec0b43d90380900c1943c64cdb4f4808c5dc224c92f8773f787bbeddca72ff8baf779d0b4460a828ae11e110909d35dfbeb2c821fccd8f7ee5b3419a443ec8cad29cb5c80ccc62cee6bc13cbec5c04406ba2463c3717ffce30fbc2f3b5c8d41011852651446ba93908376f76ffce1a5b8b972dc5022cc28f788811d154a3f6e5b9df5b6b7ec0c757c02022791ef6f3edf5836bfdf1c1eee82f099b846d427b06392834f3484c3df0e7513b9ece1ee71b264299980894d9b0c4917e818fdd5922bec8a9ee8791780422449aec17a5e83ac500608d996bd6ae5c3af7c17baf0d47d997d7ef6deef61a5563097de0208288ce9a248e7afdd1df5edbae24b6dd9e27a224b673ad7ab12d3c3b7b38dd985913d5e38556fcdae6c176ce5e20942d8c4404188008dae3707b73b03397bce2c318dcb448f391af6d28aa50f4c49b6e0d74479b861206201800cc1df7b89f5ee1a23ca0a26f6c3de46fca1d9599c9aa93b9b64f6bed05e0cca6a51ebf0e4eaceca48bd76170b18885062e3f4f358dbffbfe1b8d5a9a8f7ff48fd776deab24d69ac00c2c88c02ca3716e0dfdf3b7ce0581bff9d1af46a36114db2b97ceb75b756b4d08cc2c67907e80d34a028bb6912cb5922b863ecf1944f2a38d9e8af8f368143a591879f1004068f170fefba30e39a633b41fd401a10120cfd9d01f8cfc7ee0210220a48fb081df74a9fcf68850e0c1c6a3f2d87bfcd01eed37d06c0d66a60a4fe399651746e0c2243a675796e6830f6fbe7ee9879bdd5e6fd81f8ca2c81a63432847c4386b6bd5a4df1ffff987f79c330b8b6de75cb5123b979e60293bcee23dd65723578ddacdf85cc5cd5b0302e36212e88cb9a0c0f9d86ff6b2bdee78a312d56253c3a2710b081d97cf39c91662288f2570e6e3153a2cfbbe04999e9b13280fb9d1ca93b6058f76940c1121fac0cc62ad69b51a6fbff9ca0fbff76664e5d737b68d31d54a0222defb42ab599623c2ef5d6a757ae3fffc0f1f7ffce9b55e6f0093a114cfe04c4860f1cc3eb00fe259823c295d93d0a476ae1e2fb792855a0402fd8c07207c58f883c442230fbbc3eb770e7ebad5ffc2735646c338c8237c5d4422b444ce90232abf30e40a33587c8fa5d899d45054546c3cf451f1f44ab2018f6b51a496f0b7498ec7ef18a731fc34892f5d5c1d67d9fd7beb5b7b4311c9734f865cd13382b94849695493de28ffab5fdebeb0dc7cebf52b711cd56b156b4dd9eaea711ee964e80c12c824f37692c4faf899ef8436b6f56a343f972eb5466f75465b79e8183b8f601142d988066c60e88cbfbadd4923aad4a373ad64a588738af024d281c759e0a3ad640510ca92a2494a138bb0c8c3d348cefa4ea18af0a5479eb4a816b9ac22e00323e1cad21c0a6f6d7706397e71edd6d6ce7065692ead987e7f94e7c11a2adaae46069712bc7377e71f7ff669eec3b7df79b5a8080981e9111bc3694bc8b213051ee3194e3fd2b156cb625271ad56badc1abc7530fa75ce9fc7d2423ccc2b457006cf0ffced5b9d75872bf3c9e5c8d88a5b003081b30081c01583991ebd48042f39004c27da22501e46637f9085416030a69c750fa71ef7c79775a3a9223c95f02902003013a12133df6ebdf1faa57196efedec7c7c73b73d572f927c4cd9e2a998c38cd5c46cee1cfce457d7ebb5caa58b2b69250191c7f4179e149048283a95ceb43c2124224760e0b058fef8d7896d653ebdb85cfdcedea0d7cf3f6719b3c43323a28c81d4f3dd7d3f5cef7d7cbb731100176b52714d0424b48458cc2e8043ab5bce542bcf031008488a014fc2396707a3adaddead9dc19d91df272c02337426ea9049ec6c123928c37ea77cab753ee13757875036ed15719179e5ca3942b9f6d5cdf59fdc5dddedb56a791247711479ef59841910318edc380f5fdfd9ba7567fdcebdad288a8a41d945c1e4315b44440464c8b3d0eb8eee8f7c77529740a96db5d273b1a917dbb02241f0d85c1c4bf142f595b1cf360f6eee6720d0f19c124dbb3002a2b1b402b0d5197ff1ab0dbf33b8fbeac207e71a6fcc575e2170c593ed6524c2a638eb131110868040861ca1356800c073bf335abfdffdfcfec167f77ad77647d7467e3d366b88313e778aef71bbf67216457158cfc0081c389fcca238adbb4c04f6d4939c5484a76c0f99d91853af55565716de7ae3cafff05f1f7c7d6b7dff60b4606de468da900311ad35f9d8ef74fbb7ef6d7d79fd4e1c4549ec6a3685478f8acb797430deee8cee6ff7aff7b3cd22e919c1d4a2a5613e6c262bb568ce99e4318e98215b8f16db697fb17a652f7baf3bdec8c27684c5e489d26b3518239dcbf9dabdfea719df346614d87b6f1bc9a23506118bb64e2c1ea77d4a90195838b0701e42e6fbc37c776770f3ebfdbfbdd3fb7f77471f660162b36ab1218fb462cfd1b16dd2f0727296c43069c5cd1210089fbb2b74d9521d8cceac7f19c2cd93849e6a257df7edd788cc5ffea79ffee54fbf4e934c4488709a1b8488ce523d31f736f67ffcb3cf9da1a58556b5923e2ac943807bd9ce57bb7f7f73ff275bbdbbbd6cbfecdd0690da462b59bcd4fcdeb7167fd0ae9c2374d3c6a80fc551c8525a8fe7976a973ad9ef0df27fec651f3a4a019b93faf4808084149935c28d3c0c6e747eba3d58afb99faed45ebf38f766bbb29ada96a588858b1e208868d005c947beb337bc7f73efe3adc1d7991f0ef29dddd117c3b06de9b22323820f64721e86918441fce40c189f5d1f521452010aa2200a60316aca0b04409253308652d4c33ecfacb5172ec24744a8cea89f332294fdf0e59bb2238fe2e8dccae27038feec8b1b8deafdcc079341124786b0709b10c1105562d73918fdf8c35b4bf38dd75fbd58a924b55a6a1e2a2f140859181c8cb7ee747efed9deffda194216c01a2004163004d11004fea7a5daa5d45553d722748f59fc635b5bae7d2b0b597f9c65e14391a1674b580c69996eee62476b4186fba3bfde198120ec8eff30c8bf198c5fab45cbce245c0e78410422b49ec703bfb3d9ffeab3dd3fbbd7ff33606081c06068c9518bd006c844021c16168980b0e4cc7b4251316f076763cd4ffda4111800c70283bcb3d5bfc76222aa2290e7310b3fff388d49dc2b545c73a1b216d9f4e510213ef33f3ce77b4d67b2ca09457cf4cf99866927c410d56be942bbb1b4347f69757e7b676f30cc9cb3c6d0a44f3710611c3b18fb4e6f78f7fed6e75fdd76917be5f239133f980b1638efe7dbfbc3bbbbc3ed410615078df882c108000542903b39fb5eb6b335f8328d2ace5422e31efde1c551bc527fcb51bd9fef64f2c966ffd703df49ec7987b562c323e5c123124691794560c872af33befbebcdfff805fdd251dd929b76261540160cecbdf4c761bb1fae1901a20642034d2260583c4bd10c7bdade57448a5ac45ec610c1bea5d81a4b346dae7c9c3b789c9a26a397ac67b7defba833ea396a12442028e06152a5f59c041e8f43e7b5b97ff6834b7ff25288500060cc47460eca34b7a2cc6c3f85a095cc8c359c0e8b9fc24fddf2a25890673fd3f445404ede3703119c33cd46edb5572e1cf406bff8f0cb2f6e6cf99c090fdb46146152436880ef6fec7ff2d9cd5a255d9a6f250f89908533df1bfafd91ef7986c42e46a64550ecd02467cae4fac0efec8eaeb5c62bedf46a641eb3a233211930ad74f552eb3b220c7269a3ff1f44f63d7bc25a915d3de9064f080e2046a88fc3cefef8cf322ed386ece4a881057c599208ce40c5d41cbd4a6009099040840b5713a9b0812221482632123830641af1c5c5f4f7d7ea1f2c565e8f4ce531470d93fd5e1031c546743abd4e0045cc41fecb8de1df660c3c29513eada69863867d0f55bbeaf95fbe1c7b4211099e8b56b793884599f1cc413c239c86048bb4116606285ad04bd1a7865998c53f49403223e3c0cc01b8e8f78b08803cf9f0fe44b373a7d96db55afaf61b57e3c875bb075fdeda1b659e999d33443839972724acd7e2bdeef027bfbcd6a8c56be797a238aaa491b3b377471858800da12108dccf6140608ab7f19c31c338ec75c77706d9fecce9053ef430232015b17b43d1a5e677ab6e494018ae6f0f7e3ef47d473d4bcb11c544a6d8887ace8b36848e9a2e4a44c60023805c8066875a0058801820468c1190c5b38080101a830e890afd07f69efb63be2b0096a0112d2fa4ef5d6efee0d5f63f99af5e8c6d6dc69d79b05a5b4044c62c63016209288685a59c4e090068a95d8f528021882f1f6f3c9d415d391f543d54a3eacb7144818044b45871b1b3c594af62bd2fb741046080a601f813b7a44320a2d8d9c8214c72888d31e58c2612c26236d923b32acbf64a84c6501c99c8a2a1c934062222743e205114d96280c4b3d6c017bfae8bdce2422bcbb28b1756ae5edcdedfeb66596e0c15e719589ecd992872fd41f6eb1b3b572edcbf7567a35a4dcfaf2e9423d264dae48a05b82ce9c004cb1600c56b58225b0c9861098f5ffc119041588221634cba50b978b9f5bb0858b51f6c0d3e19f8afbc5c075e3452258c0a530d68119080086b65bb9fc27b90c9744e286bb10484254861a626e7750c0cec83e42c83201b08d58a7dade2ced7a3d5f9f4f272f5ea6afdcdc5da95c43ebe1cbe2829ab5b0c80ce506cd021f24c41001226842d2c9b2d9ca65a72be4bb411dbe825392744b0ceadb5abf57a258dcbe6d38428003e70081004ad730f6dc39ef21460ba5543676db3965a03029cfb002245497b9ef9c0206422570c6079dccb1963a2386ad62ac6140374a1a8400f819188c8d46b4914b967edc13ced8f5a34b9a8d72ae7cf2fbff97ae7daf53b5b3bdd24899d3387c3c9889c3571125d0a61af3bfcf4cbdbf55a757579bef0293888b19361bac22c4c08b19973d4984c49452316a095d856c52d46b6f2c483ac62a19cec5da38bcd0f9af16a3bbd78bb3b7fa333de186c0cf22d84add854127b2e750d430e26db08296cb200a0cc7411e5e9a85c030e8bba2f4000f49c0df2fd71b8eb392b12c65b716fb5f6c672f5bdc5ca1b0b95abedf462356a3b4a00a6d3bb1e8eec21015a72b1994facf10cb1ad1974f2504bb8c91372ea4d16522b70463d36cf4084023ecf6feff66b3115ed908bc05791d89507c902fa3c9fd9813d9b79997aa33ef79d8361ec1080bdf722624c21c290070940599633f3f4f0e8e1eb272221846c9c757b4367c150591b6188bc0fc35186648030cb733e91533ab562699a5cbd746e3cce0e3add9bf7f640c6ce94eb75d16a2d7236f78143b8b7b10f1f5e6bd593b5f30be7571789a898a68a8096224bb1088c0358b82fc64d3ba37ade1ff33661a51e5dac45f386cc1345884085d52234b1ad2d542f017a67e288169ad177bba3ad7e7e7f2c5f7ab936f6e7092b00341d0d20531f4f1eda744dcffccb1a7b1f6410e49e334bf5e86a62e663d368a717cfd55f59a8aeb5d273f578b9e696e048f9051c575720021c423ef63b23bfe3d90218434e8ecf5c97677eb09e6c096f0c0264219c4573cdd3172173e874f6b77efcab2d584ddea80088218c89bc48370bb01f608bffdb1fbe5aecb88a2ddc33689085b16c6fb1dfe9fc3f7f7e1dd6eca2835e96334bc591673e18e4b0c7d0c1efbf77619c6521b0396e02b588e479180ec75b5bbb7ffd1fbe823532291982882836d4cbc3787b086c60befe9db72ee479ce8feebef128635874afe000ceda57af9e8f1c7df1e58d9fdcef65bd3e64b931680809c01238830c380892f773b8f53986411cb9f7de79edd5ab176a555b1c13c7a69e98168bec8ee140060e3f730610c133e40299c062e2e6e2cbcd64d5909b3ed38f36e0a5bd29be87306aa7572a6e71a1f25a67747f67787db3ffd9ed83d1c6607b7770370b50344bb354c6638852c284c0156216f02c19cb80250486509cd009b0406ca091c062e5cab9daefb7932bf568b5995c68a71752d7b46489dcec36ff11c70922107cc8bbe3cefdfe8ddd01e40c55b767098ac8ccc9a7bf3c4b6066cfc3d5ca805f0a1192310bf373bfff471fac2ed4d2249a71122030e79e87b9cccf358a662dcf58297f58594f4473738d3ff9932b6944068139147dd28ac613b9e7cce3d2e25ce41c1e9d1584335f5943691cad2eb7ffe4dfbe12392afb6e20121133e7792640c6250beda6b306f18447162c6c8c4184e5a5f6bb6f5dfd5ffed5f0defdcdeec120b2b6d82a4b795c41d6d92ccb7777f69cb51bdbddddfd5eb154153bc7c4369af1b9b5faf7c6be3fc80f028f0c1595b868308e6df562fd07f3952bb568dee053ceb23cf2cb584a6a5192d86a2d6ed493662359aa471717933fda1f76fa59d74b2f480f6020d01718080c00c60007226304404c002a002d842a4105a1825031588fa85e89eacdb43e5f5959aaad3593a58a6d57dc7c359a3f34774545223ebe0a1e0dd99a5b5c49ffa8861298626b0d929cddf08ea378e92dfa8f5af1e259b4003e7d11c671fcd65bdffa1f6badc8b9d9f00394ed7405112fad2dc551541ca63dbd0e1161da74308ee337df7cb5da68a280b0f0cc7cbc494b793cbfba30d7aac7aee83ff460bf10435849e3e5a5f9efbcffd6850bab87b60101010b4f15095d149d5f996f36ebce1a7cf689888887bbaf2489bff79db7d72eac5cbf717777bf1f47ae50fb3481a6e8779a679935a656ab35ea9599068a26b6cd85eaa5f756fee96ae3e2eef0eb41be51e48e129a8a5d9a4b2e2f54ae2ed5ae24b685334d569ee8973e74bc1957dc426c9aadf8f2f9dafbc3fca097edf4b29d7eb639f0db43bf33f23b23bf9d859d9c7773be5fb44874a6eecc4a44f3b1994fec7c6ae7133b57734bf568257573b1ad24b696b8aa3331a131688f389c47275b3de2ce9bd4352ecfbd534f2a991f8a882147a5117e1189192cdef3bf5cacbc1ebbd31fd68ba7be928c46d99dfbdbdd83c16cb386c90191000221346a9595a5761cbbc20a3c7d3d6b11ea408471966f6ced757bc3325e50de0c9c66212262bd962e16c31e66743e2dd8139110b83f18edec74fa83f1ecbca7c9801441046b4dbd96cecf35d2343e690afd91807b6f30bab7beddeb8d9cb548580419271bb5e2202714a6be514b9717e7d2349e4ea61108c37caf976f77c7eba3bc5bd4f81152621b8d78a91a2da4b63d99a4773a0f27cb78e4bb43df19e6fb43df1dfbfed80fb230ccfdd873eeb92ce63064ac718e2267e2d856625b896dad629b55d78e6ccd5062307ece23f3ccf7bbd9fac8ef071983084d7ae69f28d5ed24a76e0c21b57373e9e5c854bee9222c7a5787e284f0e806a49c438d6888dc647afb49df4572ef43e023119b69a4627286e1ac3d6e3f38736599f33c4cbdbe43f330dd01221a43d61a734a9dea99799cf9620ee1311f7e32570301c850e4ec031df259f2203e703e694e3189dda33364094f7d9d1616cf4521bf309773c1272bc734ed1acbe6c2935a7b443484c6902d4aec9f3f69852504c9458294a7a02f3e3151088da5e4d4ab28f005f9d48aa23c2a8ca297405154848aa22254144545a8282a42455154848aa22254144545a8282a42455154848aa22254144545a8282a42455154848aa22254144545a8282a42455154848aa22254144545a8282a42455154848aa22254144545a8282a42455154848aa22254144545a8282a42455154848aa22254144545a8282a42455154848aa22254144545a8282a42455154848aa22254144545a8282a42455154848aa22254144545a8282a42455154848aa22254144545a8282a42455154848aa22254144545a8282a42455154848aa22254144545a8282a42455154848aa22254144545a8282a42455154848aa22254144545a8282a424551112a8aa222541415a1a2282a424551112a8aa222541415a1a2282a424551112a8aa222541415a1a2282a424551112a8aa222541415a1a2282a424551112a8aa222541415a1a2282a424551112a8aa222541415a1a2282a424551112a8aa222541415a1a2282a424551112a8aa222541415a1a2282a424551112a8aa222541415a1a2282a424551112a8aa222541415a1a2282a424551112a8aa222541415a1a2282a424551112a8aa222541415a1a2282a424551112a8aa222541415a1a2282a424551112a8aa222541415a1a2282a424551112a8a7284ff1f8695eee4a803025b0000000049454e44ae426082');

INSERT INTO store_users(user_id) VALUES('5779e08a-4836-49ac-a91a-fe96cb8c7cae');
INSERT INTO participants(id, tpe, did, name, logo)
  VALUES('5779e08a-4836-49ac-a91a-fe96cb8c7cae', 'verifier', NULL, 'Flores-Morrison', E'\\x89504e470d0a1a0a0000000d494844520000012c0000012c0802000000f61f1922000003bf49444154789ceddbb14943011486512311718c8042ea145a0452c522640fbbec609b3d5c2138416a0b9b140ee018d682d543f91ee69c09fee6e35677b2d9ed2f80ce653d00ce9d082126428889106222849808212642888910622284980821264288891062228498082126428889106222849808212642888910622284980821264288891062228498082126428889106222849808212642888910622284980821264288891062228498082126428889106222849808212642888910622284980821264288891062228498082126428889106222849808212642888910622284980821264288891062228498082126428889106222849808212642888910622284d8b41ef0cde7c7fbdbeb4bbde26fad9f9eafae6fea158c884b083111424c84101321c444083111424c84101321c444083111424c84101321c444083111424c84101321c4c6f5d43bcc7cb99d2d56f50a18c82584980821264288891062228498082126428889106222849808212642888910622284980821264288891062228498082126428889106222849808212642888910622284980821264288891062228498082126428889106222849808212642888910622284980821264288891062228498082136ad07fc82d3f1703a1eea153fbbbd5fdf3d3cd62b18359710622284980821264288891062228498082126428889106222849808212642888910622284980821264288fd87a7def9723b5bacea1530904b083111424c84101321c444083111424c84101321c444083111424c84101321c444083111424c84101321c444083111424c84101321c444083111424c84101321c444083111424c84101321c444083111424c84101321c444083111424c84101321c444083111424c84101321c444083111424c84101321c444083111424c84101321c444083111424c84101321c444083111424c84101321c444083111424c84101321c444083111424c84101321c444083111424c84101321c4269bddbede0067cd2584980821264288891062228498082126428889106222849808212642888910622284980821264288891062228498082126428889106222849808212642888910622284980821264288891062228498082126428889106222849808212642888910622284980821264288891062228498082126428889106222849808212642888910622284980821264288891062228498082126428889106222849808212642888910622284980821264288891062228498082126428889106222849808212642888910622284980821264288891062228498082126428889106222849808212642887d01e775133e635fc7890000000049454e44ae426082');

INSERT INTO store_users(user_id) VALUES('43a9ba33-0e6e-44d8-ac84-931b342b66f6');
INSERT INTO participants(id, tpe, did, name, logo)
  VALUES('43a9ba33-0e6e-44d8-ac84-931b342b66f6', 'verifier', NULL, 'Dunn-Terry', E'\\x89504e470d0a1a0a0000000d494844520000012c0000012c0802000000f61f192200000e5e49444154789cedddd96f5cd77dc0f1b9b30f87e490c37d934452a448add46259aed7284b633b426db80d9a0548f390202d10a0e87f918702796c111429da38468b1a4960d8b28204de225b912d6ab36492922992a2861487db0c6738fb4c1f9406298ac6d19973efefccf0fb815f24f89cf90183afee6cf75eebd9efffc005408e5b7a0060a7234240181102c2881010468480302204841121208c080161440808234240181102c2881010468480302204841121208c080161440808234240181102c2881010468480302204841121208c080161440808234240181102c2881010468480302204841121208c080161440808234240181102c2881010468480302204841121208c080161440808234240181102c2881010468480302204841121208c080161440808234240181102c2881010468480302204841121208c080161440808234240181102c2881010468480302204841121208c080161440808234240181102c288101046848030aff400ffcbf2edeb97cffec4c107b42cb7dbed765b6eb765b9dd5e9fd7e7f7f8fc1e5fc0eb0ff883617fe877ff05c2cda1a6966063c4eb0f3a381e7604b322745ca5522e95caa5dffd2997c97dd602af3fd81089865b3b1a5b3bc32d1d8d6d5d8dd14ecbe20505d4edf0081f5a319f4dc663c978ecf77fe3f1fa9ada7b9a3b7a5bba77477b0743cdad82e3a1161161b54ac5c2e6f2c2e6f2c2c2f50b2e972bd8d812ed1b6cdf35dab17b9f3f14969e0e35800835cba63663d39763d3972dcb6aeeecef1adcdf337aa421d2263d17cc458476a9542a89fb7713f7efce5c3817e9ecef199de81b3bc6b111ff17113a21b1b29858599cf9e06cd7f0c15d074f45fb86a427824188d039e5526969e6ead2ccd5e68edea163cf748f1ce26355b8885044321ebb72eea70d17a27b1ff942efd831cbb2a4278224fe2516b39d58bff6abff3cffca0f57e63e919e05928850d8d6daf2a5d7fef5a3d77e9c496e48cf0219446884f8dcd47b2fffe3eca5b72b95b2f42c701a119aa2542c4cbf7ff6b7affe3387c49d8608cdb2b134f79b577eb874ebaaf420700e111aa798cf5e79f3a7d3e7dfa8542ad2b3c0094468a8d9c9772ebdf6e352212f3d086c570fdf138e3dfefce0b1a7aad9a15c2a954b8552b1582e15cac562a9582815f3b974329b4a66d3896c2a994b27325b894c72c3e572eee8149f9fbef8f31f9d38f36d5fb0c1b10785f3ea21c2eab93d1eb7c7e3f57fc6ff56cce7b656630f4e654aaec6b6d6ee577e7f2ea23d3697172ebcfa4f275ff84e20dc64eb034110113e04af3fd0da3bd8da3bf8e08fc57c6eedeeadf8fc747c7e3a9b4ad8f4a0a9f5fb177ffea3532f7d8fe361bd2242755e7fa06bf860d7f04197cbb5b5ba74ffcecdc51b17335b9bda1f28b57effc35ffccbc917bfebf507b46f0e7144a847537b4f537bcff089d3f1f9a985eb1756e7a7f57eb6995859bcf2e6cbc7cffc0dbff9ae3f44a89365599d7bc63bf78c67b636ee4cbebbf0f16f35be698ccf4f4ffde68df127bfa26b4318827f566d116a6addfff45f3cf98d7fe81e3ea471dbb92befdd9b9ad4b8214c4084360ab7b41f7dee9b8ffdd5dfb574efd2b5e78db77f96de5cd5b51b4c4084b66be9de7dea2fff76f891cf6b396fb054c85f3df78add5f8dc04944e804cb728f9efad2c917bf1b6c8c54bf5b6265f1d38fdeaa7e1f1882089d13ed1b7ae26b7fdf3e3052fd569f7ef4567a235efd3e3001113aca176c387ee6db0fbe5aac46b954fcf8ad57b58c047144e834b7c773f4d96ff48d1dab729ff57b77966f5fd332126411a100cb721ffee257070e3e5ae53ed3efbfc92734758008a558079e79b17dd768355b6c27d61e5c7b1f358d08c5589635f1e5af577985fc4f2fbd5d2e7130ac6d4428c917081dffcab73cbecf3a87eaff974b27ef7df291c691e03c2214d618ed3a74faa56a76989d7c870b61d4342294d7333ad1b17b9ff2f2edc45a7c7e4ae33c7018111a61ffd32f78bc3ee5e50bd73ed0380c1c468446688844874f9c565ebeba309349ae6b9c074e2242530c1e7b3adcd2aeb6b652a92c7e7249ef3c700c119ac2edf10c1e7b5a79f9d2cc157db3c051446890beb1e38170b3dadaf4e66a626551ef3c7006111ac4edf10c4e3ca1bc7ce9163f25ad494468968183a77c8190dada38f739ac4d446816af3fd0377e5c6d6d6a7d653bc167a4b587088dd33b3aa1bc9683612d2242e344ba061a2251b5b56b8bb7f50e030710a1897a4626d416aec7e69cbc650db4204213f58c1e515b58c86e6fad2eeb1d067623421335b5752bff7a663d36a77516d88e080d15ed1f565bc857f63587080d15ed1b525b9824c25a4384868afecf5d101f566a7da5542ce81d06b6224243051b236a5f54542ae5d41a9fcdd412223457b457f115696a7d45ef24b015119aabb9b35f6d616a83086b09119aab31daa9b6304d84358508cda51e213730ac294468ae404393da694d99ad4dddb3c0464468b470abcac1b054c817b2dbda87814d88d068caaf483918d61022349af2394dd95442ef24b00f111a2dd0d0a4b6309f49e99d04f62142a3f91b1ad516e63369bd93c03e4468b44048f94848843583088dc69170272042a30554232ce6337a27817d88d0686e8fd7eb0f2a2c2c16f2da87814d88d0741e9fca2dd34a44583b88d0746e8f4a84c57c4efb24b009119aceedf128ace2e4fa1a4284a6737bbc0aab2ae5b2f649601322349d62849592f649601322341d47c2ba4784a623c2ba4784c6ab28e56459bae7805d88d074e592cabb3bcbe299ad193c55a62b978a0aab2c37cf6ccde0a9329d5a846e22ac1d3c55a6533d12aa7cc50f1144683ab5f7841e9f5ffb24b009119a4eed48e825c2da4184a62be6b30aab3cbe80f649601322345a319f53fb29362f476b08111a4df9a2696a97ee860822345a6e5b31427f28ac7712d887088d96dfde525b48843584088d96537d394a843584088d96577d39aa7ce96e388f088da67ca7c1606344ef24b00f111a4df9eef3a1a656bd93c03e4468b24a7a33aeb0cc1708f13d610d21427365b636d52e1f1a6ae630584b88d05ccaaf45c3ad1d7a2781ad88d05ce90dc5081b956eb20d294468aecde5bb6a0bd5ee740f294468aef5d8acda42e53bdd4304111a2abdb99a4babfc66cde3f5f172b4b610a1a1d6ef291e069bda7bb8ca536de1d932d446ec8edac248679fde4960372234d4daa2e29130d239a07712d88d084db4b9bc904d6daaad8df60d699d05b62342132dcd5c555b186a6ae1e7323587088d53a954966e5f535bcb61b01611a17136627772e9a4dadab681bd7a87810388d038b1992b6a0b2dcbead83da67516388108cd52c86ec7a626d5d646ba06b8aa452d2242b3cc5d3daf76a15197cbd53938ae77183883080d522a16e6afbdafbcbc676442df2c700e111a64f1c6c542765b6d6d4bf7ae864854ef3c7006119aa2542ccc4ebeabbcbc777442df2c7014119ae2f6c55f29ff4ac6edf1f6ee3baa751c3887088d905a5fb973f93de5e53d23877dc1068df3c0494468841b6fffac5256b919e803bb0e3da67118388c08e52ddefc50f9ec4197cb15e9ea6fe9dea5711e388c088525e3f76ebef38b6a76183e715ad73010418492f299f4e4ebffa6fcedbccbe56a8c76750dedd738129c4784622ae5f2e5b33fc96c6d56b3c9de939f77b92c4d13410611caa854cad77ffd5fd5bc1574b95c91ae819e91c3ba468214aff4003b51a55cba72ee95e5dbd7abdc67fc89e7390cd60122745ab9549c7ce3dfe3735355eed33372a4b57750cb489045848eca675297cfbe5ce5ab5097cbe50b84c69f3aa36524882342e7acdebd75ed97ff9153bd0dfd1fdaf7f873dc8bb76e10a1132ae5d2cc07e76627df75b92ad5efd6b1676ce0c023d5ef034310a1ed3662776ebefb5a327e4fcb6e8170d3e12f7c95cf63ea0911da28bd119f7eff8dfbb337756d6859ee235ffc6bae61516788d01699e4faeca577eedebc582997356e3bf6e4f35c4fadfe10a14e954a79e5ced4dd8f2fc4e767b4bcfdfb4303074eee39f284de3d610222d423198fdd9fbdb178f3c36c2a61c7fe9d83e3079e79d18e9d218e08d515f3b9b5bbb756e6a6e2f3d3ca97ebfd53b40dec3dfaec37b9e159bd22c28750cce7b6569792f17bc9782cb91adb5abb5fcd99b87fa2b6fee1e3cf7fcbede199aa5b3cb52e97cb5529974ac562b95428158be552b15c2c140bb95c7a2b9b4e6453c95c2a914d27335b9b99e486f6777a7f5cd7d081892f7f9d02eb5b3d3cbb53e75f9f3affbaf414fa0d1c7cf4c0332f5816af42eb5c3d44587f2cb767ff5367b872cc0e4184c609364626fefc6b9c21b17310a159baf71e3a78fa255f20243d089c4384a6f087c2e34f9ee11abe3b10119ac0eadf7f62ecf1e7b880efce4484c2dafa87f7fdd97391ae7ee941208608c5443afb461efd52c71eeeadbbd311a180b6fee1a1139f6b1f18911e04462042e778fd819ed189dd871e6b6aef919e05062142db5996d5da3bd8bbef68efe884c7e7971e07c62142bb586e4fb4774fd7d081ee91c35c94097f04116ad610698bf60d75ecded7be6bc4eb0f4a8f831a4084d5f2f8fccdedbdcd9d7dadddbba37d438130073d3c1c227c38be40a821120db776865b3bc22d1d4d6ddde1d60ecbe2da6750b7c323b42cb765596ecbed76bb3d6e8fd7e3f37bfd018fd7ef0d04fdc1065f30ec0f35f8438dc1c648a8a925d8d8e2f507a46746bdb19efdfe0fa4670076344e1805841121208c080161440808234240181102c2881010468480302204841121208c080161440808234240181102c2881010468480302204841121208c080161440808234240181102c2881010468480302204841121208c080161440808234240181102c2881010468480302204841121208c080161440808234240181102c2881010468480302204841121208c080161440808234240181102c2881010468480302204841121208c080161440808234240181102c2881010468480302204841121208c080161440808234240181102c2881010468480302204841121208c080161440808234240181102c2881010468480302204841121208c080161440808234240181102c2881010468480302204841121208c080161ff0da2ada0de822d80760000000049454e44ae426082');

INSERT INTO store_users(user_id) VALUES('f01d17ec-e9fe-4fb9-b5f0-6cb6f2ef604c');
INSERT INTO participants(id, tpe, did, name, logo)
  VALUES('f01d17ec-e9fe-4fb9-b5f0-6cb6f2ef604c', 'verifier', NULL, 'Vargas-Robinson', E'\\x89504e470d0a1a0a0000000d494844520000012c0000012c0802000000f61f19220000105249444154789cedddc96e1bf976c7f12a8e22458a22c5a13458b3dc1eda6e2f1220db2040802cf210f701f20459669577c82bdc6d760990c5dd5e206e4f6d49d660cbe2208996458912c72c3a718c6ec357ffa32a9e1abe9f9dbbfb90476dfdc4a3aa7ffdfff63ffcd3bf5a00f4c4b41b00a28e1002ca0821a08c1002ca0821a08c1002ca0821a08c1002ca0821a08c1002ca0821a08c1002ca0821a08c1002ca0821a08c1002ca0821a08c1002ca0821a08c1002ca0821a08c1002ca0821a08c1002ca0821a08c1002ca0821a08c1002ca0821a08c1002ca0821a08c1002ca0821a08c1002ca0821a08c1002ca0821a08c1002ca0821a08c1002ca0821a08c1002ca0821a08c1002ca0821a08c1002ca0821a08c1002ca0821a08c1002ca0821a08c1002ca0821a08c1002ca0821a08c1002ca0821a08c1002ca0821a08c1002ca0821a08c1002ca0821a08c1002ca0821a08c1002ca0821a08c1002ca0821a02ce1e9abeffdf9bfdefce9df4dab6cdbfedb3ffc737a3aef454b7e361e0dffe3dffea57fd3352ddcf8ebbfbbff377fef454b98006f3f099dad9f2ccb36ad1a8fc7f59de75ef4e3732787db82045a9635bff5d4f5663031de8630939f2dce2f0b0a8fb7a31842d9579d2bd5f2738eebcd60623cff9d707eeb274155fbf8e0ba73ee7a337e361a0e1aef5e0a0a17ee4bfe0fc33f3c0fa1b3f5936d0bde25721369ebe0eda0772d2874443fe6e01f9e87309dcd9516d70485519b488fb7ff5b503553599c9e2dbbde0c266912b728e6ef3f13547daa1f762fda6ef7e253c341bfb9f74a50c82c1a029308a1b3f1a31d8b0b0aeb91f9306c1dbc19f67be675b6c375d1e09b44089353d9f2bd4d41a16c420ba2e3b7921f37b3ce72265f74bd194cd88456cccc8ba6a6f3e6d1d5f9a9ebcdf8cdb0df6bedbf1614328b86c38442585b7f1c8b4b56e744e1f24c73eff570d037adb26ddbd964160d83098530919aaaac3e1014466122957d8dc585b508aeec0ba5c92de096ddb5bf3839befc74e27a33fe31e8ddb40e7e11142e88ae39c3872617c2eadac3783225280cf7876173efd5683830adb263b1dac68f5ef483c99b5c08e3896475eda1a0f0f86d984328fbeae69636539969d79b818a893e4f38bff54c50d5396b74ce1a6ef7e20bfd9beec9fbb78242ae8b86c944435859f92199ce080ac37a8db4f1eee5683834ad8ac5e3d5f5c75ef40315130da1f8bb27acbf16ca96049597853fcbe04f93dede4236475db65b1727c7ae37a3ab7f7d75f27e5b50c82c1a32930ea1f88a42f826d2faee8bf168645a154f24ab6b8fbce8075a261d42f1b5f5f04da4b2afa8b22abcd303df52d86d4d7697f9eafcf473ebc8ed5ed4f4ba9db30fef0485cca2e1a310c2e2c25a7a7a465018a61b86f59d9fc763e35934914acb56ffc1cf144268dbf6bc68e5f1718836bc90fd8a5b5d7b245b070f3fd3d9fc57f66453f773fbbcf1def56626efe6f2a2fd714f50c87ad150d209e1acb39c99913c8d1a8ecb33f59de7e3f1d8b42a99ce9497b7bce807bad4b6c1174ea4db3f5b96f1b7afdfc87e94d4a4bb84c0e7f442289aacae3b9fdac7876ef73251d79d73d997c075d1b0520be14c6561ba581114067d223dde7e2ef8304f6572a5a50d2ffa813acd5399648ff9ca7ea1f20fd90f1167f389680f650440f042787379d1feb8ef762f1322bec0cb2c1a629a21cc95aab2934c823b91ca3a9fca158a0bab6ef702bf509e7064370c1bbb92e5267e209d459f0a4e984350688750f4acfdcd55e7ec4872b35bd7d5f9e9e7d6474121b368b82987305b28156a4b82c2204ea4b2b5af999952a176cff566e01ffa17dc641f860dd1c378ba643f38388537f4fc1042c92f3cbdeee5e9871d2ffaf148e7ac79715a1714b25e34f4f44338952b1417560485c17ad65ef631385dace4cbf3ae37035fd10fa175a789d478ab322db2838765b752112c3e09a1643948ffa67b7228d92869f22e4eeb9db3a6a09059340a7c1142f1c2c8a04ca4b259345f9e972daf45b0f8228496f45658e3dd4bc1410e9327db5f94593422fc1242d9c37283def5c9a1641bf949fadc3a921d2c450823c22f21143f36eeffdd9f641d166a4bd942c9f566e0437e09a125bd08d1dc7fedf38954b63f95ec8a3182c84721acae3d8a2792a65583de4d6bff8d17fdb8e2bcf1befbb96d5e67b350263a7c14c2442a5d5909db91dad2a3b057a67205d79b813ff9288496f4c9a6e6deebe1a0ef7a336e181f6fff2c2863168d147f85b0b2fa4070d0c270d06feebdf6a29f3b6a1f1f5c773e9956d976ccd97ce2413bf0297f85309e48d644470ef9732295ad25282dada7b339d79b816ff92b8496742bc493835f86fd9edbbddcc9783c66bd286ec377212c2fdf171c433b1cf41b7bafbce847acfd71efe6f2c2b4ca8ec51dd1d171082edf8530168f0b0f30f4d95d7bd9845c5ede4a4e655d6f067ee6bb105ad26ba427876f07bd6bd79b91198f47f59d17824266d108f26308e796365219e32b13a3e1a0f1eea517fd089c7dd8ed753ba655b178a2b6fed88b7ee0677e0ca16dc79c4dd991da7e79b249d64965f541229576bd19f89c1f436849ef569f1c6ef76fba6ef7626c3c1ad5779945715b3e0d61697155b06e6b3c1a3644dffdee3a79bfddbfbe32ad8a2753d5b5875ef4039ff369082dcb76840718ea4fa4d2a3b01f0ad6af23047c1b42e1b3f6a71f767add4bd79bb9bdd170d8145d1f62bd6864f9378485da3dc153ade3d14877223d397c2bf8bd34919aaaacdcf7a21ff89f7f4368fdef4128c674d7914a8fc27e1c8b275c6f0681e0eb10ca9eb53f3bdabbb932be47e78ad170d014ad9ee3ba6894f93a84f9f27cae5435ad1a8f478d5dc9537c77d7da7f33e8dd985625a7b2e57b92fd75100ebe0ea125fd88d09a4865d7459dcd2776ccef7f11f08edfffee65216c7fdc173cc17047c341bfb92f79b6985934e2fc1ec2e96265a6b2605a257e96ef2e9a7baf05cf34a6b3f9d2e2ba17fd2028fc1e424b3e914e3a84b26db69dada7b6cd51d89116da10caf677111bf67bad03c9ce8bcca20840083333c55967d9bc4eb8d3994c63ef9560c7b74c7eb6382ff8d2102a0108a125fdb898e4af85b2e7fa1dd129c50899a08450f28bd3a7faa168f76b63e27369582f0a2b28214c4fcf1417d60485b273204cc94e68cb16e60ad5452ffa41b00423849678229dc85d7bd99558d9e68e089fc08450b6ace4bc7974757eea453f5f884fede6c817fc2a30214c65a6e7963605855e2f616becbe188f86a655b9522d3fe778d10f02273021b4a45b217a7dd75e765d54f6c8324229482174367e8cc58d8fd4be3839be6cb7bce8c7b2ac5ef7f2f4685750e8708f1eff2748214ca4a6cacb3f080abd9b481bbb2fc6a39169d54c65717ab6ec453f08a22085d0924e71de4da4b278338be26b010ba1ec48edce59a373d670bd999babced9d13bf33adbe1ba28be12b010c693a9caaa64734e2f8e8ba9ef3c1f8fc7a655b3ce72265f74bd190457c042688927520f96ce308bc215c10b6165f5412235655a75d96e5d9c1cbbd8c675e7bcfdf1c0b4cab6859b1a23c48217c2583c515bd73f52bbbef3b36519cfa2c585b5f474dec5361002c10ba1e58f67eda5b3e833177b4038043284b2e36cafce4fcf9b47ae34d0bd687faabf37adb26331d921c408b74086507cb0bb5b13697dfbb960169d5bda4c65a65d69006112c8105adacfda735d142e0a6a084b4b1be9acf1158eeee7f6a7fae11ddffaeafc4c30d6c6e2f12a4761e35b821a42dbb69dcd2782c2bb5f9e917d0c96977f48a633777c6b8452504368499f6caaef487e9dfb1ab328dc15e01016e757a672b3a655d79df3f6b1f14df62f6437fde38964754d726f135110e0105a962ddb21e22e13a9ec63b0b2fa309e4c89df14e116e810ca2752c1c2eb5fc902cc2c8aef0876080bd5a56c61ceb4eae6f2a2fd714ff076b247a212a97465f581e0ed1011c10ea125df78463255ca9e87aaae3de2286c7c47f04328bc6bff623c36de9642f63c14eb45f17d810f617ecec9956aa655bd6ee7ec83d943f19f5b1f051b4625d399f2324761e37b021f426b5213a96c82ad6dfc68c78c778843a4842284b289d470a3b4fa8ee4a035ae8be22f0a4308a767cb3315e39355fad757a71f766ef91f9f373f08b6d34f6572a5a50dd32a444d18426879bf15a26c1675369fd87648fe0fc33b21f91671b67e129cb679eb6324c675d1a1bfcca2b88d908430939f151ca97dcb03953ed50fbb17c6878d4ee50ac58555d32a44504842687939911ebf95dc1e7436390a1bb7129e103aa223b56f71c8eeb8becb2c0a0f852784e96cbeb4b86e5a35e85db70ebe77dc7cfbe3fe75e7dcf4653333a542ed9e6915a2293c21b4bc39525b765d945378717ba10aa1ec48edc6deabe1a0ffcd7f351e8fa5f7e89f09aa104da10a61722a5bbe67bc5073d8efb50ede7cf35f9d1dbdbbb9ea98bee074b1922fcf9b5621b24215424b3e917efbfaa77416e5920c0c842d84b58dc78287f79a7baf87fdde6ffee178346aecbe10f4c02c0a23610b6122355559313e527b38e837f75fffe61f9e7ed8e9752f4d5f2a5f9e9f2e564cab1065610ba1257fb2e9b713a96c3b196651980a6108ab6b8f045b9bb5f6df0c7a375ffe381e0d65b3282184a91086309e4856cd8fd41e0d07cdbd575ffe7872b8ddbfe99abe48a1b6942d944cab1071210ca1e5c6442a9d459f09aa1071e10c6165e507c191da2787bf0c7ad796658d8683c6bb97e66f2bdc8c181117ce10c6e289da86f11148a3e1b0b1fbd2b2acd6c1db5fd368a4b8b032952b985601e10ca1253e527be7b925bf47ff4c5005843684e57b5b8263714f0eb7af3be75f5fa1b925db8ec98e6a03421b42d901f1e3d1f0c57ffef1f7ab67fea2d2d27a3a9b33ad02ac1087d0924ea4ad835f26f65e8015ee109616d7d3d3c6476a0bd8b1b863fea90bfc2acc21b46ddbd99cc43d83f2f256722a3b81374228853984d6a4367a6116c55d843c84b3ce4a265ff4f42d62f1446dddf89e24f045c843685996e3f12a96caea83442aede95b20dcc21f42af27526651dc51f8433853599c9e2d7bf4e2f164aaba66fcc406f0b5f087d0f2f2c3aabaf6309e487af4e288886884d0b34d5f582f8abb8b440873a56a7ece71fd6513a9a9caca7dd75f16511389105ade4ca4b29ddd80df884c083db846ca7551b8222a21cc16e60ad525175f50b6db37f07b5109a1e5f687a1ecdc0be0f722f46d342f3a52fbbbaf06b82042219cca158a0b2baebc94ec2c44e09b221442cbbd8f2fd9a9c0c037452b84cee653db76e14b6616858ba215c27436575abaeb1899c9cf16e7975de907b0a21642cb8d0f3167eba98b177880c885d0d97c62c7e2777905d68bc25d910b61329d292fcb6fb2670b7385eaa28bfd00515cfaf857fff807ed1680ff17b94f42c06f0821a08c1002ca0821a08c1002ca0821a08c1002ca0821a08c1002ca0821a08c1002ca0821a08c1002ca0821a08c1002ca0821a08c1002ca0821a08c1002ca0821a08c1002ca0821a08c1002ca0821a08c1002ca0821a08c1002ca0821a08c1002ca0821a08c1002ca0821a08c1002ca0821a08c1002ca0821a08c1002ca0821a08c1002ca0821a08c1002ca0821a08c1002ca0821a08c1002ca0821a08c1002ca0821a08c1002ca0821a08c1002ca0821a08c1002ca0821a08c1002ca0821a08c1002ca0821a08c1002ca0821a08c1002ca0821a08c1002ca0821a08c1002ca0821a08c1002ca0821a08c1002ca0821a08c1002ca0821a08c1002ca0821a08c1002ca0821a08c1002ca0821a08c1002ca0821a08c1002ca0821a08c1002cafe07cc399436c57040ed0000000049454e44ae426082');

INSERT INTO store_users(user_id) VALUES('ccefea5e-636e-4747-8760-29b74d8a95c6');
INSERT INTO participants(id, tpe, did, name, logo)
  VALUES('ccefea5e-636e-4747-8760-29b74d8a95c6', 'verifier', NULL, 'Sherman Ltd', E'\\x89504e470d0a1a0a0000000d494844520000012c0000012c0802000000f61f1922000014ce49444154789ceddde9731bf77dc7f15d2c6ee2064100040ff0267550f76559b663cb87e4c8892771e34cec3ae9a4996933c9f44167dabf2033e98376a69d3e683a93b4393c759bd81ed796ed38b6ecd88a6e9192285e224110244080207183b8813e50c268dc589616bbf8ee129fd7e44162fbb7f8da93b771ecf1634f7cef870c00d051500f00d0ec102100314408400c110210438400c4102100314408400c110210438400c4102100314408400c110210438400c4102100314408400c110210438400c4102100314408400c110210438400c4102100314408400c110210438400c4102100314408400c110210438400c4102100314408400c110210438400c4102100314408400c110210438400c4102100314408400c110210438400c4102100314408400c110210438400c4102100314408400c110210438400c4102100314408400c110210438400c4102100314408400c110210438400c4102100314408400c110210438400c4102100314408400c110210438400c4102100314408404c493d4023940ab9f4daca462a56c824f399543e9b2c6453e562a1522e572ba54ab9542d97198651701cabe0141ca7e0942a8d4ea5d5a9347a9556afd6b5680d169dd1a2359875468b4aaba7fe1b822d656b4658ad94e3217f2cb4908a86d26ba15c3a712fab2ae52ac3946efff77c26f9597f994aa333d8da5aac6d065b9bc1da667278342d4641c686e6b4a522cca5e2ab0b93d1c06c6c79be522e89f42aa5422ebeb2185f59dcfc235a83d9dce631b775989d9d1657b752ad11e9a5790bcfdd187bfbe7f7bb6af8e8d33d7b1f12631eb8d35688b0522e45e62796272fad2ffb18a6d6f801f299643e938cf826198661150a93c363f3f4da3dbdd676af52ad6dfc3c202ff28eb0904dfbae7eb83c79b95ccc53cff27bb56a3519594a469616ae7ec42a145677b7c33be2e81e32da5dd4a38144c935c2c246c677e54ce0c6f96aa54c3dcb67aa55abb1e0422cb83073f6b4ce687178475cfd3b6d9e1e96c58fd2f047f28bb05aa9f8ae9cf15df950bc6f7d62c8a513811be70237cea9750657df0e57ff4e5b472f6a0446761126c2811befff32138b500fc25f3197094c9c0f4c9cdf77ea9b6dde11ea71809e6c22ac55ab33e7def68f7d5cab11fcf402201e794458cc65c7defe792ce8a31e044078328830bdb672e5adffcca5e2d483008842ea11c6430b97def871a554a41e04402c92fe752ebee24781b0e54937c24478f1320a842620d1083792b1cb6ffca45c2c500f02203a2946582997ae9efe69a990a31e04a011a4f8c3ccc407bf4aafad88716405a734d89c06aba3c5d6a637d9d47a83466750eb5a144a9582532a388ea9d52ae552a55caa944ae5623e9f49e433c97c26954bc7d3ebe16c3c2ae5abe440a624176170ea4a68664cc003b2acc2daee6df30e5bdc5e735b8782e3eefa57334a35b779eb83c9d17ee79fac55abd94434bd168e871763415f663d8c2b07a07ed28ab094df983efb9650473339dabb761c76f6ed50eb5a043920ab50186c4e83cde91edcc5dcbeb130e45f5f9a8b2c4ce65231415e029a90b4229c3e7bba98cbd67f9cd6aec1befd8fda3c3df51fea2e541a5d5bcf485bcfc8c843a7d2ebe155df6464e16632b22cea8bc2d623a10813e1c0f2e4e53a0f62b4bb868f7db1b573409091eeeb758d7657df81473792ebc1e9aba199b18de47a8367009992508473177f53df7df16ccf9e6383479efa9c6f7d22d39bed03871e1f38f4787cc51f9cba129a1dc7a94eb83ba944985e5b892ecef05ecea9d47b4ebce0e81e1270a43a59dd5eabdb3b74f4e4f2e4e5c08d73786384cf229508e7af7cc87bad466fd8ffcc5f981c1ee1c6118c4aa3ebd973ac67cf8351ff8cffdad9b5c02cf54420399288b0904d876f5de7b756a9d61ef8d2b78dad6e6147121aebf00e3bbcc3a96870fed299886f02e736609324220ccf5dafd5aa3c16b2ac62efc917255fe01f991c9e3d275fc8c6a3f3573e542828bfbb82744822c2955bd7f82decddf788bdb35fd8611aa0c5ea183dfe1cf5142015f4d78ee63389f84a80c742a3dd3570e8b8e0f30034187d84ab0b53fcce4c0c3d7082c5273a903ffa0863213f8f55165797c33b2cf42c0004e8234cacf879aceada7944e8410068104798cf24ef71cba43b29d51a57ff4e11c60120401c6132b2c463556be720a754093e0c0009e20837927cee00b275f40a3e090015ea0879dd86676b17f71e258046228e90d7bdb0acded22afc280044e4f74ea83598f08510b612e2084bf98dfb5d820de2618b218e90c70daf9c522dc6240054a8232cdff71304391522842d8532c24ab954dff32c00b602ca08f93d48b72aab5db2013e176584fcee6a2d17f3824f0240883442259f5b8af399a4e0930010a28c906515ace2be07286c642bf8440a5b08f1afa3bcce37d452d190f0a30010218e50a337f0589508f3791c0680341147a8359879ac8afaa7049f04800a7984161eab62a185622e23f42c00348823d4192d3c56d5aad5a5898b42cf0240833842a383e7737bfdd7ce62477bd81a882334b5f2dc40a298cbcc5d7a5fd86100481047a837db36f7a6be5ffeb18f63c10561e701683cfa471e5adbbdfc16d66ad5f1777e812dc740eee8237474f37f866f61237df1b51f6562ab02ce03d060f411b679ebdad933974e9cfb9f7f8dcc4f08350f4083d147a833d98c76573d472817f3574fff6cfc9d970bd9b4505301340c7d840cc3746c3b50ff41566e5dfbe8a73f9cf9dddb3c9e5b03404812117a86f72a3801764aac944bbe2b1f9ef9c90f26cebc9a5e0fd77f40800690c426a12aadded5bf33343326c8d12ae5d2d2c485a5890b2687c733b2d7ddbf0b0f6803299344840cc3f41f3cbe327b8ddfa6d99f25150da6a2c1a9dfbe697676387bb739ba874d0e37c3b002be0440fda412618ba5d533b26f79f29208c7ae25234bc9c8d2ecb977555abdbda3dfded16b71751b5b5d2c2b894fe3d0e4a41221c33003878eafdcbac6e349a4f7ae94df08cf5d0fcf5d67188653a9cd6d1d56b7d7daeeb5b8ba541a9d78af0b7017128a506bb00c3d7072f2a3d71bf37295523116f4c5823e8661188635da9db783b4babb75265b63660060241521c330dda38723f337d697e71bfecab5f47a38bd1e0e4c9c671846d362b2babdd6f66eabbbc7e470e3532b884a5a11320c3bfaf8d77ef7cabf1436284fbb17b2a9cd4fad4ab5c6e2eab6b5f758db7b2cae4e414ea500dc4972ff97d21accfbbef8d28557ff4d228f542b170b6b81d9b5c02cc3309c52d5da35d0d6b3cde11dd6e871da038421b9081986313b3b479ff8daf8db2f0b7bc6a27e957229e29b8cf8261986b5b83adb0777bb0777ab752dd47381bc49314286615c7d3bf79cf8c6f8bb2f572b15ea59fea45a221c488403539fbcd5e61df68cec6feb19c65747e047a211320ce3ecdbb1f7e997c64eff4c229f4bffa45ab512f1dd8cf86eea4c56efee073bb71dc4a65170bf24fd2f6f47f7d091e7beab37dba907f97cb9547ceab7ff7be6273f983df76ea990a31e07e444d211320c636c751f7dfefbcebe1dd483dc935221377ff9838f7efa0f8bd7ced6aad2fc200d9223f508198651aab57b4fbe387afccf545a3df52cf7a494df98fced1b1fffe21fa38b33d4b3800cc820c2db3c23fb1e7ae16fdb87f6500f72afb289b5cb6ffc78e2835fe1d18c7077b289906118b5ae65d713cf1f79eebbf68e3eea59eed5d2cd8b9fbcfc4f7fb8380ee04f905384b7595c5d079ffdcec167bf63757ba967b927b974fce2ebffbe78fd1cf5202051d23d457177f68e3efb57ff2a1959f68f7fbc327743e2bf82d4aad5c98f5ecfac87b73dfc0ccb6b7f62d8c2e4f74e7827b3b363d7935fffc237ff7ee0f0132d9656ea713e4760e2fcd5d33f93eae5074046aeef8477d2b498fa0f3cd67fe0b1646429383316be75adb021d13d9b5617a6c6dff9f99e132fe0fd10366d850837999d9d6667e7b6874e25c24babfea9d585a9f4da0af5509f16f14d8ebdf3f29e132fb02c1eb4010cb3c522fc03d6e2eab2b8ba060f3f99cf24d797e762c18558d0279d07e647e6276e5df8f5e0e127a9070149d89211fe91d660f60ceff30cef6318a6904dc7420b8995c5787831bd16a2fd6e367fe98cd9e191cb954020aa2d1ee19d342d46f7c0a87b609461986aa59c5c0d26c281447831110ee433c9868f53bbf6de2bc71ced7894063451847752704aabbbdbeaee6698630cc3e433c9447831be1248841793abcbb56a23ee63ac948a131fbc7ae0cbdf6ec06b81943569849fa235985dfda3aefe5186612aa5627cc51f0bfa56fdd362ffaeb3b6742b3875c533b24fd457018943849fc6a9d4ad5d83ad5d8383479eca679251ff7468763c165c60989a182f37f5c99bcebeedbc774a852d0011de8dd660eedc71a873c7a17c26119c1e5b9a389f4b27847d89527ec33ffe49ffc1e3c21e166444de57cc348cd660e9dbff85875ffabbbd4fbf647175097b70fff827e5625ed863828c20c2fbc0b20a67efb623cf7d77ffa96f195bdd421db654c82d5e3b2bd4d1407610211f0eeff0d1e7bf3f72ec9452ad11e48081898bb59a28df3941fa10214f2cabf0ee7ef0c1afff8dd9d951ffd1f299c4fad2adfa8f03728408eba233d98e7cf5af3bb71facff504b37c5d8910a640011d68b55703b1efd4adf8147eb3c4ed43f55ad94051909e405110a63f0f093ddbb8ed673844ab984a76034274428989163a71cdd43f51c014f676b4e8850302ccbee3cfe5c3d5b53ac05f0db4c33428442d2e88dc3474ff25e9e89ad8aba51314813221458fbf03ea3ddc577752d25bd470180d810a1c05896edddf708efe5a96848b859401e10a1f05cfda36a9d81dfdaf43ade099b0e22149e82e35cfd3bf9adcda5e2c20e03d2870845d1d633c26f61219b127612903e44280a9ba79755f0f9674bf1b41b20860845c12955069b93c7c2522127e59d89410c88502c26473bbf853855d86c10a15874462bbf8578276c3688502c5a8399df42dc4bd16c10a158545a1dbf8555bc1336194428164ea9a61e01e401118a45c1f17c9c24a742bdcd05118aa552e6f92327a754093b09481c22140bef330d0a44d86410a158cac502bf85f832d96c10a15872a9188f559c4aade0b0937673418462c926f86c0cacc77685cd07118a25138bf058c5fb3a1b902f44288a622e9b89adf258a83359849e05a40e118a221ee2b99fa1ce888fa34d07118a223c3fc16fa1d121d8664f2017885078e56221c22b4296652dce4ec1e701894384c20bcd8cf1bb1dc9607362dfec2684080556ad94e72f7fc06fade07b00832c10473877f137cb9397b6d2fe98811be7783f27c6e6e91576189005e208f3d9d48df77ff9bb57fe797d799e7612416c24d767cfff9adf5a05c739bcc3c2ce03b220898fa3a968e8e26b3fbaf2e67f64e351ea59f8ab55abd77ff3dfbcafdbb6770ea8343cef030659e379cf9b185617a6a28b33ed437bfb0f3caa37dba9c7b96f373f7c2d1ef2f35eee1e18156e1690130945c8304cad5a0d4e5d0e4d5f6d1fdadd77e0b1164b2bf544f7ead685f7966e5ee4bd9c53aa9cbddb059c0764445a11de56ab5583d357433363ee815dbdfb1e31b64afcfc756deae337fde39fd473888e6d077072a2694931c2db6ab55a68763c343b6ef3f4768f3ee0ecddceef99d6a22a157237deff25bf53f39b5856d1b3e798502381ec4837c24db1a02f16f4690de6ae9d873bb71fe4bde191e062c185ebeffd572e9da8f338ee81511dee606a623288f0b67c26397beedd5b17de6bed1a6c1fdcedecdd4ef840a47c26397bee9de0f418bfabb4efc42a14bdfbbf20c8542053b289f0b65ab51af54f47fdd39c52d5d6bbbd7d70b7bdb3bf914f46da48c616af9f5d9ab820d473b2bdbb1eac63675f714d9f7d6bfaec5bd453f0b7f7e93f97c5cf5d328b7053a55c5a991d5f991d57704a6bbbd7d135d8da3528de4f38957229ea9f0ecd5c5d5d9812f0fa1eadc13270e871a18e063225d70837552be5f5a5b9f5a539e6ec698dde68717599db3ca6b60e739ba7ce6f8fb55a2dbdb6120f2dac077d6b8b33626c11b1ede12fe129a320fb08ef54d848477c3723be9bb7ffa7d6606eb1b4ea8c569dc9aa335ab446ab5aabe7546a4ea9e6542a4ea9625845b552ae56cad572b998cf1673d9e2463a974e64e2d16c7c35138bf07e62dabde8da71d8d9bb4dbce3835c6ca9083f259f494a76cf4d6bbb77dbc3cf504f019220b9336fcd406b30ef39f122abc0a30d81611061e3a9752dfb4f7d4ba397cad94e20b7953f8e4a90a6c578f0cb7fc96f276dd8aa1061e3680de683cf7e474657a5436320c206b1babb773ff50ddedbf7c21686081ba167cf43430f9c90e005e82005c4110e3d70c2d4ea5e9eba9c8c2cd34e2212b5ceb0e3d1afe07c20dc0571842a8dae6be791ae9d4732b1c8f2d495d0ccd542364d3b92505885a26be791c1c34fe04641b83ba97c1c35d89cc3474f0e3df0546c797e65ee46647ea298cb520fc59fbda36fe4a167247b6536488a5422bc8d6515f6ce017be7c0f647be1c5bf6adcc5d8fccdf2ce632d473dd3bd6d93bd2b3f761abdb4b3d09c886b422dcc4b20a7b67bfbdb37ffb23cfa6569757fdd3d1c5e9d46a50b24f2855aa35eec1dd3dbb8fb5581dd4b380cc4834c24d2ccb9a9d9d6667e7c0a1c78bb9ec5a60766d692e1e5ad848f2d98253709c52d5d633e21ed8e5f00e2b38a9ffc30469624f7cef87d433f051c8a662a185587021110e6462e16aa5d2b0976659d66077d93cbd764f6f6bd720ee45823ac9f55fde9a16937b60977b6017c330b56a25bd1e49ad8552d1507a6d259b582b64d3f53f786213cb2af4669bc1d666b0b9ccce4e9ba7074fe90501c935c23bb10acee4683739da9991dfff914ab9b4915cdf48ace5d2f142365dc8658bb94c71235d2ae42ae552b552a9964bb7df3c151ca7e0947ff80fa7d4e8347a83466f54eb8d1abd41db62d25b5a5b2c0e05873b1e402c5b21c2ff8f53aa8c7617ce10802ce0422a00628810801822042086080188214200628810801822042086080188214200628810801822042086080188214200628810801822042086080188214200628810801822042086080188214200628810801822042086080188214200628810801822042086080188214200628810801822042086080188214200628810801822042086080188214200628810801822042086080188214200628810801822042086080188214200628810801822042086080188214200628810801822042086080188214200628810801822042086080188214200628810801822042086080188214200628810801822042086080188214200628810801822042086080188214200628810801822042086080188214200628810801822042086080188214200628810801822042086080188fd1f055d7f3a94ab0f9a0000000049454e44ae426082');

INSERT INTO store_users(user_id) VALUES('fcd5c324-ed60-43b8-8d1e-8753476d7a02');
INSERT INTO participants(id, tpe, did, name, logo)
  VALUES('fcd5c324-ed60-43b8-8d1e-8753476d7a02', 'verifier', NULL, 'Garner, Gibbs and Miller', E'\\x89504e470d0a1a0a0000000d494844520000012c0000012c0802000000f61f1922000013d349444154789ceddddb731be77906f06fb13810200910004fa0480aa42892222593b425cb96254589d3b8f22976269e7166daa4eef4a69d71affb27d437ed453b9dceb4533beaf4e04cdcc49695b11d47b1add89675a02c992225523c82671224408238ef6e2f98f1780c1e3f7cbbef02787ee34b7fcb97f3e8592c177b90cebffa1a03003a16ea01004a1d4a08400c2504208612021043090188a18400c45042006228210031941080184a08400c2504208612021043090188a18400c45042006228210031941080184a08400c2504208612021043090188a18400c45042006228210031941080184a08400c2504208612021043090188a18400c45042006228210031941080184a08400c2504208612021043090188a18400c45042006228210031941080184a08400c2504208612021043090188a18400c45042006228210031941080184a08400c2504208612021043090188a18400c45042006228210031941080184a08400c2504208612021043090188a18400c45042006228210031941080184a08400c25042066a51ec08c344d4bacad6c449693eb91442c9a8a4553f1f54c2a994d2732a9849acdaaaaa2a98aaaa8165996ad368bd5265b6db2d566b15aed65e565159ecdff1ce5eeb20a8fcbed936d76eadfa9d81453462821638ca94a766d6936ba108a2c84d697e73622cbaa92dde34255c9b2546287ff47922497c75f59dde0ae0eb86b1a2aab0365151e4183979022ce483affea6b86fd3093d122f3a170e84178fac1eadce41e1315a2acc2e36f6cf337b55537b539cadd86fddc02541219955c09354d5b99199b7ff0d5c2d8ddd4c61af538acc257eb6f3a5cd7daed3bd02a4912f538a6506a19955009e3d1f0f4d08d99a19bc958947a962d38ca2b03877b1ada7b3d754dd4b39029cd8c4aa284e1e9d1f15b9f2c4ddc674ca39e65772e8fbfa1a3aff9e8c9923a522de58c8abc840b63830faefd766d69967a907d932c72e0f043c1de339eda03d4b3e80b19156d09c3a191fb9fbf175d98a61e245fde869696ded3b5adddc5f7172332da5484254cacad0c5db9b83036483d884895fefa8e53e76b829dd48388818cbea9a84aa8a9ea58ff47a3d72f2bd90cf52cbaf01d68e938f574557d33f520fc9051aee229616c65f1ce876f16c1b1cdaeea0f1deb78e2bccbe3a71e64df90d1968aa484a1812f063f79c7c82f7369c9565bdbc93f69e93b23490573f52f32da4ec19750c966062ebf357bff16f520043cb5078e3df9526575807a905d20a39d332aec122663d11b175f5f5f9ea31e848c64915b1ff94edb89272db2492f034646bb6654300733b9d696663ffbc53f9772ba8c314d5546af5f5e0e8d500fb23564c4f6909149779fbb0a4f8fde7cf70d2593a61e04b6858cf6a8204bb83c35dc7fe98201e7b82db2ecacf43add3e97c7e772fb9c6e9fa3dc6db5d9ff78739acd2e5bed924552154555b24a269d49c6d3c9782abe9e88ae24d65737224bebcbf3991d6fa22956c868ef0aaf844b93f7fb2f5dd0ef249badcce50d1cf40682de40d053d7b897bfb564ab45b6da6c0ee79637a12563d1e84268756e62756e32ba30ad69aa0e539b0b32da97022be1eadcc4addffca71ee93adddec0e19ec0e11e774d80319117886ddec15d77e828632c934a2c4f0d2f4dde5f1c1b2cd64f4864b45f8554c2f5f0fccd8b6f883dc2b1399c0d1d7d81f65e6fa0596caedbfdb8cd7f46aaa22c4f0dcf0e7fb9303a504c5f9d21230e0553c2543c76e39dd705ee99eccef260cfe9833da7acf63251dbdc3b8b2cd7b61ca96d399249c6a7876e8606ae6e44968d1f432c64c4a7304aa82ad9fe4b1792b18890ad395c152d7ddf693ef698199ebf642b73b5f49d09f69e5e1c1f1cefff78756e927a224ec8885b6194f0ee47bf8ecc8bf9cd1b8f1cef3cf3accde114b235512449aa6bedae6bed0e4f8f0e7ffebea85fd648c8885b019470f6feade9c1ebf96fc7e9f61dfbde8ffc4d87f3df947efc8d871e7fe96f9626eeddfbf4526c65917a9cbd4246f9307b09e3d1f0dd8f7e95ff761abb4e749d7dde0cc7367b5113ecac6e3e3c79e7b3912f3ecca693d4e3ec0219e59991a94ba869daed0ffe379b4ee5b31149923a4e3dddf2f05951531943b2c8c1de3381f6bec18f7f3dffe02bea71b6858cf2cfc8d4d78e4e7c7925323f95cf16649bbdefe99f165cba5f73b82afaceffd9c3cffcd4e1aaa49e656bc828ff8cccfb49188f8647ae7e90cf166c65ae475ff82b774dc13f28a9aeb5db1b087ef5bb5f2e8e9beb7910c8e86bf96464de4fc2c18fdfcee73b5fd96a3bfedc2b4590ee26bbb3fc91677fd67dee4553ddb2848cbe893b2393967069e2ded2e47deee59245ee7bfacf0bfa592c5b6a3ef6d8633ffe6b67a5977a10c690d1363832326309355519ba72318f0d480f7dffa59a831dc20632134f6de3132fff2df9497c64b483fd6664c61286ee5ecfe7faa09687cf3674f4099cc76c6c65ae13cfff65d3d193843320a39ded2b23d3955055b2a3372e732f77d71c687fec2981f3989364b11cfdee8f3a4f3f63c005cdb990d15eec3d23d395706ae02af7cb4064abadf7a99f586459ec48a6d5d277b6e7a997258bd1bf2f32dabbbd6464a2536d8c314d55c6fb3fe15e7ee4ecf3e5de1a81f3985f437bafcd5e66b1da0cfb89c868bf76cdc85c259c1bb9c3bd8bf506824ddd8f8a9da72018fc6c7c64c461e78ccc75383a7e8b7f17db79fa198193c076909170262ae1eadc04f7fbb102877b8aef1b271342467a3051094377aff12db4c8d68e537f2a7618d81232d283594a984d27e747eef0ad6d3a7ad2e9f6899d077221239d98a58473237778af4294823d4f089e06b6828c74629e12dee65b5813ec28c49784152264a4135394309dd858991ee35b7bf0a1536287812d2123fd98a284f3a35ff13df3b8bcaabae660bbf079201732d28f294ab8c8fbeef2c6ee47492e9e2c41c8483ff42554b2999519cee39cfa4347c50e035b4246baa22fe1caf428df39b74a7f3dfedc370632d2157d0997a686f916d661176b1464a42bfa12aece8ef32dc4718e619091ae884b984d27f9dea5ec747b2bab03c2e7815cc8486fc4255c9d9dd0348d63a1afa155f830b02564a437e212723f37d61b38287612d80e32d21b7109a34b337c0bab10b0519091de884bb8b6c813b0cde1acf4d7091f06b6848cf44659c2547c3d155fe75858556fc46b9381212343509630169ee75be8a96b123b096c07191980b484ab4b7c0b2b7cb5622781ed2023035096706395f32da7e555a5f5cc3c42c8c800b49f849ccf512fafaa163b096c07191980b28489b5158e5565159e4279a37211404606202ca1c6f70c59ec620d848c8c4056c2543ca62a598e85f863c330c8c81864254cae47f8163aca4dfaf6f6e2838c8c41f949c8b7d0eeaa103b096c07191983ac84e9046fc0ce72b193c076909131084bb8c1b7d0e1c45ed620c8c81874254c72066c47c0464146c6202b613695e45b88431dc3202363d0953093e25a27d9ca9c8247816d20236390955049a7395659641937c818061919a3c03e092db2b9deef5ddc909131c84ac87729864596854f02db4146c620db69a98ac2b1ca9c7bd98fdef8fbc4fa2af5148c315613ec3cfedc2ba2b6868cf4909b11d92721df2b7eb09735123232065d0955be80cdb8972d56c8c81805f6492859b097350e32320659092589e7476b2acf5f29c007191983ae84169e1fcd77aa00f820236314d82721df4973e0838c8c415642be736808d848c8c8180557421cea1807191983ac84b2cdc1b10a7b59232123639095d0ca1930f6b2c64146c620fc24e47b2ea5964925048f02db4046c6202ba1cdc179cb19f7331760bf909131c84ac87df3759af71160b05fc8c818055842de4780c17e212363d01d8e9671078c431d83202363905df0eee07d3e6cca7c7bd9737ff1777a6c96fc163864b42b2119917d123a2babf816a636d6840e02db4246c6202ba1a3bc92ef828c8d4858f830b02564640cc257a34965151e8e65f108e70b9c61ff909111285f12ea74fb385625d6a34a36237c18d8123232006509795f25a9c5239cef7086fd424606a02c6185b7966f616c15473b0641460620fd24f472becf75637551ec24b01d646400d24f425f1ddfc2c84248ec24b01d646400ca12965578f8dea115999b644c133e0fe4424606a02c2163cc537b806355269588ade068c720c8486fc425747305cc185b9d9b143b096c0719e98db88455f5cd7c0b11b0619091de884be80d042589e75d762b3363c287812d2123bd1197d0e67056f8eb391626d656d6c3f3c2e7815cc8486fc425648cf91a5af8162e8c0e889d04b6838c74455fc2ea83ed7c0be711b0519091aee84be86f6ce37b99d6faf25c626d45f83c900b19e98abe84b2d5e63bd0cab7163b5a6320235dd197903156d7dac5b73074f71a2ecb300632d28f394a78e818df49f08dd5a5e5a911e1f3402e64a41f5394d0e1aaf0f29e7f9bbcfd99d861604bc8483fa6282163aca1bd976fe1d2e4bd78147ffa1b0119e9c42c250cb4f7c8561bc7424dd3266f7f2a7c1ec8858c746296125aed65f56dc7f8d64e0d5ca57d3e678940463a314b0919634ddd8ff22d5495ecf067ef891d06b6848cf460a2127a1b5a2aab037c6b67876f4717a6c5ce03b990911e4c5442c6584bdf19dea5dabd4fdf15390a6c03190967ae1236b4f7f23d6d9631b632333e3d7443ec3c900b190967ae124a16b9a5ef2cf7f2c18fdfdec0e32e75868c843357091963cdc71e7394bbf9d62a99f4edf7ff4753f1ce747d2123b14c57428b6c6d3bf13deee5d1c5e9e1ab1f089c07722123b14c5742c65863d7a3bc4f5f678cb1f1fe8fe7866f0b9c0772212381cc58428b2c779e79967bb9a669773e7c7339848b8675848c043263091963b5c123d5cd9c777333c65445e9bf74218a8740eb09198962d21232c6bacfbdc077a5e2262593befece7fac2fcf091c09be05190961de12ba3cfec3277f90cf1632c9f8e7bffc97c589215123c1b7202321cc5b42c658b0efb4a7ae299f2d289974ffbb3f9ff8f20fa246826f4146f933750925c9d2fbd44fac76473e1bd1346de8cac581cb6fe1ddb17a4046f933750919632e8fbffbdc8bf96f2774f7da1ffefb1fc3d3a3f96fca18f168389b4e524fb127c8284f662f2163aca1a3afb1eb44fedb8947c3d77ef56f0397df32f93f6e259b19fefcfd2bfff50f9954827a96bd4246f9e07998a4f1bacfbd105b598ccce7ff82112d74f7dae2c450ebc3e79a8e9ecce7cc9e1e544599b977f3c1b5df256311ea59f60d197193cebffa9aa86de92a155fffeccd7f4ac6a2a236687796b7f49d6d3ef6789e7fcf08a164d2a1c16be3fd9fe4f90bd6043b8f3ff78aa8a9f60b19ed456e46055342c6d87a78fe8bb7fe55ec419acde13cd0f948a0bd87fb0560795a9d9d981eba3137725bc9a4f3df1a6d091932da83c22e21636c7576e2fadbffaec7393497c71768ef0d1ceea9e47a03d1bea84a7665666c71e2ded2c490d8c79091979021a3dd147c0919634b13f7fa7f734155f4ba17c6eeacf0060e7a03416fc341774da34596856c36198b4617a7a30bd3918550646e42a773f166282143463bcacda8304ecc7c534db0f3e1677ed67fe982aa64f5d87e3a115b18bbbb307697316691ad2e8fcfe9f6b9dc5ea7dbe772fb1ce56ed96a936d76d96a976d36d96a63924555b29aaaa88aa22ad94c329e4ec6d3898d4c7223195b8b4797e3d1f046c4a0ef1b64d914a73190d10e72332abc4fc24de1d0839b977e2ee418bd6804da7bbacfbd687338a907f92364946bcb8c0ab5848cb1b5a5991b175f4f6dac530f42cf6a77749dfde181238f500ff26dc8e86b3b6454c025648c2563911b17df28f1cbf0abea9b7b7ef0b2cbe3a71e646bc888ed965161979031a664d203bfffbfd9fbb7a807216091adad8f9c6b3bf1a46431f5954fc868e78c0abe849ba606ae0e7d7251a7d300e65413ecec3afbbc693f007321a3ed1449091963b195853bbffd4574b1f89ff1ecf2f8bbce3e5f13eca41e64df90d1968aa7848c314d55476ffe7ef4fae562ddddca36fba1e3df6de93bcbf70679334046b98aaa849be2d195a12bef2c8e17d5cdda3687f360cf13c19e276c652eea59044046df548425dcb43c353cfcf97bd1c519ea41f2e57055047bcf98e42266b190d1a6a22de1a685d181916b1f16e8f9f10a5f6df3b1c71bbb4e98ed761eb19051919770533834327eebcad2e430631af52cbbb3dacb02ed3d8d478e53dd3440a294332a89126e8a47c3d383d767eef50bbce14d2049927c8d871a8f1caf3b74b4b83ffa76509a1995500937699a1a9e1e9d7ff0d5e2d8602a4e7f39956cb35737b5d5b674d5b674d99de5d4e39842a965547225fc9aa669d185d07268241c1a89cc4fe977df4d2ed966f7d436fa0eb45637b555d5374b163177e2149f12c9a8744bf84d4a36b3b634135d988e2e84d6c3f31b9165b1df62d9ca5c95feba4a7f7da53fe0a96baaacae9724535f686642459c114ab8054d53136bab1bab4b89f54832164dc6a2e9442c934a6452896c2aa164b39aaaa8aaa2a9aa2459248b45b25864abdd6a7758ed0e9bc3697755385c958e72b7b3a2cae5f1b93cfee2f872cf548a29a342bdf0425792647179fc05745966092aa68c705004400c2504208612021043090188a18400c45042006228210031941080184a08400c2504208612021043090188a18400c45042006228210031941080184a08400c2504208612021043090188a18400c45042006228210031941080184a08400c2504208612021043090188a18400c45042006228210031941080184a08400c2504208612021043090188a18400c45042006228210031941080184a08400c2504208612021043090188a18400c45042006228210031941080184a08400c2504208612021043090188a18400c45042006228210031941080184a08400c2504208612021043090188a18400c45042006228210031941080184a08400c2504208612021043090188a18400c45042006228210031941080184a08400c2504208612021043090188a18400c45042006228210031941080d8ff03e532a49100e111bb0000000049454e44ae426082');

INSERT INTO store_users(user_id) VALUES('9ed97c5d-9cc4-4a1d-8ce2-847362748c4b');
INSERT INTO participants(id, tpe, did, name, logo)
  VALUES('9ed97c5d-9cc4-4a1d-8ce2-847362748c4b', 'verifier', NULL, 'Mitchell, Yu and Nunez', E'\\x89504e470d0a1a0a0000000d494844520000012c0000012c0802000000f61f19220000154849444154789ceddd597713679a07f02a6db6bccbb62cc9bbf1866d202110120301a73be9844cd221977335673e409ff91273d3e7cc6798abbe0fe94e875ea6330e10604212d280f77d97bcefb2b5d55c90e3185b96def751c94fa9eaffbbca31f596de80ffd2aba7de45bdf5bbdf2b00c0c7c6dd0100ab43080198218400cc1042006608210033841080194208c00c2104608610023043080198218400cc1042006608210033841080194208c00c2104608610023043080198218400cc1042006608210033841080194208c00c2104608610023043080198218400cc1042006608210033841080194208c00c2104608610023043080198218400cc1042006608210033841080194208c00c2104608610023043080198218400cc1042006608210033841080194208c00c2104608610023043080198218400cc1042006608210033841080194208c00c2104608610023043080198218400cc1042006608210033841080194208c00c2104608610023043080198218400cc10420066082100330777075e111c7dfef4ee1f74bce1a58fffadaaa953c71bb2d01289affffb3f23e11dbd6ee86d3c7bf9937f976d15dddbbdf787ff227443b5d9afffeb7f1495fb641b1a9c5e7f2126ff245c18fe27771774b0323baa6302c99cf905ed576f111a6a89785fef1dbdbbc36fe8d15f68ff2e8daf5f3ffc9664f2102e4e0e24e231ee5e646a61e41977177e56db79b9ccdf4068b83a373e3ffc93dedde1b4b13837dbf71da1617e5169eb95f70effc4e4218c45f6972607b97b91112d110f8df771f7e2807aeeddcf5495f26b3378ffcb58644ff70e31d1fa7a3fd7348dd0b2e3c62776a7ebf04f4c1e42c5481f2334cbd323d1bd5dee5efca2b832d070e12aa1e1feeed6c8e3bfebde1f16332fbedb08cd101a7a1bdafdcde78ffcd0fc215c9c1c88c7a2dcbda05b1835dc9b48ebdbefe71516131a4e3d7bb8b5bca07b7f4e59746f77e8d15f080d6d7647e7cd4f93fc3ce32e195d3c1ac9dd1169221e0f8d19672cfa33872bbfe3fac784869a96e8ebfd5c5128a338e3187a789736363973a9a7a0b4e2f8cfcd1f42259747a4cbd3c3c6fc1e15687bbda2b699d0706d616a76e007ddfb736a3642b3b3fd4f080d0b4a2b9a2fbf9bf48f2c11c2a5c9817834c2dd0b8a8511e33e62e9eaf9cc66b7131a0e7dfb55743fac7b7f4e81a6d1eb319d373fb5d9933f96b74408e3b1e8e2e400772fa425e2b1c509e376bbd0e36dba7883d03012de19267da76237d3f77f1b8bb38486bee673de86f693fed4122154727344ba343968ccb1e881e6377fed2ef6101acebc20fe36338a8477861ffd95d0d0ee7475def824c5055609e1f2d450ce8d480d58173dc2ee7076dcf82da16126e33a2ee47a4ccb95f7f28bca525c609510c663d1d0443f772f24c46351238f450ff8ce74563575101a6e846669334e58ac07a767fbbf27342c2af735bd7e3df5355609a1a228410317398e5b9a1ccc958feece1b9fda1d4e4243f2dccb53a6695a5fef1dda9395ae9edbaa2d4df9ca42215c9a3268b93f2923d7458f7097784e2abea716dddb1d7a7857f7fee86efaf9e3cda53942c3eaf68be53567d25e66a11026e2b1d0786e8c48736e8241d31b3d8565958486b3fddfaf07a774ef8f8e22e19d91c7947a8cc3957f566c4a838542a8284a30476aa48b133936d5ce66b777f6dc2635d5fa7aef685a42dffee86890fa54b3adfb83bc8222912b4d104255fcd2e599dc18914ad64525fe06b2a7b2ae35d07a81d07073697efad923ddfba38bf5e0d41c697e4f89b7a6fe7cb7e0c5391f427789477c32b131a7621e21bbfcca13a02cf0cb868e773e71b8f2080d871fff6d7f774bf7fe6448d312d47acccb055fa26f8e391f425555fd2d126fc0c62f782c4ef48b2f442e2af715551865db88bcc292962bef131ac6227b830ffeac7b7f3234fdecd1e6d23ca161ddb92ba5be3af1eb733e848aa2488d829667460d3e7151ea6d823602cc9ec6d7ae155706080de7879eaece8debde1fb248787bf8f1df080d5deec2f6ee0fa59a9821849e40437e51a9e0c55a221e1a7b91d5fe642216d95b9e1e11bf3ed0fa5af63a43a0da6c5d3db7695f53fb7aef6809a35468061f7c452b1fb45ffbc8995f20d5c40c215414d911a9716ba4a1b13ef1b1687165a0d0e3cd6a7f083c81c69a8e4b8486dbaba1c99f1ee8de1f82b585c9b9c11f090d3d81865af9ff777384506e54b6323b6aa80d230e93aa8b0664de7a4ed3d96b1f39f3dc848623dffd7d6f7b43f7fe4821d76354d5d6d5f319611460921096f9ebc5a7f36b8944d09023d2e87e586a2cea37d817c2032e7761db55b9ef452fc5a39181fb5feade1f29e43d381a5ebb4afb3e6c92102a92bf91c61c9186c65e6889b8e0c525de6ada2495d351d7f5965485f04070f4d9f28cc43b91bec8bb51e51596b4bef51bda8b9a27845223d2d5d931034e1d967a6b305a49e6085555bb7a249e951dd6df7b2711177d33d2d7e0833fd3ea311def7c4c7b46aa982984a555b54977d1494ad312c1b1e759ed8face8deeecaeca8f8f5467b38715c69554dddb9b7090d77d697279e7ea37b7fd25a9d9b981f7a4a685851d79ac97ba27942a8288abfe5e88e8e29186d1e6970f4b97881bed457eb2e29cf6a7f74d1d6fd81cb2d347ff288b1275f87b7d674ef4f0a5a22d1ffcd1d42439bddde956c2343893b64d2d868a4de8d56e7c6f777b7b3d71959927551438f450f38f3dc67af7f4468188f4507eefd51f7fea430f9cf6fb7568284864d176f66f8a0c8542194aa55689a161c35ca883412de5e9d159f2fa21ab62e7a5ccdd94be5354d8486a1f1fe535bcfb5bfb335fa1da51ee32ef134bff9ab0c5fdd54215414c52ff361181c35ca3cd2e0e80bf1e53c65fe7a77715936bba3b3ae9ecf541be537adffde17a7739ecfc0832f63917d4243f2ae0287992d8452e58ab5f9c9fd1d434cdecfe9f9a2691595fb1ad3edb392d4eec6ead8f7ffab7b7f8e589d1b5f209d1855d5d441db5fe708b385b0b8c22f7e18a5a6694103ec68b6bfbbb5363f217cb92a557f3288d62bef8bcfef3d6cfc87dedd8d15ddfb73404b24686727da1dcece1b19d5630e982d848ae40785119eda07479e896ffee7a99698ad6e1c76a7ab23e5de9b2749c463fddf7ca17b7f0e4cfef4607b354468d8fce6afdc25943d578f33650825be16ae2d4cb14f5694ab8b1afb197d0afee6f32976a14e61696a284b0b5ff67736479ffc0fa161a1c7db74f1a65edd3061080b3ddee20abff0e5cc35d2bded8db579d19d8e543527c7a207529cc790dac0fd3f6563d39d81fbc47a4cd7cddbb473389232610815c98f0bdeb5f6c1d167e213f63dd54d79059483010da2a0b4e2cca51e42c3f0d6fae877948fac145666c768fff481d6d72aea5a74ec894943d82611c2f5e04c786b3d6b7d49c34cf34545345f7e577c76e161134fefefac2de9d50d2d11a7cd8f71b8f23adea19ccd9882394358505a51e2ad16be9cad461ade5a5f0f8a9ebaacaa367fcbb9acf6e7149c745a6d5a5a22ded7fbb95edd98787a7f7b7591d0b0f5addfe41596e8d58d97cc1942457a44ca13c2e088c458b4bcb699360fd368bc0dedbe66cabbc9caecd8c2b00edf1df6b637469ffc83d0b0b832d0f0dad5cc3b7084894328f1a062233413de3cd5e9c22f99fb197d0a9d373eb13b5d8486e4a92dafdce4fe9f48e77ca85d3db75555ffc8983684ee92f2525fadf8f5a77f0e59787355fc8c3ed566f3933e3d8c29bfa8ace5ca7b8486fb3b9bb4499e0756664668f5f0dacecb9e4063262f7d12d38650915c6a70fa6736498d812b6a5b64f7f032b8a6d7af8bcf6d3a8cbcdc415194443cde477af4efcc2f68bf7a8bf6a269993984fed60be2bbee6c2cce65757ad471726351997a6f4e506df62ed2f115e489668aa24c3cbd472bb1b6777fe87217d25e342d3387d05d5c56e697d8e6e434cb33bb1b2be2bb3bab36bbef4c5756fbc3a2bce64c75fb4542c3b5f989b941e92322f6b6d7c7beff9af072a5bebadaae2b848682cc1c4245b2467a9a0f2aa4aa7c95f5adb41d048defecf58f1dae7c42c3c107d28725f5dfa3d4635455ee6009029387d0df725e7c44bab934bfb3be9cd5fe1cb06c5df488bc82a2b6ee0f080d23e16da9630397a787691350ebcf7797786b080dc5993c84f945a59e6a89438b4ea73cb3b3b6245e5ab0d91da61c8b1ea83fff36edb75cfc00dd443c4e5b8a417e8f9062f2102a867c6a2ff531e86d68a30dd87285aa128faf103f4a7ee2c76f68631cf268598af943e86f392f3ea0df5a09ea3841f124525197dab0234795f9ebebbade24345c0f4ecff43d497d4d786b8d568f21d78d64993f847905c59e6a898d86b2bda8626b2528be8ad46677f89a3ab3da1f8368bf7a8bf60c60e8e1ddd4278b0cdcfb23611914f9090a81f943a8483e64cbf688546abf536fe359daf4ae9c437e1a1edddb1d7a78f7a43f5d9a1a0a8df7136e4b9e4b40608910fa9bcf8b4ff9db5e0dd1f63b10649175f404b59d9769477fcff43d590f4e1fff39796b0cf2ac3a1a4b84d0e52e2caf6d16bf3e7b1f865bcb0be2df39ed0ea72e9b79e58e97c757107e27b5bede3bc7f7e9216f12459e5f4e6389102ad2bb3f65eb6ba1d49dab9a3a32dfd332b790d70a6d2ecd4d3f7f7cf827e1cdb5f11f7a09b722afb422b34a08fdcde7c4f79fdd595ba29d509796645dd4b4cfe85320af9a1d79fcd748f897730dfaef7d41a8c790d71c67c22a2174e61754d6b58a5f9f8d954d5273c4ed4e97b7e1acee7d303e872bafe33a65ff88e87e78f0c1572fff7b6972707162807013f2ee1b99b04a0815c90f966c9cd924351dc7d7d469b5b1e881401b7127a5b9c11fd7e62713f158ff3d4a3d86bc0f55862c1442df992ef16dea76d697c557390892fa74b5c233fa14a87b0a6a7dbd9f8f3ef9c7eec62ae145c93b3266c8422174e6b92ba446a4ba9667a476d070b8f2bd0d6d3abe7ace21efaebbb5121c7b42991f43de9b3873160aa122bdb249cf4d81a522ed3bd3c9f2966c283aee339f96dde9eab8a1f34686e2ac1542a95feedd8d958d45a149fa02e4f6f9b6d433fa93d81dcece1bbf3d9dd76abdf25e7e51d9e9bcd671d60aa1ec304faf11e9dac2b4f8fec2b2c36613ab6aea3c85e90ae493dbf462ad102a4c6beda56aad520524d3d3e514ced4ba7a6eab36cebf70cb85b04aa6f41fde5cdb0889ee907d322d38263116b5e633fa93b84b3ccd97333d8f3a859ab36f94d79cc9defd45582e84b20fc1339f47ba363f297efa9aeca4022b687ae36661596536eeec70e5b75ffb976cdc598ae542a8284aa04df61451d19dea4fb883c4174ba9e9751661b3676b695f5bf7877905fc270b58f1dfdbdbd8213e477e6f7b3de93219419aa6054725f61732f19e4e99a8a86bd5bd625ce2ada93fffb6bef7a4b16208ed0e6755a344cd2d9311e9eadcf8feee96e0c5b24bae2ca5e39d8f1dae3cbdee760a1b198ab3620815c90f9ce0e873f28854aa2e2ab5f8d86af20a4b5adf7a5fafbbd5765d29f5496c0c9d5516fd27f7369e157f5b953ad1fa304d4b48d545cdb7d7bdbe1a2e5c2bae0c647e1f97bbb0bdfbc3ccefa3178b86d0667754c96ca0445bd9b43a3b1609ef085e2cbb219505a936e2e68847b45ffbc850a7eb5834848af488f4d9f1dd13d2925bc22bb335a36579028db51d9778efa03beb86b0b2be5d7c5fd7fd9dadb5f909a9fb6b89445066df75cc171594c9e7985e9fa5fab26e086d76b9a38e646ba4cb3323a9f7c33c4c76bb7e2bcbe41b9d5edf2af565dd102a9223d2d0d873a911a9ec58d4686fcf4656db7585b0ca49b5d974acafeac8d221acac6f151fd8ecef6eafce8d0b5e9c88c717c7fbc47b8267f4525455251c11a1aa361d9f34eac8d221943d7c537c02daf2ccb0f8e979eee2b2327fbd7837c0642c1d42457a44fa42d3122257ca3da36f9138d61bccc7ea21aca86d113f872412de599d1d4b7b59221e933aff0075518bb37a08559b4d6abb659172cbd2d4702cb2277843774979a9af56bc03603e560fa122bbd67eec8596483322c551d820052154ca6b9ac4179545f776576647535c9088c716273016050908a1a2aa365ff379f1eb538f48172707e2d188e0ad0a4a2b4abcd5e22f0da684102a0aa1469a889ff4a75275512c9b0005217cc953dd247e1250743fbc3c3d92f48fe2b1a8d4392481167c210484505114455155d5df2233223d6165d3e2c480f8715c851eaf01e731c2e943087f2635225d1cef4fc4938c4825eba2188b82a22084073c8106f18dd0a3fbe1e5e9e1233f8c4723cb5343e2af888713f01242784072447aec432f34d12f3e162d2af71595fbc45f0e4c0c21fc85dc88746220118f1dfe89d419a0a88bc20184f01765fe7af1556ab1c8ded2a1c1672cb2b7347574809a02eaa27000217c855f261b879fda87c6fb8f7c30a6505c1928f478e57a06e68510be42aa62b938f14bf05017053284f015a5553505a5158217c7a391a5c9414551a2fbe19599e48fef93425d140e43088f924ac8cb0fc0d0785fd2c7864949e51cac00213c4a6e443a39188f45e5d6d1632c0aaf42088f92aa9ac4a391f9c11f97a5c6a2a88bc2ab10c224a47232f8ed576997f91e28f5d511f6ea0373430893903ab05a7c270b0575514806214ca2b8c29f9d39656aa05562661c580442985c369e227802f5e273c4c13a10c2e4b2316ec4581492420893d37dc5adecba61b00e84f044fa3e4bf054378aefa0019682109e48dfd546fe168c45213984f04405a51525de1a5d6e85b128a48010a6a2578db4bce68cf8fec2603508612a7a851075514801214c4597d35a64cf9c01ab4108d3c8fc43aca2a659fcf435b02084308d406ba62778624f27480d214c23bf28a3b3ac654fe4060b4208d30bb4d1cb3395752dcefc021d3b03e68310a617c8e04c796c2703692184e9e5159678aa1b090d6d767b15c6a2900e4228845623adac6b73e6b975ef0c988c83bb03b9a1e14277c3856eee5e8039e1931080194208c00c2104608610023043080198218400cc1042006608210033841080194208c00c2104608610023043080198218400cc1042006608210033841080194208c00c2104608610023043080198218400cc1042006608210033841080194208c00c210460a6defaddefb9fb006069f82404608610023043080198218400cc1042006608210033841080194208c00c2104608610023043080198218400cc1042006608210033841080194208c00c2104608610023043080198218400cc1042006608210033841080194208c00c2104608610023043080198218400cc1042006608210033841080194208c00c2104608610023043080198218400cc1042006608210033841080194208c00c2104608610023043080198218400cc1042006608210033841080194208c00c2104608610023043080198218400cc1042006608210033841080194208c00c2104608610023043080198218400cc1042006608210033841080194208c00c2104608610023043080198218400cc1042006608210033841080194208c00c2104608610023043080198218400cc1042006608210033841080194208c00c2104608610023043080198fd3f074ab597eb5597e70000000049454e44ae426082');

INSERT INTO store_users(user_id) VALUES('d92e7599-2424-4500-bcd0-04734abb2c6d');
INSERT INTO participants(id, tpe, did, name, logo)
  VALUES('d92e7599-2424-4500-bcd0-04734abb2c6d', 'verifier', NULL, '-', E'\\x89504e470d0a1a0a0000000d494844520000012c0000012c0802000000f61f19220000104f49444154789cedddf96f9bf77dc0f1efc3878748510729d13a2dc9ba6cf9905d5b4ee02348e264eddca46dd215591b0cdd8076c70f6b86fd19fd691830a018d0feb60569d7753002b469b31c73e35cb661cbb765cb926cc9baa98b1229917cb81f3cb85ed2c4fc4afaf2f3907abf7e4bf0fd8a1f037efba1c8e7b04efee8c70a801c8ff400c056478480302204841121208c080161440808234240181102c2881010468480302204841121208c080161440808234240181102c2881010468480302204841121208c080161440808234240181102c2881010468480302204841121208c080161440808234240181102c2881010468480302204841121208c080161440808234240181102c2881010468480302204841121208c080161440808234240181102c2881010468480302204841121208c080161440808234240181102c2881010468480302204841121208c080161440808234240181102c2881010468480302204841121208c080161440808234240181102c2881010468480302204841121208c080161440808234240181102c2881010468480302204841121208c080161440808234240181102c2881010468480302204841121208c080161440808234240181102c2881010468480302204841121208c080161440808234240181102c28810104684803022048479a507c8cbf2dcf49937fe399b496bed0a55458ffef96bbe407083af3e71fbf285dffc5b9e8b9b7a0ef53effca065f115b4a111c09738ed3ffbb37740bb4bdbe835ffffec60b044c2b82086f9f7d67616a5477d79e675faea86d30310fb0b9dc1ee1c2e4e8e0b977757735f5f435ed3a64621e60d3b93a42279be97ffb8d9ce368ed0a47b7ed79e6253313019bcfd511de39fffef2dcb4d6168f6defffeaf76cafcfd048c0a6736f84c9a5b93be7dfd7ddd5f5e4572b638d06c6014c716f84d74fbfa9fb8968a4a16dc7c1a70dcd0318e2d20867ee0e4cdeb9aab5c5637bf73df71dcbb20c8d0418e2c6089d6cf6daff9cd2ddd5f9c473e59198897900a3dc18e1e8b54f97e767b4b684a375ed079f31330e6096eb2274b299c173efe9eedaf3cc4b96c7757f16201faefb8b7befead95462416b4b63f7816853bba17900d3dc15a193cddc39af7718f4d8de9dc74e1a9a072800774578efca27ba87c1b603c7cbc2d566c6010ac14511e672ced085d35a5b7c65a18ebe670dcd0314868b229c1ebe915c9ad7dab2e3c0535e7f9999718002715184772f7facb5de57166add7fccd03040c1b825c2e4627ce6ee80d696b6fdc7bcfe80a1798082714b8477af7c92cbe5f25fefb1bd2dfb8e989b072818574498cb39a3d7ce696d69da75d01f2c37340f5048ae88303e36b4964c686d69ed3d6a6818a0c05c11a1ee05135575cddc3f0625c31d110eea45b87df7138626010a4f3ec285c9d154623efff596c7aeefea35360e5068f211eabe178db5747337519412f908674707b5d6d777ee33340920423842279b599c1ed3d961c5da769a9a0690201ce1c2d49893cde4bfbeaaaed91f0c9b9b07283ce108e7c747b4d6d73477189a0490221ce1dc845e84d1c61d862601a40847b834735f6b7d7543aba14900299211e61c47eb02c25055942f27507a24234c2ecd693deca5a296fbdba3044946b8b218d75a1f8ed6199a0410241ae1c2acd6fa5055d4d0248020c908539a7794095512214a90648499b594d6fa40a8c2d0248020d108d37a4f3ee3527a9424c908b3e935adf5de0077374409928d7035ffc596e5b12cf96b3e804d271aa1ce83783db66d6e124050d11c5bb46e88081411c9083db637ffc55ae7d600454436428d7798b99ca314074394a0a239122aa5b29a5f690045a198224caf260d4d0208928cd0a7f9bd1f11a2244946a87bb798b5e4b2a1490041c514a1ee09df4051108d30a4772e687269ced0248020c90875af8a585924429420c9084355355aeb75ef0a051405e123a1d7aff10169223ec57933283dc2e78e96476af35fec64338b33e3e68601444847581dd35a1fd77c7a0ce07ec21156c6f4ee62383b7adbd0248014e108230d6d5aeb67476f73de0c4a8cf891b049eb0c52279bd57da828e072c2117a6cbbaaae596bcbbd2b9f1a1a0610217f657dedf62eadf5f31323f39acf7202dc4c3ec2ba8ebdba5b6e7df2df26260144c847585153af7beaccccdd81a9a1eb86e6010a4c3e42a554bdfec1f0eafbff954ead9818e633c66ff55ffffd9b0578216c59ae88b079f761a52cad2da9c442ffdb3f377a0bb6f989bb9ffcea5f2fbef57a2ab160ee5500bd1b4c18521e89d5b674cddc1dd0da353d7ce3f23bbfec7dfe3bba013fd6c2e4bddb9fbe3335cc3b5e14822b22544ab5ed3fa61ba1526aecfa3927b3b6eff9576caf6fe33338d9cce4e095e1fe33f3137737fed3803cb925c258dbce8a9afaa5d909dd8de3b72e25e2537b4f7cbbba7e9d8fb3cf39d9f8fde1fb372f4cdcbeacfba02860e3dc12a152d6aee32f9c3df5b375ec5c9a9df8e83f7ed2d0d5db76e078757d4b7e9b7289f8d4dcf8c8ccc8c0ccbd5bb40741ee8950d5b674c75a774e8fdc5cd7eedcf8adfef15bfde1685dac7567a4714738ba2d581179707f61279b492516528985e5b9e9a5f864223eb930394a7870091745a894da75fcc5d9d141279b59f74f48c42713f1c9a10ba71ffca7c7f67a6c2fbdc1cd5cf115c543e1e8b69ea75edcc41fe864331408977357844aa9967d47eada774b4f01148eeb22544aed7bfe9570b44e7a0aa040dc18a12f103cfcad1f042b22d2830085e0c608955265e1aac32ffdb02c5c253d08609c4b23544a9557d71e7de5efabb6e95df2bbe92ccbd2bd110ea0c5bd112aa502e5954ffed9df3574ef971a60db8eddc75ffdc78ebe135203602b70d7f7849f677b7d07bef66a5dfbdeeba74fadae240af3a29665d575ecede87bb632d6a4944ac4a70af3bad89adc1ee1030d5dbdb52d5d031fbd357aedac93cd9a7b21afbfaca9e7506befd1f26a8dbb12031b511c112aa57c81e09e675eeee83b3174e1f4bdab9f66d36b9bf8c32dcb8a34ee68da75b0a1fbc0a65c9001e4af68227ca02c5cd5f3d437ba9efc9389c12be303fdb3a3b737f2740a8f6d471adbb7edd855dfb18f4f6221a5c8227cc0eb2f6beee96beee95b4b2ec7c706e7c647e6c64716a7efe79cc7bf53f5fa0395b1c648435ba4a12ddad46efbfc051818f8124519e143fe60797d676f7d67af522ae738c9a5f9e4623cb934974a2c64d2abd974dac9a41d271b28af0886ab8395d18a9aba606564d3afc40736a2b8237c94e5f184aaa2a1aaa8f420801e577f4f086c05440808234240181102c2881010468480302204841121208c080161440808234240181102c2881010267615453ab592cda4f35feff507bcfe3273f30052c422ec7ffbe7d3c337f25fdf7de46bdcf50c2549eceda8ee83e0435535862601648945b8babca8b59e0851aa642274b299b5e4b2d6162244a992893095d03b0cfa02415f2068681840964c84abcbbabf1072e718942ca923219fca00ffa738de8e12214a985084da6f478910258b232120ac387e270c56f2c10c4a56117c3aeab16d9ed682122612612eb5bc94ffea6065d4b2787a044a964084ab2b897c1e9ff410bf10a2b40944b8a6f9d4eb40306c68923ce572b9fc175b3cf2099a24de8e6abeb774740e9b2638d94cfe8b2ddb3637094a9240841e5bef2246a30fa9cf6f008d086d9ba76d434f5144a87101be095a117a381242531144b8965c313449de03685c75a5fba7030422f46a3e267e2da9f741cea64ba73422b435ff74804084b6cf6f7b357e71128f70754523427f48f8b35c141d99336602e515f92fceacadca76b8b2309bff62f12f54507484220c556aad5f9e9b3134493ef422d4f9f70550457124544a25e6a60c4df258ab2b89cc5a2afff57e8e84d02413a1ee5511f313770d4df2580b93f7f25fecb1bd8172bd833c201361454d9dd6fab9f16133833cdebc4e84e59118e79a43975484f55aeb97e7a6752f41dc2cf1b13bf92f0e47b7999b04a54a26c270b44ef7883179e7aaa161be443ab5323f3e92fffa7054ef080f28a9083db6b73ca277d098b87dd9d0305f626af8462ee7e4bfbeb2b6d1dc30285562b7c1af69eed05a1f1fbb938817fa33d2d16b6775965b91c6364393a084c945b8bd5377cbc8a5332626f922cbf3335abf1056d4d6739b70ac835884d1a676cbd27bf5d16be7928b7386e6f9bcc1b3ef6aad8f36b51b9a04a54d2c425f20585ddfa2b5c5c9666e7ef41b43f37c46223e75ffe605ad2db1966e43c3a0b4493e2ebb71d75774b78c0ff44f0e5e3131ccff97bbf2deafb43e92f195856a5bbacc0d84122619614367ef3a2e81bdfcee7f2697e60d8cf30743173e98bb3fa4b5a5be63afe5e1725eac876484beb250acad4777573ab572f6d44f751f6f98bfe9919b37cffc5a775743f70103b3604b908c5029d5b6ffd83a762dcf4d9f3df55313e7d0c4c7ee5c7cebdfb5de882aa5ca23b19a663e95c13a0947186d6a5fdf776b8bd3f73ffcc5bfcc4f689ccef258e303fd674ffd2cb3b6aabbb1fde0d38a3b1d62bd8423544a751e7e6e7d1b5797173ffee54fae9f7e731dd97c467a3579e9ed5f5cfcedeb5af7747a20505ed9b8f3e00607c056267f57a2da96ee6853bbd6d7e20fe572b9e1fe0fc66e9c6fdd7fac65df9180fead25d2abc9bb973e1cbaf0fbf46a721d0328a53afa9ee50e6bd808ebe48f7e2c3d835a9e9ff9e0f57f5ac751e85196e5893677d477ec8934b4856beabffc04f15462217e7f6872f0ead4d0b58dbc6e456dc3b1efbea67bd601f028f923a152aabcbab6f3f073031fff76233f24977366efdd9abd774b2965fbfca1aa9a50652410aab47d3e8fd7af724e26bd96594b2517e3cbf3b3abcb7a0f48fc02d69e675ea6406c902b22544ab51f7a7a6af8fa665d419f4daf2dcd8c2fcd8c6fca4ffb22adfb8f461a5a8dbe04b602b7fc2b6e79ec832f7cbf889e43585ddfb2ebd80bd253a014b82542a554205471e8c5bfd4ba25a9147fb0fc2b27ff82cf63b0295c14a152aa32d674e8c5bf72f94dac7d8160df377f5044076db89cbb22544ad56cef3cfcad1f7afd65d283fc71be40f0f04b7f5db5ad497a10940ed745a8948a34b43ef9edbfd5bd2d62019485ab9f78f96f28109bcb8d112aa52a638dc7bff70f0d5dfba507f9839aed5dc7befb5a658cbbc86093b9e52b8acff3facb0efce9abb5addd37cffcdadc3513f9f0d8decec327dafb4e704f5198e0de081f68eee9abefd83b78eebde18b1f6cf0949af5a96bdfddf3d437839591c2bf34b608b747a894f2facb761e3dd9b2efc8c8a50f47af9d4da70af3cc502bd6b6b3fde0d3dc3906a6b9e2dcd1fc39d9ccfd818b63d7cfcf8d0fe71cbdabfef2140885eb3bf7b5f61e2b8fc44cfc7ce0338ae048f8288fed6deee96beee94baf26a7476e4e0d5d9bbb3f924acc6ff0c75a96551ed956dbd25ddfb1a7baa18ddffd50484516e143be40b0b1fb4063f701a5d45a7279616a74717a6c657e3699584825e65389856c7aed8bf6da5e5f59b8aaac2212aca80e47625575dbabb635bbfc0c0194b0628df051fe6079ac7567ac75e7a3ffd3c966b299b493c9643369279bb13c1edbebb3bd3e8fd7571467c661eb288508ff288fedf5d85e15909e03781c977e590f6c1d440808234240181102c2881010468480302204841121208c080161440808234240181102c2881010468480302204841121208c080161440808234240181102c2881010468480302204841121208c080161440808234240181102c2881010468480302204841121208c080161440808234240181102c2fe1706e9358c103b9add0000000049454e44ae426082');

INSERT INTO store_users(user_id) VALUES('0573ae1e-ece8-4c43-86ee-210d350c7339');
INSERT INTO participants(id, tpe, did, name, logo)
  VALUES('0573ae1e-ece8-4c43-86ee-210d350c7339', 'verifier', NULL, '-', E'\\x89504e470d0a1a0a0000000d494844520000012c0000012c0802000000f61f1922000012dc49444154789cedddeb6f5be77dc0f187579112294a944cdd68dd2c5bb662f996b8766ecbda64cdb2b44857245d8add306018b0172986fd0d7bd3f703fa2a1b866e435124039ab5d9d22269e22c8d13db721cc557d992ad9b2551374a22c53bf742a99338b2fd3c240f7f14f9fdbc6bf11c9d2745bf3987e7f21cdb73affc58019063979e0050eb881010468480302204841121208c080161440808234240181102c2881010468480302204841121208c080161440808234240181102c2881010468480302204841121208c080161440808234240181102c2881010468480302204841121208c080161440808234240181102c2881010468480302204841121208c080161440808234240181102c2881010468480302204841121208c080161440808234240181102c29cd213b05c32befeceabffa439b873f0e8e16fbf6ce97c80bb702404841121208c080161440808234240181102c2881010468480302204841121208c080161440808234240181102c2881010468480302204841121208c080161440808234240181102c2881010468480302204841121208c080161440808234240181102c2881010468480302204841121208c080161440808234240181102c2881010468480302204841121208c080161440808234240181102c2881010468480302204841121208c080161440808234240181102c28810104684803022048439a52750b86c3a95d8882636a2a9442c974967b3995c269dcfe5ef1a964927f5ffe6c6f2c2c4c8a9e2e7e6f1053af61d2efeefa016eca408d389f8d2f4f5d5f9e9b5c8ecfae26c6a3356f25dac4566d62233c5ff9de68e5e2284a61d10616a7363e6f2b9f9f18bab7353f97c4e7a3a4089557484d185e98991f7e66e5ccce7b2d27301ac52a111c6a34bd73efcdfdb63a34addfd1b0fa8329518e1ad4f7f77f58337b399b4f4448072a8ac0833a9e4276ffd67e4e615e98900e553411126e31b67df78752d322b3d11a0ac2a25c27422fed1eb3f89ad2e4a4f0428b78a78622697cd9cfbd5bf51206a53454478e9bd5facccde949e0520433ec2c5c96b53173f969e05204638c26c3a35faf66bb2730064095f98b9f5e9ef121bd1c2b6757b1b026dbb1b5b3b3dfe405dbddfe174d91ddbfce3a413f191377faaf9375b76ef1d38feadc2e6f3654eb7a7f83f821a21196126951c1f79cf742ba7dbd375e0e1aec1a381b6b052b6078e4fc6d7f5ff785dbd2fd8d56f3a25a01892114e5f3e934ec4f5c7dbecf6de234f0c1c7f9ae30caa89688497ceea0ff6f802479ffb8ba6f66eebe60388108b702d32b3be785b73b0b73178e2fb7fe7f5375b3a254084d8d5d1b91b1735473add9e47befb3714886a2516e1d2d498e6c8034f7ec7170c593a1940904c84e9e466747e5a6764a02d1c1e7aa4b8bd3df80a2a204826c2e8c2b4e6421503c79f2eb222bbc3a13f3897c914b32fa00032116a5e92a96bf0efeadd5fe4be1c4e97fee06c2655e4ee00535211cee90c6b1f3864b3153b43bbc369b3e91e4b799d1fe52713616c35a233ac75f7404976b7ede36cdb2242949f4c84c9d89aceb0a6f69e92ecceae7d469a2342949d4884799de739dd5e9fdbdb5092fde9ff2ce43721ca4f20c2746233977df03aa2f58160a9f6e8aaf36a8eb462556fe0fe0422cca4b58e3675f5fe52edd1adfda732a964566f7a40a9084498cb6add8b736a1fbe1ea8aedea73fd8e8d527a0781211ea5dfc30bac97e7f6611ea5d34024a4520c27cbedc2bdbeb9f8e2aa512318e84282b8108350f719954a2547bacf3722444e5128950ebd6792665f071cffbf3f802fa83e351963f4559557284253b12d637b5e80fde58d17a9a07281581085d9e7a9d61f1e852a9f6e8f135e93fb9162342949740840ea7cbe1723f705832b69e8c6f94648f369bad3ea07b304c6c444b78260c3c90ccb3a39a37e24bf2f9f82d0d2667a49acf9703252113a1b7516bc198e5e91ba5da637d53abfe60ce48514e3211fa826d3ac366ae8e68be80ff400d4dbbf40747174a7604061e482a42ad859b92b1f5c55bd74ab2c7c65d5dfa8357e7264bb25340874c8401ed24c63efa4d490e86fe96769b5df739b8b5c84c3ef7e0f73c80929089b031d4e574d7e98c8c2e4c4f9c7fbff83dda1d0e7f8bd639b0522a97cdac45741726068a2413a1cd666feeecd31c3c76fad74ba5b842130885f507afce73468a32115bfc37d47b4073642e9b39fbc6bfcc8f5f2a728f8d217e16a2128945d83e306cb3ebee3d97cd9c7ff3a79fbdf37ac11f33548647c2e599f18277041811fb208cdbdbb0ab7b70e1e665cdf1f97c6eeae2c7b357cf77ec3bb2ab77b0253ca0bf68c596c6d60e87cbadf9e27c6223bab13caf792b052886e4a7d17a8f3ea91fe1966c263d7de9ccf4a533369bdde36b74791adcde06a7eb8b6b3c03279ef1b7b46fbbadcdee68eee85d9cd4bde7b138798d0851069211b684f734b57717f6eb2b9fcf6daeaf6eaeafdef5df770f9f50f788706b8ffa11466e5deb3df2640173038c88fd26dc32f8d873e5dc9dd1a7b05766273497c3018a211c61b0abbf6bffb1b2ed2e100a6bde9f544a6533e9e5d9094be70328f1089552fb9ff88ec7d7549e7dd9ecf6e68e5efdf10b45df17011e483e42b7b7e1d8f37fa5ffd26d915abbf7e90f9ebb3e5afe65a9506be423544a05425d479efda1feb39dc508f50de90f4ec6d757382385c52a2242a554db9e83c7fee42fcb703cac0f048d6e3cdc1ebb60dd64005539112aa5427d074ebef8f7dec6927d82e25edafa0d0e8673d73f2bd53b8dc0b62a2842a55420147efce51f85878eeb7fd6b3004667a4a9cd8de519ce4861a1ca8a5029e5aaf30e3ffde2a33f78a575f75e8b76d1d4bedbe86b333357462c9a09a02a30c22d8150d7f1effded937ffe8f3d871e2de1e7997ecf16323a231dbb50c2455081bb483eb6f640be60dbd053df1b7aea85d5b9a9c5a9b1e8fcf45a64a6981729eee8dc7764eab38f34076733e9d9abe7bb871f2d7ebfc0d7557484bf676b6aef6e6aefdefa0fd9746a737d35118ba613f15c2693cb6672b99c529fdfcd6b68d65abd26d8d5e7f5377dfdd1d37b99baf83111c2223b22c2af70b8dcbe604873a9a87bb375ec3b327eee5dcdd16b91d9e8fc74a0cde08d44405385fe262c03d36756a72eea9ebe02466a37425fb0ad7157a7fef8d96b9fa4939bd6cd0735ab7623548607c36c3a3539faa1759341cdaae9083b078f193d2877ebc207bc618892abe908ddde86f68161fdf1c9f80637ee5172351da152caf4c6c3c4f953776e87002551eb113677f4185d9e89ad441626cc16a702eeafd623544a751f3c69347efcdc7b16cd04b5890855e7e051a7dba33f7ee5f6cd95dbb7ac9b0f6a0d112a87cb1d3ef088d1261323ef5a3317d42222544aa9ee438f2a65f006e3fcf865bee68b522142a5946a686a6ded367a7d313f71fe9455b3418d21c2cff51c7acc68fccc9591647cdda2c9a0a610e1e776f5ee375ade2697cd4c7eca536c280122fc9ccd66eb31bc713f75e9e37c8e35a0502c22fc42f8a1e30ea74b7f7c32b63e3f71d1baf9a04610e1175c75deb63d078d36991c3d6dd164503b88f02bc243c78dc62f4ddd88ad2e5a3419d40822fc8a96707f7dc068f5e1fcd4671c0c511422bc8badcbf0e999992b235c9e413188f06ee1030f1badff9dda8c2d4e8d59371f543d22bc9bc7d7d462b8f8f7ecd5f3164d06b58008b7d1b9efb0d1f8f9f18bd94cdaa2c9a0ea11e136daf61c345a7b269b4e2d4cf04d5f148808b7e1747b76f5187cd05729357bf5136be682ea4784dbebd86b7646ba38798d3352148608b717ea1b327a842d97cd2c4d5db76e3ea86244b83d87cbddda3368b4c9c24d1680422188f09e427d078cc6476e5eb16826a86ef25f65faf4373fd73f86b4f50d0d3ff392a5f3b923d4bb5f299bfe2aa3898de85a64d668014540554284eb4bb7d389b8e66087cb6de964beccedf505dac2d1f929fd4d22b7ae12214cc99f8e6eaeade80fae6b68b46e265f17eadd6f347e6576c2a299a08a09479849258cbe37e6297384863f0b57e726f37916c98719e1088d0e834aa9ba06bf4533d996bfb5d3685de07472736369cebaf9a02a0947185f5b361a5fe6d3519bcdd6dcd96bb4c9caed9b964c05d56b871d09cb7c3aaa940a76f6198d5f99bd69cd4450b57652847687d3e5a9b76e32db0a769945188dcc58341354ab9d743a5ae61f845b02a1b0d1f36bf1e8522e9bb56e3ea83ed247c275832361f9cf45955236bbc3dfdaa13f3e9fcbc55616ac9b0faa8f7484157c93f00ea3089552ebcbf316cd04554932c274229e4925f4c74b45d8681821772960443242a3735125743aaacc8f84b11556228501c908cd6f120a5c98514af95bcc224cc4a216cd045549f44868fcb88ccc91d0e9ae73d579f5c72736d6ac9b0caacf4e8a50ea745429e5f137e90f4ec6d7788214fa76d6e9a858845e9308f3b95c6a73c3b2b9a0daec9823a1dde1343a272c2dafbfd9687c32c6477ca16bc75c1d153c0c2aa54c1f9763e535e8138b30b519cba653fae3057f102aa59c866ff4e78810dac422dc299746b7982eabc19110fae4225cdf193709b7389c4408ab8845988899dd4c933d1db5d9cdfe87ca653316cd04d5472c429bcd6cd76e6f834533d1611a95dde1b06826a83e62111a7df6482925fb355cf308e5d792c44e2116a1d19bb24afa04cff4371e1142df8e3912ca4698da8c198d2742e8933b121a5ef44f69afd26d05d3084def2ba29689455857ef331a9f8a4b3e8d69fa2ca8db6bf64f875a2618a1d92d87a4e823d1f1e84ebaab899d452c42777d83cd66d31f1f5f157b5d3d9fcfc7a34bfae39d6e0fbf09a14ff23ea1d1395b7c6d399f93594a30b1be62745988c3208c48be45e16d0cea0fcee7721b2b11eb26731fab265f47534ad59bfc73019211fa5bda8cc6afce4d5a3493d2eed71734fbe7428d938db0dd68bcd4b7569667c68dc6fb0cffe5821a2719a1e91163f1d6b5f2afdd92d8585d8bcc1a6de2e7480813921136eeea54cae0026932bebe3a77cbbaf96c6b7efc92d1789bddcee9288c4846e8f2d4fb5bcdce4867af9eb76832f7327de98cd1f84068b7e9c340a871c2dfa26809ef311a3f7365c468e5fc22adce4d9a9e8bb684fb2d9a0caa9578840346e3b3e9d4e4e8698b26f375d7cfbc6dba49d0f05f2b807084c1ae7ed3874b6e9cfdade9e3d48559b97d2b72f38ad1260e97bbb9a3d79ae9a06a0947e874d785fa868c36c9a412573ef89545f3b92397cd5efced7f996ed5d6ff90e97b928070844aa9aefd474d3799b97ceef6b50b564ce68e6ba7df5a37ffc259e7be2316cc05554e3ec25d3d83057c897ef49dd7ac7b8066e6cab98991f74cb7727b1b5abbf759311f5437f9086d7647f7c193a65b65d3a9b3fffdaf6b919992cf67eec6e8e8dbaf17b0e1ee83274d176503542544a894ea3df244013fa5d289f8e9d77e327763b48433b9f9c9fb9ffccf7f14f0ba86c3e9ea3dfc78096782da511111babd0de187be51c086d94cfafc9bff7ee1d73f2bfe7a696263f5cc2f5ebdfcfe2f0b7b322efcd037641765c4ce5529ef9eee79f89b3397cf6652c902b69dbd7a7e61e272f7f0c9de234fd4d51bbfcb97d8884e9c3f35397abae0b5a41c2e77ffb1a70adb16a89408eb1afcfb4e3e7be9d41b856d9e4925c6cfbd3b31722a18ded33130dcdcd9eb0b86eeff606a6c25b23c3b3137f6e9d2f4f5229f0bdf7be2db1e5fa098bf805a5629112aa5ba0f3d36736524ba305df05fc8e7734b53634b53634a29a7dbd3d0d4e2f507ddf53e87cbe570b872b96c369d4a25e29b6bcbb1d5c57489966ff3b776f06b10c5a8a0086d36dbf0332f7df8f37f2ec9d75432a944746126ba50facba75f667738879f7e898ba2284665fdbfc7dfd23efccc0fa46761e0a16ffe6920d4253d0bec6c9515a152aa63efa1fe87ff507a165aba874f860f3c223d0bec781517a1526af0b13fde5dd01d8b72ead87b78e80f5e909e05aa412546a894ede0b7bedf73e831e969dc53e7e0d1c3cfbecc4f419444055d98f92adbd0532fb83cf537cebc5dfe7565eeafe7f0e3079efcaed1cac5c07d546c844a29b5f7c41f3577f65e78eb67a69f82b088d35d37fcf48bed0387a42782aa52e92754adbbf73ef1c37f68eb377be7d00ac1aebec7feec47148892abe823e196ba06ffb1e7ff7a696aecf2fbbf2ce01dbfe279fd4d838f3fdfb197fc6009db73affc587a0ebaf2f9dced6b176e5ef8bfe87ce14fd51869686aed39fc7878e838efcbc33a3be0487887cd66ef1c3cda39787475eed6e4e8470b1397d2c94d2b766477385bbbf7751f3cb1ab77d0686554a0003b29c23b9ada7b9ada7bf2b9dcf2ccf8fcc4a5a5a9ebb19585e22fa27afdcdc1aefeb6fea1d6ee7dac1d8ab2d991116eb1d9ed2dbb075a760f28a5b2e9547461662d32bdb11249acaf6eaeaf2636a2f759a1d4ee707a7c01afbfc9e36baa6f6a0984c2815098170221620747f8650e973bd8d517eceafbf27f99cb66b399542e93c966d2b96cc6ee70d81d4e87d36577baf88d87ca5125116ecbee70d81d5e55273d0fe0be2afd3e2150f5881010468480302204841121208c080161440808234240181102c2881010468480302204841121208c080161440808234240181102c2881010468480302204841121208c080161440808234240181102c2881010468480302204841121208c080161440808234240181102c288101046848030220484fd3fb4bd49371fc357880000000049454e44ae426082');

INSERT INTO store_users(user_id) VALUES('5ff984a6-9f39-409f-8e9e-bcdac42c3b8a');
INSERT INTO participants(id, tpe, did, name, logo)
  VALUES('5ff984a6-9f39-409f-8e9e-bcdac42c3b8a', 'verifier', NULL, ',  and ', E'\\x89504e470d0a1a0a0000000d494844520000012c0000012c0802000000f61f192200001c2249444154789ceddde7731b677e07f05df446802008f606522c924551a2645bc596ef6c9f2deb9cc4579cf8e2d4499bb9cc257f475e24994999243399c964ee92f82e639f2fb9b3e372b26ccbaa54a1c4de1b08122ce8bd6c5e70a2f84e12b53f008be759e0fb79e799e7c1feccc157bbd8a789af7cef2f04006047c3ba00806a87100230861002308610023086100230861002308610023086100230861002308610023086100230861002308610023086100230861002308610023086100230861002308610023086100230861002308610023086100230861002308610023086100230861002308610023086100230861002308610023086100230861002308610023086100230861002308610023086100230861002308610023086100230861002308610023086100230861002308610023086100230a6635d4069645289c0fa6278db17d9de88ecf8e2a11d299f97dd5b34d91c76778bdddde26868ad6bedd6194c0ad60af08bd41dc2907f6d737e6c7b7536ecf74a9254e8c748c96830190dfa1727044110351a677397bb6ba0b977c85c535bba622b4d2e9b99bbfeb1ccc60693d5337c56d17ad44b95214c27a26b1323dea99bd15d7fc93f5ccae777bd0bbbde8599cbefd777f6770c9e6ce81a1004b1e41752bb5c26bd70f3a2ccc616870b217c14958530158f2cdcfc7475ec6a2e9b51fa5a92246d2d4d6d2d4dd9dd2dfd67ced7b7f72a7d45a84eaa09a194cfcddfbc387fe3423e972df3a5c35beb37defde7fa8ebec117be6db239ca7c75a878ea783b1ada5cfbe2adbf99bdfa61f91378dff6cacca57fff6bdfec5d560540a552c19d706de2c6d8273f96f239d685089954e2cefffc5b687375e099f3f89508a5c27908a5a94b3f5bbcfd39eb327ec1e2edcfd289e8e00baf8b1a753c4700e7b8fe1a8d5ffc096f09dce39dba35fad10f5957011582df10ce5cf960e5de15d6553c926fe6ceecb58f5857019580d310aecfdc991fb9c0ba8ac798bbfef1e6fc18eb2a40f5780c613cb43bfec98f595721cbd827efa41331d65580ba71184269f4c3b7b2e924eb3264492762139ffe847515a06edcbd1d5d9fbe13dc582efe73b43afdde9c6c8ba3de6473e84d16ad4eafd16a73d94c2e9b494543894830bced0b6eaca462e1622ee49b1ded1c3aed6cee2abe66a84e7c85309fcbce5cf9a0984fd0eaf44d078e34f70db9da7a345a59ff77e1ad75dfece8eaf8f54c325ed84567af7df4d46b7f54585f00be42b83a7e23110914d657a3d5750e9de939fe15bdc942eab877c33cf0d48b4b772ecd8f5cc865d2d44befacce05d6179d2d1e6a470081b710163c26e168681d7ae93b56a7bbe04b6b75fa9e135f6de91bbaf5de0fc25b5e6af7e57b571042280c472f6676d6e6a3bb9b05746cea193cf9edef1693c0fbccf6ba53af7fd7dd3540edb8393f9e49258a2f00aa104721f44edd2ca05763f713475f7953e6cf3f39345addf0f9dfae6bed26f5cae7b2be99d152d50055859710ee2ddea3f6aa71350dbdfc1d512cf15c6a8d5677f4dc9b464b0da9d7e6c27869cb802ac14b08831b2bd4516f51d40cbef8eb5a9d5e897a8c16dbc1675f257509ac2f325c6905eac54b08b75766a85d5a07861d0dad4a14b3a7b9ef686d5387fcf6b96c26e02bc10827541b5e4218da5c25f6107b9e7c419152bea4fbf85748ed77bd0bca1402958c971086b7d649ed5ded072c8e3a858ab9afc17390f4cb30b2ed53ae18a8545c8430158ba4e211529796be21858af93251d434f51e91df3eb28310021917218c05b7a85dea3bfa94a8e4416eca85e2a14001136ea0ca7111c26434446a6fb63bcbb6eb99b3a58b320422153ced0eaa962a4358e36a56a89207e90c26b39df0e33359dc9a0ca8427c8490f8c52dc90c35f96c758df21b17b9300aaa101721a42ee13559ed0a55f25066bb537ee3548cf68609808b10e6897bda1b2c36852a792823e572d94c4ab94aa022711142eac112dad24dd796c360b2ca6f9ccf62e61ad07011c27c8eb6bbb64699f9a28fbe1c21f3f99ce227d54085e122849224ff404f06345a42e673b81302111721e41c69a914e7ffa00087104200c6104200c6b8d8e8a9f7e9973a8f9c96df5ed165840065c645089dcd9dac4b0060068fa3008c2184008c2184008c2184008c2184008c2184008c2184008c2184008c2184008c2184008c2184008c2184008c2184008c2184008c2184008c2184008c2184008c2184008c71b1bd0528279fcbc643bbe94434974967336941ca1b2c35464b8dd15aa3379a595707828010561e299f0b6eaeed7a1776bd0bd1ddcd64342c08d2435bea8d665b5da3adaec1e66a743675d9ddcda2465be66a4140082b4978cbbb3679d33773279d88c9699f492502bea5806f69ef3fb53abda3b1ddddd9dfe039483a0d0e8a549921cc6533f1d04e3a1ec96632b96c3a974ee5721993d56171b8acb5f55abd8175812516dc5899b9fac1ceea5c311f92cb66f6ee9fd397dfb7385ccdbd436d874e581cae5215098f5221214cc5c23bde855def422ce08f057752b1c8a39ec10441305a6a2cb5f5f6fa66678ba7aec563b4d694b3d4d24a2762139fbeeb9bbd5bda8f8d8776e6472ecc8f5ca86bedee183cd974605014f10e4f29ea0e617063657dfad6f6ea5c2cb025bf572a1e49c52381f5c5e5bb970541b0385cce164f7d476fa3e790ba6e925bcbd3f73efecf545cc16349f7ee8d1687cb337cb6ede0094d790fa5ab12aafc9ba61331efd4cdb58991e8ee66f19f160fedc4433bdec911ad4edfd07da8a5ef687d47bf46cbfb2b8a957b57263efd89243df2865f42f1d0cef8273f5e18b9d87ffa5c73df9020104ec881c7525908b3e9d4e2edcf166f7f96cba44bfee1b96cc63733ea9b19d51bcdad074f788e3d6bb2394a7e959298bbfef1ecb58fca7cd1442470e783ff581afde2d073bfe668682bf3d52b986a422849f995bb57e66efc5ce6abbf62645289a53b9fafdcbbdcd23fdc3dfc9cd297a35ab977a5fc09bc2fb8b172e5477fef193e4b3a3e04f6a18e10262281d10fdebaff32bd3cf2b9dcdac40defe488d5d950ceebee6f6b797ae2d3ff625b8324e5176e5ef4cd8eb22da362a82084bed9d1b10bef64d34926579724a924bf3c4b229d888e7ef81627e79026c201d6255408de433873e583f9910bacabe0c5f827ef669271d6554089f11c4269fce24f56ee5d615d062f36172636e6efb1ae024a8fd3104a9274f7a31fae4fdf665d082f24499abdfa01eb2a40119c8670faf27b48e097f96647233b1b85f5d5eaf4ce168fb3b9d35aeb36586c5a9d3e934aa462e1542c9c8c86a3017f2ce04fc5a3a52d18e4e33184dea99b8bb73e635d055f166e5e2ca097d9eeec39f17c4bdfd1c7ce04caa41221ff5ad0b71cf02d077c4b4a0cc3c2a37017c2e0c6cad885775857c197e0c64a64db47ea228aa2e7d8d9de932fcb9cfaa3379aebdb7bebdb7b0541c8e772bbdef9cd8509ffe244321a2aa462a0e02b84b96c66f4c3ffc8e7b2c57f94ce607234b4da5c4d35758d7a934567306a75867432968a4752b1482212888776e2a1dd542c5cfcb594b63a7e9dd45ed468875efa8de6dea1c22ea7d16aeb3bfaea3bfa0e3df7abdbcb33abe3d7fc4b53529e8b71918ac4570867af7e180fed16f3095a9dbe6560b8a9e7705d6b8f9c9b4026190f6ffbc27eefeefa62c0b7c4e100403e97db98a32d92187cfe5b0527f0cb4451e3ee1a70770d24228185918b6b932325f9f7117e0947210cf9d796ee5c2ab8bbce60f41c3bdb79e4b4de6491df4b6fb2b8da7a5c6d3d9ee1b382200537563717c637e6ee16f96f410905d617b2e994fcf6ed4f3cd57af078696b30d7389ff8ea377a9e7c7ee6ea87dec99bfb2c138302f0134269ecc2db05cf057177f61f7efe9b265b6d713588b54d1db54d1dfda7cfedacce2d8d5ef62f4e14f78125e05f9a92dfd860b60e3cf375852a31d91c475e7cbdfd8927c72fbe4bfd8d0afbe025841bf363e1adf582ba8a03cf9cf71c3b5bd27244577bafabbd37bce59dfcfca7bbde85927e38cdd6f2b4fcc69ee1e774069372c50882e06cee3afdebdf9bbefcfed29d4bb825960427cba5a5b9eb3f2fa09b46ab3b76fecd5227f0ffd9ddad4f7ff38f7b4e3cafd0e73f5626958805b66536d66875ed4f3ca5683dff7721edc1675f1d3eff5b65b85635e022841bf363053dde8847bef61b4d3d83a52fe817af6277b7287c89470a6daecabfdb34761f2ae72e86ce164fd9ae55d9b808e1c2c8c5027a0d9c39dfdc7ba4d4b5f025b8b92abf7183e79072958072d88730b2ed0bf9d7a8bddc5d039e61a59e42f9417a4070b51d50ae12500efb10ae4edca076d19b2c832f7c5b896278130fedc86c69b23954bd6d5c35631cc27c2e57c044edfed3af182d55f185931fc29afa66452b01e5300ea17f71823a49c5ea74b71d3aa1503d5c4927a2f287e9b14baf7a310ee1e6c238b54bdfc997ab64235ad2e46973b113158019b6df66697b6586d4c16c7736f61c56a81ade90f69533980993f5802b2c4318daf452f72fec387c5214ab65e759d21f87346316b8c232845bcb845991822068b4dab6434f2a540c87d2494208b141bd7ab10c21f559d4d576c060b62a540c87b229c22e8f385a50bd988550cae7437e2fa94b63f7130a15c3a77c2e27bf71321254ac105016b310467636482b4445516ca8b610e6097f9fc80ed616a915b31052a7aad5d4371b2d36858ae113e94e18c6023fd5621742cad46441109ccd5dca14c231ca1267acb2552f867742da0f42674b973285f0cb5c5327bf713a1153c5a655f02066218c050967eb0a82e06cee54a8126ed5b869d341f144aa526c42984e4449dbcbea8de6a2f78f511f3b714e369e48558a4d08e52f0ed863ab6b54a8129e19cc36d26211dc09558a5508691b0ada5cd518424110483b6be04ea8522ab913f274566e39915609c6025bd89c578dd88430419cde61aea955a40eee917e164a523eb2c3cba1c2201f9b1066285393054130d91c0a55c239ea7a79cc9b5123566f4769abe9abf0d5e81eabd34d5a1e11d94208d587510829774251d418aa6cc2da7da2a8a9a1bc940a6f17b68b39b0c4ea71947027d4194dd5b390f74135f578415ae1988450ca2413f25b977357690e91decd6452896434a8582da0080621cca653a4d397f446654f38e11ce94e28084264bbc0a3ed8115062124add011044157e57742f20c52fc2c54192621a40d28ebf406852a51059dc164ae71ca6f8f9f85aac32084529e7627c4ee29a4d142cc20551d153c8e2284a47733f1e0762e9b51ae182839162124de09359aaad86f7b1fa4858592244531794d55f038aa0276e20b52bc9b5117263bc61247dea56a3f18dde2a8b3bb5be43f6452f73507b6188450a3a5ddd9a88faf95483cf3c69fb3ae0194c2e07194fa78491ad907501d0621d45043984308a192b10821f1715492f0380a954c058fa3b92cb66c804ac6e44e487b1b944d130e2702501d0621d4190ca4f3ae1142a86c4c26a3887a1361614486724c1f80eab09911465aa7cbfc4e489ce253bd9b00406118859072c07a2e93663b2399345b00335d814a0521140481ed7943529e305089b3e3818a4d080daa0a21ed4e481c0505601342a3d54e6a9f8c4514aa448e6c3a25bf31d67c00159b109aed84fd1a04414812b7cd2fad6c8ab0371c1e47818a4d082d76c219b402fd44d1d2228d9168ab7b471c2800a33b2165e7224110a201b62124dc09a93f7701183e8e12c6d3624c43988c86e4373698adca550215894d08355a9dd14a385e229d889276ce2f2d5208f526841068988d2cdbea9a48ed839bab0a55f238126980047742a0621642d241d0822084188530190d93762b3656eb01525030662174b85b49ed59dd09a3bb84ed03f5268bce50d5276740015473270cfa96996c36430aa1c5e152ae12a854cc426875d69386d432a9447083c1cd304c39e4c85a5baf5c2550a9184ef9171d0d6da40e5bcbd30a95b28fa06f497e63dc09a1002cd7ddd4b71f20b5df5a9a54a892474927a2b1e0b6fcf636678372c540a5621942577b2fa97d786bbdcca3f6bbde05527b4723edde0e20b00da1a3b18d7a14f6dae48842c53cd4e6c284fcc67a93058fa35000962114454d5d6b37a98b77ea56d9de914af9fcd6d294fcf6b58dedca1503158cf15e0ceece7e52fb542cec9bbdab5031bf646b659a3475db811042411887b0e9c0207529fafc8d0b82508e739a56ee5d25b5af27fec405d8c338847a93c5dd3940ea12dddddc981f53a89efb12e1c0366544446fb2d4367728570f5430f65b83b50c1ca37699baf433a5f75f9bbbfeb1443917d1ddd94fdad118e03ef6df9b86ae83d477a4897060eefac70ad52308422cb0e59dba45ead2e039a8503150f1d88750a3d5b51d7a92da6bf1f66781f52505ca1104411afbe41dd23b58added0d085104281d887501084aea3cf90cf4bcbe76fbfff7dd2725b999646bfa08ed1b7f41dc5d63250302e4268b2395afa87a9bd52f1e8ad9ffd2b6914e1b176d6e6a72ebd47edd57ef8e912d600d58697fdf9ba8f7fc53b39427a17220842c8efbdf6ce3f3df5da1f95643d7b786bfdf67bdf279e3c21d8dd2dd499e8726cafcc4c7efe53f9edeb3bfa0e3efb6ac9cb8032e02584d6dafa9681e35efaacb4c8b6efca7ffeddd04bdfa96d2a6a84607b65e6f6fb3f20edf3bba7e7c9e78bb9eea384b77da4a58cee2edab407e007178fa37b06cebc427d4dba271edabdfaf63fcc5efba8b0718b7c2e3bfdc57b23fff52f0524d0ee6e6dea395cc0451f2b1eda21b5b73ab09451ad78b9130a826030dbfa4e9d1bbff8e302fa4af9fcdcf58f57c7ae769ff86adbc11332f798c8e772dea99b0b373f8987760bb8a820087da75e56e82cb404b1240bd613ab1647211404a1fdf0d36b133742feb5c2baa7e2d1c9cffe7bfa8bf7dd9d7d0d9e438e86365b5dc383874324a3a190dfeb5f9cf02f4ea413b182abadefe8a3ce7d952f1e2686100b38548baf108aa238f4f2772efff06f8b3918349fcb6e2e4cecad42d268b5464b8dce60d2194cf97c369b4ea56291929c3aaa3398065ff856f19ff35092944f508edfd06875269b43a16240697c855010046b6dfd91175fbff5def74bf269f95c8ef46d96efe0b3af9a6cb54a7cb22008c94888f492d6e27089224e08562b8e5eccdcd7d873d8337c967515fb69ec395cc02c1ff9f02c5a55780ca12008fda75f6954e6ad63f11c8ded432fbda1e825c8af46f15646cd380da1286a8e9d7bb3a967907521bfcc6c779ef895dfd3eaf48a5e2541bd13d6e24ea8629c8650100451a3397aee379b0e7094438bc3f5d46b7f6c302bbed13d75c8048384aac66f0885ffcb61f7f0730a8dc591381ada4ebdfea71607ed78d3c2c4c3b4c751dc09558deb100a82208a9afe33e78fbffabb854da62995e6de234f7ff34fca76e212e94ea8d1ea947b4f0b65c07b08f734780e9e79e3cfa8fb949684de681e7ae98da3e7de2cdb62a56c3a453a8cd1e2a8c3f884aa71374ef828667bdd53affda17f7172ead24f49bb62174c14c5a6de230367be5ee67170eaab518c4fa89d6a42b8a7c173d0ddd9b73a7e7d69f40b4577e36eec39dcfbf4d76a5cb4934c4b82fc6a146f65544e6521140441d4683b064f750c9eda599b5fb9777573619cba02701fe69ada96fee1d68161abd35daacfa422bf1ac520a1caa92f84f7b9da7a5c6d3dd97472d7bbb0bd32bbbd3a5bd8bd51a3d5391adbea5abaeb3b7aeb5a3dccdfc4e2d568b5517108f7e80ca606cfa106cf214110d2895874d71f0b6ec5825bf1e04e3a19cf6552b94c3a9b49e57339ad4eafd5e9b57a83ce6034d96a2d0e97c55167adadb7bb5b355a8efe0e1824ac361c7df98a67305beb5a3d75ad1ed6851485f49b50a3d59a6a6a15ab05ca411d4314d54392a4442420bfbdd98ef109d54308f9928c86f239c27b263c8b560084902fa4617a4110ca3689e761085be3e176bd0f84902fd44d90f3a51b9ea1cae7b2f21b73f5ea8b3708215fa85f56d2b36b69912e8d10ee0321e40b39840a9f4eb5dfa54977421d42f84808215fa8214c137f439650264938800077c27d20847c91b963ea7de94454a14a1e7f694afe753830e7d11042be68b45ad2ca498621cc24095bb696613b02f54208b963b4d6c86f9c4da78ad9bfb818f130615281c142f89faa360821778cc4ef6b7956573e284159f76864399ec93b84903b46ab9dd43e16f02b54c963ae4b0921ee84fb4008b9435d1f18dc5c55a8927d48f97c7467437e7b2cffdf0742c81d9bab91d43ee85b56a8927d4477374907d1d9d82d92e61f42c89d9a3ada9e1ad1ddcdf2bf230d50926fb239cab64d961a2184dcb1385ca419a49224f9172795abe7a1b696a7e437b63a1b94aba4022084dc11351abbbb95d465637e4ca1621e2a9fcbeeaccdcb6f6f77372b574c0540087954d7da4d6abfbd3ca3d009700fb5393f9ecba4e5b77736ab7baf03a521843c72b5f590da4b527e75ecaa42c53c686d7284d4ded9dca95025950121e491b3c5435d58b87cf74a79a6ce447636b65766e5b7b73add4c571eab0042c823ad4eef6a3b40ea924d27e76efc5ca17abe6ceefacf496beadd1dfdca15531910424eb5f41fa37659b97b25b8a1ec98e1ae776163ee2ea90b5787dbf10921e45463f713d4a34825293ffae15bd97452a19272d9ccd885b7495d8c56bbb3053f081f0321e494566f68ec7e82da2b1edabdf9d37f25ad7997efdec73fa24e166f3a30c87c4773fe2184fcea3af66c01bd76bd0bb7dffb01694e991cd35fbce79ba53d880a82d071f8e9d296519110427e391adaea3bfa0ae8e85f9abcf6f63f946ae450cae7c72fbebb70eb536ac7fa8e3e5b1d6d1e6c754208b9d673e2f9c23a86fcde4bfffe57ab63d72489f026f34189f0eed5b7ff71e5de9502fa761d7da6984b570f6cbfc3b5ba568fbbb37f6b79ba80bed9746aec937796462ff59c78bee9c011eac0633a115bb8f5e9f2e81785fdc27434b6bb3b0bb98d5721f195effd05eb1a603f8970e0f37ffbcb227fe3e98de6a60383eecefedae62ea365bfed5ed289d8cedafcc6dc3dffe278119b9a8aa75eff6e6d5347a1ddab0bee84bc33db9d079e7a71faf2fbc57c482695581dbfbe3a7e5d100493cd6171d4996bea74469356a7d768b4b96c3a9b4e2522c158703b110e90c6e21faaa5ff2812281f42a8029e6367fd4b5381f5c5927c5a321a4a464382509a4f7b90c16c1d38f375853ebc22e1c58c0a881acdf0f9df32d96a5917228738f4d21ba40de30021540783d936fcf5dfa1cea129bfeee3cf1536ac52cd1042d57034b40ebffabb3ce7b0b96fa8efd439d655a80f42a826f5edbd277ef50ff8dcafa5b1fbd0d0d7dec0398405400855a6aed5f3f437fec4ccd939f5cdbd478e9e7b53d4e0eb5408fcd5d4c7d1d876e68d3f6ff01c645d88200882288a7d275f3e7aee4d9cbb5430845095f426cbf1577fefd073af914e8f293993cd71fc577ebfe7c902e7d6c11efceba5629d474e35f71e99bdf6e1ead87549ca97f3d2a2a8e91c3add77f2653e7fa0aa0ba6ad558258606be9ce25eff42dd226688511359ae6dea1eee35fa971d13629864741082b47369d5c9bb8b13e7d3be45f2f7eead9838c969ae6bea1aea3cf986b9c25fff06a86c7d1caa13398ba8e3edb75f4d96434e45f9cf42f4d06375632459fa76dadadafefe86d3a70c4d9e2c108841210c20a64b2393a064f760c9e140421110e84fc6be1adf5447837110d25a3c164342ce51fbe3c421445a3d56eae719aed4e8bc355dbd85edbd4a13759ca5b7ed541082b9cd9ee34db9dbfb8e59994cb66f3d94c2e9bc96533523eafd5e9343a8356a7d7ea0db8d7951f42588544ad4eafd5e9f99dff5665304e08c0184208c0184208c0184208c0184208c0184208c0184208c0184208c0184208c0184208c0184208c0184208c0184208c0184208c0184208c0184208c0184208c0184208c0184208c0184208c0184208c0184208c0184208c0184208c0184208c0184208c0184208c0184208c0184208c0184208c0184208c0184208c0184208c0184208c0184208c0184208c0d8ff0274bf51fc4aeb3c670000000049454e44ae426082');

INSERT INTO students (student_id, group_id, university_assigned_id, full_name, email, admission_date, created_on, connection_status, connection_token, connection_id)
  VALUES ('46245ea9-2a5d-410c-b3aa-9fef3c1d7321', '459277ea-8428-47db-a6d3-2fac078da047', '95311692', '  ', 'nabievianna@hotmail.com', '2013-06-21', '2017-06-27T11:11:47', 'CONNECTION_ACCEPTED', '1726507083023', '39821eb7-6dd5-407d-b31e-dd02787fa933');
INSERT INTO participants(id, tpe, did, name)
  VALUES('aa06bc49-6fda-4678-9889-5d98d33b1b56', 'holder', NULL, '  ');
INSERT INTO holder_public_keys(participant_id, x, y) VALUES ('aa06bc49-6fda-4678-9889-5d98d33b1b56', 109748723384036252409332620571268293601218408302143568388368164643019639271439, 24105578787602575154055356399594433817361083276934204686235015330357807827044);
INSERT INTO connection_tokens(token, initiator, created_at, used_at)
  VALUES('1726507083023', 'ebe65434-3015-4ea4-97c8-1f4181312bcf', '2017-06-27T11:11:47', '2017-07-03T18:17:17');
INSERT INTO connections(id, initiator, acceptor, token, instantiated_at)
  VALUES('39821eb7-6dd5-407d-b31e-dd02787fa933', 'ebe65434-3015-4ea4-97c8-1f4181312bcf', 'aa06bc49-6fda-4678-9889-5d98d33b1b56', '1726507083023', '2017-07-03T18:17:17');

INSERT INTO students (student_id, group_id, university_assigned_id, full_name, email, admission_date, created_on, connection_status, connection_token, connection_id)
  VALUES ('39e83d16-c550-4e3e-80f6-d987b3bb26ae', 'b058ea50-8560-4ae4-b547-3205c4caec1a', '86246743', '  ', 'nabievianna@hotmail.com', '2010-08-07', '2013-08-09T02:22:11', 'CONNECTION_ACCEPTED', '6505739235494', '69e22a63-829a-4329-897f-073eaf82678a');
INSERT INTO participants(id, tpe, did, name)
  VALUES('941289a0-7cd6-4516-a499-1183a4641ce0', 'holder', NULL, '  ');
INSERT INTO holder_public_keys(participant_id, x, y) VALUES ('941289a0-7cd6-4516-a499-1183a4641ce0', 109748723384036252409332620571268293601218408302143568388368164643019639271439, 24105578787602575154055356399594433817361083276934204686235015330357807827044);
INSERT INTO connection_tokens(token, initiator, created_at, used_at)
  VALUES('6505739235494', '9613c7f3-973b-433f-bb57-720524dc6951', '2013-08-09T02:22:11', '2013-08-14T13:51:04');
INSERT INTO connections(id, initiator, acceptor, token, instantiated_at)
  VALUES('69e22a63-829a-4329-897f-073eaf82678a', '9613c7f3-973b-433f-bb57-720524dc6951', '941289a0-7cd6-4516-a499-1183a4641ce0', '6505739235494', '2013-08-14T13:51:04');

INSERT INTO credentials(credential_id, issuer_id, student_id, title, enrollment_date, graduation_date, group_name, created_on)
  VALUES ('126489f6-607e-4696-9e3c-1bed252938b9', '9613c7f3-973b-433f-bb57-720524dc6951', '39e83d16-c550-4e3e-80f6-d987b3bb26ae', 'Bachelor of Science', '2010-08-07', '2013-08-08', 'Animator', '2013-08-13T17:37:01');
INSERT INTO messages (id, received_at, connection, recipient, sender, content)
  VALUES ('81e45831-1c8f-4fd3-b077-e7e09343a675', '2013-08-19T05:12:39', '69e22a63-829a-4329-897f-073eaf82678a', '941289a0-7cd6-4516-a499-1183a4641ce0', '9613c7f3-973b-433f-bb57-720524dc6951', E'\\x0ab9020a7d0a1f556e6976657273697479206f6620506f7274204a656e6e696665726c616e64120e5465737420696e73746974757465224a6469643a6174616c613a3938386630356236653737653837376561663331356435396661313138643264353364316636326331303633633039666666343434653062386632386133313512580a2be18395e18394e183a0e18398e18399e1839d20e183ace183a3e183a0e183ace183a3e1839be18398e183901212e18393e1839de1839ae18398e183abe183941a0708c80f10011814220c0a0a39322d31313432313938221c0a05546173686112054d696c6c731a06526563746f722a044d72732e3a0708dd0f1008181242063833373136374a0633343935333052063236363830387a013392010708da0f100818079a010708dd0f10081808a2010708dd0f10081812');

INSERT INTO students (student_id, group_id, university_assigned_id, full_name, email, admission_date, created_on, connection_status, connection_token, connection_id)
  VALUES ('f7e05252-739f-42d7-b52b-da2245def07d', 'f1fc199c-3ac2-4f11-896e-6085e4f0af66', '25845792', '  ', 'nabievianna@hotmail.com', '2013-02-16', '2017-02-23T14:38:51', 'CONNECTION_ACCEPTED', '8464797763340', 'a625d712-628e-42bc-95a0-9cb87d86ce9c');
INSERT INTO participants(id, tpe, did, name)
  VALUES('c43ea3c0-e883-4a02-8b6c-2c23863ad642', 'holder', NULL, '  ');
INSERT INTO holder_public_keys(participant_id, x, y) VALUES ('c43ea3c0-e883-4a02-8b6c-2c23863ad642', 109748723384036252409332620571268293601218408302143568388368164643019639271439, 24105578787602575154055356399594433817361083276934204686235015330357807827044);
INSERT INTO connection_tokens(token, initiator, created_at, used_at)
  VALUES('8464797763340', 'b12331f8-a686-4645-b545-a77adbd19ed7', '2017-02-23T14:38:51', '2017-03-01T08:47:26');
INSERT INTO connections(id, initiator, acceptor, token, instantiated_at)
  VALUES('a625d712-628e-42bc-95a0-9cb87d86ce9c', 'b12331f8-a686-4645-b545-a77adbd19ed7', 'c43ea3c0-e883-4a02-8b6c-2c23863ad642', '8464797763340', '2017-03-01T08:47:26');

INSERT INTO students (student_id, group_id, university_assigned_id, full_name, email, admission_date, created_on, connection_status, connection_token, connection_id)
  VALUES ('f5a00f50-35b3-45ba-bb58-fa9403f36b8c', '72770bd8-8b39-43ec-9416-a56e48a8df3d', '44731878', '  ', 'nabievianna@hotmail.com', '2011-09-02', '2015-09-07T02:55:32', 'CONNECTION_ACCEPTED', '6433877294304', '07041855-a1f0-412d-9d94-610b00388d1f');
INSERT INTO participants(id, tpe, did, name)
  VALUES('b1cbec07-5285-41df-94a7-53a277203f7f', 'holder', NULL, '  ');
INSERT INTO holder_public_keys(participant_id, x, y) VALUES ('b1cbec07-5285-41df-94a7-53a277203f7f', 109748723384036252409332620571268293601218408302143568388368164643019639271439, 24105578787602575154055356399594433817361083276934204686235015330357807827044);
INSERT INTO connection_tokens(token, initiator, created_at, used_at)
  VALUES('6433877294304', '8c8f5d3b-be72-43c9-972c-9c48111208f0', '2015-09-07T02:55:32', '2015-09-10T22:47:33');
INSERT INTO connections(id, initiator, acceptor, token, instantiated_at)
  VALUES('07041855-a1f0-412d-9d94-610b00388d1f', '8c8f5d3b-be72-43c9-972c-9c48111208f0', 'b1cbec07-5285-41df-94a7-53a277203f7f', '6433877294304', '2015-09-10T22:47:33');

INSERT INTO credentials(credential_id, issuer_id, student_id, title, enrollment_date, graduation_date, group_name, created_on)
  VALUES ('2a103849-0c79-48f7-b82b-32cb42c7931a', '8c8f5d3b-be72-43c9-972c-9c48111208f0', 'f5a00f50-35b3-45ba-bb58-fa9403f36b8c', 'Bachelor of Science', '2011-09-02', '2015-09-06', 'Environmental consultant', '2015-09-13T08:49:09');
INSERT INTO messages (id, received_at, connection, recipient, sender, content)
  VALUES ('3c52f9f2-2da5-46aa-b444-30bbe86ba023', '2015-09-16T12:46:47', '07041855-a1f0-412d-9d94-610b00388d1f', 'b1cbec07-5285-41df-94a7-53a277203f7f', '8c8f5d3b-be72-43c9-972c-9c48111208f0', E'\\x0ab0020a750a17556e6976657273697479206f66204c616b652054617261120e5465737420696e73746974757465224a6469643a6174616c613a6364323766343034633333313462303863356534373139366533326533336139306237636538666432343233613938376535666263383664343761303137383612580a2be18395e18394e183a0e18398e18399e1839d20e183ace183a3e183a0e183ace183a3e1839be18398e183901212e18393e1839de1839ae18398e183abe183941a0708c80f10011814220c0a0a39322d31313432313938221b0a03416d7912074c616d626572741a06526563746f722a0344722e3a0708df0f1009180f42063733313135324a0633393332333952063238373933307a013392010708db0f100918029a010708df0f10091806a2010708df0f1009180f');

INSERT INTO students (student_id, group_id, university_assigned_id, full_name, email, admission_date, created_on, connection_status, connection_token, connection_id)
  VALUES ('021cdcbe-9596-4837-8ee7-e3b4d8835a56', 'e98568ec-e720-4897-9c5d-77857fb47055', '97702788', '  ', 'nabievianna@hotmail.com', '2013-11-20', '2018-11-22T22:41:59', 'CONNECTION_ACCEPTED', '9650138207362', '63126f27-b5fe-46e7-9e40-07b3d5aa7bcb');
INSERT INTO participants(id, tpe, did, name)
  VALUES('62947733-67b1-4a15-ad6e-362b0571e3fa', 'holder', NULL, '  ');
INSERT INTO holder_public_keys(participant_id, x, y) VALUES ('62947733-67b1-4a15-ad6e-362b0571e3fa', 109748723384036252409332620571268293601218408302143568388368164643019639271439, 24105578787602575154055356399594433817361083276934204686235015330357807827044);
INSERT INTO connection_tokens(token, initiator, created_at, used_at)
  VALUES('9650138207362', 'b32e17cb-dbcc-4fcb-a777-82bd4345b434', '2018-11-22T22:41:59', '2018-11-28T16:46:50');
INSERT INTO connections(id, initiator, acceptor, token, instantiated_at)
  VALUES('63126f27-b5fe-46e7-9e40-07b3d5aa7bcb', 'b32e17cb-dbcc-4fcb-a777-82bd4345b434', '62947733-67b1-4a15-ad6e-362b0571e3fa', '9650138207362', '2018-11-28T16:46:50');

INSERT INTO credentials(credential_id, issuer_id, student_id, title, enrollment_date, graduation_date, group_name, created_on)
  VALUES ('26e761fc-bc21-401c-b9ff-c6d2a82a44a8', 'b32e17cb-dbcc-4fcb-a777-82bd4345b434', '021cdcbe-9596-4837-8ee7-e3b4d8835a56', 'Bachelor of Science', '2013-11-20', '2018-11-22', 'Animator', '2018-11-27T17:22:15');
INSERT INTO messages (id, received_at, connection, recipient, sender, content)
  VALUES ('194e9ce6-f8d0-4185-9495-5dad64b20b15', '2018-11-30T13:09:52', '63126f27-b5fe-46e7-9e40-07b3d5aa7bcb', '62947733-67b1-4a15-ad6e-362b0571e3fa', 'b32e17cb-dbcc-4fcb-a777-82bd4345b434', E'\\x0ab2020a780a1a556e6976657273697479206f66204e6577204d617279666f7274120e5465737420696e73746974757465224a6469643a6174616c613a6464393664613631666564353730653335636432666431626632323763616163343566396465306234623235636632303532633661663739313739613230376112580a2be18395e18394e183a0e18398e18399e1839d20e183ace183a3e183a0e183ace183a3e1839be18398e183901212e18393e1839de1839ae18398e183abe183941a0708c80f10011814220c0a0a39322d31313432313938221a0a05426f6262791204477261791a06526563746f722a034d722e3a0708e20f100b181d42063731353437364a0634383235363952063235383231317a013392010708dd0f100b18149a010708e20f100b1816a2010708e20f100b181d');

INSERT INTO students (student_id, group_id, university_assigned_id, full_name, email, admission_date, created_on, connection_status, connection_token, connection_id)
  VALUES ('5c6c070c-d54f-440e-a86b-b67fd0e43fe9', '2438aed2-d62a-474e-aac1-585b997364f4', '83333996', '  ', 'nabievianna@hotmail.com', '2012-05-14', '2015-05-19T19:47:50', 'CONNECTION_ACCEPTED', '2624030014790', '08adaebd-2ce2-4ee7-88fc-e2c3dc8bef38');
INSERT INTO participants(id, tpe, did, name)
  VALUES('f8df563d-a0ab-48b3-8d65-09d44ce8aaf5', 'holder', NULL, '  ');
INSERT INTO holder_public_keys(participant_id, x, y) VALUES ('f8df563d-a0ab-48b3-8d65-09d44ce8aaf5', 109748723384036252409332620571268293601218408302143568388368164643019639271439, 24105578787602575154055356399594433817361083276934204686235015330357807827044);
INSERT INTO connection_tokens(token, initiator, created_at, used_at)
  VALUES('2624030014790', '6a7bf056-5ccf-4e28-b3a0-124d3cf54c53', '2015-05-19T19:47:50', '2015-05-26T17:42:18');
INSERT INTO connections(id, initiator, acceptor, token, instantiated_at)
  VALUES('08adaebd-2ce2-4ee7-88fc-e2c3dc8bef38', '6a7bf056-5ccf-4e28-b3a0-124d3cf54c53', 'f8df563d-a0ab-48b3-8d65-09d44ce8aaf5', '2624030014790', '2015-05-26T17:42:18');

INSERT INTO credentials(credential_id, issuer_id, student_id, title, enrollment_date, graduation_date, group_name, created_on)
  VALUES ('4a4cc1f0-d836-4834-8de5-12edeb29b774', '6a7bf056-5ccf-4e28-b3a0-124d3cf54c53', '5c6c070c-d54f-440e-a86b-b67fd0e43fe9', 'Bachelor of Science', '2012-05-14', '2015-05-18', 'Acupuncturist', '2015-05-21T13:17:20');
INSERT INTO messages (id, received_at, connection, recipient, sender, content)
  VALUES ('bdfa3257-a3d4-49c8-b64e-5c4f251326a7', '2015-05-28T02:32:56', '08adaebd-2ce2-4ee7-88fc-e2c3dc8bef38', 'f8df563d-a0ab-48b3-8d65-09d44ce8aaf5', '6a7bf056-5ccf-4e28-b3a0-124d3cf54c53', E'\\x0ab3020a770a19556e6976657273697479206f66204e6f7274682048656e7279120e5465737420696e73746974757465224a6469643a6174616c613a6631616638303336653434333837326338366363666431316334363338316231626136336163393035376263353735616266653133353163666634346461326512580a2be18395e18394e183a0e18398e18399e1839d20e183ace183a3e183a0e183ace183a3e1839be18398e183901212e18393e1839de1839ae18398e183abe183941a0708c80f10011814220c0a0a39322d31313432313938221c0a0743796e7468696112044b69726b1a06526563746f722a034d722e3a0708df0f1005181b42063838343936374a0633353739343452063137353337387a013392010708dc0f1005180e9a010708df0f10051812a2010708df0f1005181b');

INSERT INTO students (student_id, group_id, university_assigned_id, full_name, email, admission_date, created_on, connection_status, connection_token, connection_id)
  VALUES ('a7c92191-2718-4749-8278-e71cf0d993f5', 'eb77fbe9-aae3-43b4-8f39-e8e999557b5c', '91330888', '  ', 'nabievianna@hotmail.com', '2012-09-18', '2016-09-23T14:51:05', 'INVITATION_MISSING', NULL, NULL);


INSERT INTO credentials(credential_id, issuer_id, student_id, title, enrollment_date, graduation_date, group_name, created_on)
  VALUES ('635d1fb4-9156-45f6-bbfc-c8da643b725a', '8d2fd49c-7352-4d6d-b448-0dcfed61ae93', 'a7c92191-2718-4749-8278-e71cf0d993f5', 'Bachelor of Science', '2012-09-18', '2016-09-18', 'Manufacturing engineer', '2016-09-25T04:56:34');

INSERT INTO students (student_id, group_id, university_assigned_id, full_name, email, admission_date, created_on, connection_status, connection_token, connection_id)
  VALUES ('5d096595-dd3d-4ad9-b3c0-2b72dd7136cf', 'c6e775a7-1bdb-4cdd-9873-41bf6ff54bf5', '00490498', '  ', 'nabievianna@hotmail.com', '2011-06-09', '2016-06-10T14:37:05', 'CONNECTION_MISSING', '3519740982226', NULL);
INSERT INTO connection_tokens(token, initiator, created_at, used_at)
  VALUES('3519740982226', 'caf8fec3-40dd-4559-8b70-4c59badf0c57', '2016-06-10T14:37:05', NULL);

INSERT INTO credentials(credential_id, issuer_id, student_id, title, enrollment_date, graduation_date, group_name, created_on)
  VALUES ('8d11459c-d5d2-4381-96b3-5fe9e9ace995', 'caf8fec3-40dd-4559-8b70-4c59badf0c57', '5d096595-dd3d-4ad9-b3c0-2b72dd7136cf', 'Bachelor of Science', '2011-06-09', '2016-06-10', 'Insurance account manager', '2016-06-11T22:58:06');

INSERT INTO students (student_id, group_id, university_assigned_id, full_name, email, admission_date, created_on, connection_status, connection_token, connection_id)
  VALUES ('d22f1cdc-aaff-4063-9ed7-9a6e15353c02', 'ca26dc73-f0e4-4915-a43c-e216b28f9704', '88738741', '  ', 'nabievianna@hotmail.com', '2011-03-31', '2014-03-31T16:31:45', 'CONNECTION_ACCEPTED', '2812435279412', '5f633559-b8ef-4f06-ac90-62ad599029f2');
INSERT INTO participants(id, tpe, did, name)
  VALUES('1a9e420e-e90c-48eb-b79d-d62e692b38cf', 'holder', NULL, '  ');
INSERT INTO holder_public_keys(participant_id, x, y) VALUES ('1a9e420e-e90c-48eb-b79d-d62e692b38cf', 109748723384036252409332620571268293601218408302143568388368164643019639271439, 24105578787602575154055356399594433817361083276934204686235015330357807827044);
INSERT INTO connection_tokens(token, initiator, created_at, used_at)
  VALUES('2812435279412', '6bc9f13a-3919-4205-b21b-99f365a949eb', '2014-03-31T16:31:45', '2014-04-03T05:00:23');
INSERT INTO connections(id, initiator, acceptor, token, instantiated_at)
  VALUES('5f633559-b8ef-4f06-ac90-62ad599029f2', '6bc9f13a-3919-4205-b21b-99f365a949eb', '1a9e420e-e90c-48eb-b79d-d62e692b38cf', '2812435279412', '2014-04-03T05:00:23');

INSERT INTO credentials(credential_id, issuer_id, student_id, title, enrollment_date, graduation_date, group_name, created_on)
  VALUES ('ca370e67-78ed-4af2-be8d-c97e84098fc4', '6bc9f13a-3919-4205-b21b-99f365a949eb', 'd22f1cdc-aaff-4063-9ed7-9a6e15353c02', 'Bachelor of Science', '2011-03-31', '2014-03-31', 'Retail manager', '2014-04-05T20:34:04');
INSERT INTO messages (id, received_at, connection, recipient, sender, content)
  VALUES ('7555a2f0-48f2-4afa-811e-96ec5c22138a', '2014-04-07T23:59:03', '5f633559-b8ef-4f06-ac90-62ad599029f2', '1a9e420e-e90c-48eb-b79d-d62e692b38cf', '6bc9f13a-3919-4205-b21b-99f365a949eb', E'\\x0aba020a790a1b556e6976657273697479206f66204e6577204572696e7368697265120e5465737420696e73746974757465224a6469643a6174616c613a3132356165653566656338363036656539653938306339333366633465653435663734623737343839323762396135313761386235343738633462393766373312580a2be18395e18394e183a0e18398e18399e1839d20e183ace183a3e183a0e183ace183a3e1839be18398e183901212e18393e1839de1839ae18398e183abe183941a0708c80f10011814220c0a0a39322d3131343231393822210a084a6f6e617468616e12085065746572736f6e1a06526563746f722a034d722e3a0708de0f1004180742063930393639354a0633333539333352063131343230367a013392010708db0f1003181f9a010708de0f1003181fa2010708de0f10041807');

INSERT INTO students (student_id, group_id, university_assigned_id, full_name, email, admission_date, created_on, connection_status, connection_token, connection_id)
  VALUES ('cd07ecc0-18ee-4fa2-a541-ab644861298f', '72cb2109-cbe6-423d-8047-e8f36d4c22df', '85241596', '  ', 'nabievianna@hotmail.com', '2011-07-08', '2016-07-09T13:14:22', 'CONNECTION_ACCEPTED', '1986871540069', 'cbf9801f-189f-4556-b0c3-c63e78528aff');
INSERT INTO participants(id, tpe, did, name)
  VALUES('2d38e6fd-511a-499d-a400-38accfe4719e', 'holder', NULL, '  ');
INSERT INTO holder_public_keys(participant_id, x, y) VALUES ('2d38e6fd-511a-499d-a400-38accfe4719e', 109748723384036252409332620571268293601218408302143568388368164643019639271439, 24105578787602575154055356399594433817361083276934204686235015330357807827044);
INSERT INTO connection_tokens(token, initiator, created_at, used_at)
  VALUES('1986871540069', '1bab765e-5b7e-42e6-90ad-6dc2fb797ebd', '2016-07-09T13:14:22', '2016-07-09T20:28:54');
INSERT INTO connections(id, initiator, acceptor, token, instantiated_at)
  VALUES('cbf9801f-189f-4556-b0c3-c63e78528aff', '1bab765e-5b7e-42e6-90ad-6dc2fb797ebd', '2d38e6fd-511a-499d-a400-38accfe4719e', '1986871540069', '2016-07-09T20:28:54');

INSERT INTO credentials(credential_id, issuer_id, student_id, title, enrollment_date, graduation_date, group_name, created_on)
  VALUES ('c0cc8bd0-72e2-40ce-9d2d-bff7dc76033f', '1bab765e-5b7e-42e6-90ad-6dc2fb797ebd', 'cd07ecc0-18ee-4fa2-a541-ab644861298f', 'Bachelor of Science', '2011-07-08', '2016-07-07', 'Scientist', '2016-07-14T18:59:19');
INSERT INTO messages (id, received_at, connection, recipient, sender, content)
  VALUES ('ae4a8a75-5e59-4192-8283-52bdc77132f7', '2016-07-22T11:10:38', 'cbf9801f-189f-4556-b0c3-c63e78528aff', '2d38e6fd-511a-499d-a400-38accfe4719e', '1bab765e-5b7e-42e6-90ad-6dc2fb797ebd', E'\\x0ad5020a81010a23556e6976657273697479206f6620e183a7e18395e18390e183a0e18394e1839ae18398120e5465737420696e73746974757465224a6469643a6174616c613a6530373539303764643264386161636335353161626533373830376565656532313161363137393365316436383633303765373338643736613538326331323312580a2be18395e18394e183a0e18398e18399e1839d20e183ace183a3e183a0e183ace183a3e1839be18398e183901212e18393e1839de1839ae18398e183abe183941a0708c80f10011814220c0a0a39322d3131343231393822330a0fe18391e18394e183a1e18398e183991218e18393e18390e18395e18398e18397e18390e183abe183941a06526563746f723a0708e00f1007181542063734353437384a0633383235363652063134353636357a013392010708db0f100718089a010708e00f10071807a2010708e00f10071815');

INSERT INTO students (student_id, group_id, university_assigned_id, full_name, email, admission_date, created_on, connection_status, connection_token, connection_id)
  VALUES ('aebd308a-ba97-44a8-bdc2-ddbdc82b4ce8', 'bcd3c387-a67d-4a3a-b8d7-aedfcb0d43d6', '32059526', '  ', 'nabievianna@hotmail.com', '2011-08-22', '2016-08-24T00:58:26', 'CONNECTION_MISSING', '6911679088067', NULL);
INSERT INTO connection_tokens(token, initiator, created_at, used_at)
  VALUES('6911679088067', '6326f8e5-9b01-40bc-a8b7-da7d1b827bff', '2016-08-24T00:58:26', NULL);

INSERT INTO credentials(credential_id, issuer_id, student_id, title, enrollment_date, graduation_date, group_name, created_on)
  VALUES ('96c0f938-f822-410b-8142-8ef6b7a51f9d', '6326f8e5-9b01-40bc-a8b7-da7d1b827bff', 'aebd308a-ba97-44a8-bdc2-ddbdc82b4ce8', 'Bachelor of Science', '2011-08-22', '2016-08-20', 'Accountant', '2016-08-25T10:32:24');

INSERT INTO students (student_id, group_id, university_assigned_id, full_name, email, admission_date, created_on, connection_status, connection_token, connection_id)
  VALUES ('7fc36f20-b5a7-42eb-ac86-5fdb38675d86', '2e426946-8b1e-40c3-97d5-fafbcc17c144', '64498959', '  ', 'nabievianna@hotmail.com', '2013-09-24', '2017-09-29T20:55:33', 'CONNECTION_ACCEPTED', '0144127991206', '423fc3bd-1ce9-4869-a52b-bd7ecfc163ad');
INSERT INTO participants(id, tpe, did, name)
  VALUES('abd593b9-59d9-4f7f-8308-e9629ff87348', 'holder', NULL, '  ');
INSERT INTO holder_public_keys(participant_id, x, y) VALUES ('abd593b9-59d9-4f7f-8308-e9629ff87348', 109748723384036252409332620571268293601218408302143568388368164643019639271439, 24105578787602575154055356399594433817361083276934204686235015330357807827044);
INSERT INTO connection_tokens(token, initiator, created_at, used_at)
  VALUES('0144127991206', '00c95342-815a-4773-89f2-c392f74f8f21', '2017-09-29T20:55:33', '2017-09-30T08:23:05');
INSERT INTO connections(id, initiator, acceptor, token, instantiated_at)
  VALUES('423fc3bd-1ce9-4869-a52b-bd7ecfc163ad', '00c95342-815a-4773-89f2-c392f74f8f21', 'abd593b9-59d9-4f7f-8308-e9629ff87348', '0144127991206', '2017-09-30T08:23:05');

INSERT INTO students (student_id, group_id, university_assigned_id, full_name, email, admission_date, created_on, connection_status, connection_token, connection_id)
  VALUES ('73db4b98-3ea8-4d74-98ad-762530c5b3b8', 'ad678f49-7a56-4f9c-a7c4-83f00ba55f28', '03619278', '  ', 'nabievianna@hotmail.com', '2011-05-30', '2014-06-08T04:00:24', 'CONNECTION_ACCEPTED', '3700197129306', '8168e687-a9f9-457e-b1e6-203efaa96831');
INSERT INTO participants(id, tpe, did, name)
  VALUES('214b8ea5-9deb-4b0e-b7b2-15bb866e9dea', 'holder', NULL, '  ');
INSERT INTO holder_public_keys(participant_id, x, y) VALUES ('214b8ea5-9deb-4b0e-b7b2-15bb866e9dea', 109748723384036252409332620571268293601218408302143568388368164643019639271439, 24105578787602575154055356399594433817361083276934204686235015330357807827044);
INSERT INTO connection_tokens(token, initiator, created_at, used_at)
  VALUES('3700197129306', '47ae90f7-2e35-482e-a96b-5a5ffa1b4a28', '2014-06-08T04:00:24', '2014-06-12T20:50:46');
INSERT INTO connections(id, initiator, acceptor, token, instantiated_at)
  VALUES('8168e687-a9f9-457e-b1e6-203efaa96831', '47ae90f7-2e35-482e-a96b-5a5ffa1b4a28', '214b8ea5-9deb-4b0e-b7b2-15bb866e9dea', '3700197129306', '2014-06-12T20:50:46');

INSERT INTO credentials(credential_id, issuer_id, student_id, title, enrollment_date, graduation_date, group_name, created_on)
  VALUES ('923cc4e9-1e4f-4e42-9a3a-d83e6b8cc2fc', '47ae90f7-2e35-482e-a96b-5a5ffa1b4a28', '73db4b98-3ea8-4d74-98ad-762530c5b3b8', 'Bachelor of Science', '2011-05-30', '2014-06-05', 'Scientist', '2014-06-13T01:25:11');
INSERT INTO messages (id, received_at, connection, recipient, sender, content)
  VALUES ('3839cfb5-835c-4cfd-b1f3-0121ace330fe', '2014-06-16T13:05:06', '8168e687-a9f9-457e-b1e6-203efaa96831', '214b8ea5-9deb-4b0e-b7b2-15bb866e9dea', '47ae90f7-2e35-482e-a96b-5a5ffa1b4a28', E'\\x0ad7020a780a1a556e6976657273697479206f6620e18395e18390e1839ae18394120e5465737420696e73746974757465224a6469643a6174616c613a3736373531653732313334633961333434373065393662326630666162333062376565393732643531306263666338313236613461386139623936633735616612580a2be18395e18394e183a0e18398e18399e1839d20e183ace183a3e183a0e183ace183a3e1839be18398e183901212e18393e1839de1839ae18398e183abe183941a0708c80f10011814220c0a0a39322d31313432313938223f0a18e1839be18397e18395e18390e183a0e18398e183a1e18390121be1839be18390e18398e183a1e183a3e183a0e18390e183abe183941a06526563746f723a0708de0f1006180f42063938333537324a0634393336373252063139373233347a013392010708db0f1005181e9a010708de0f10061805a2010708de0f1006180f');

INSERT INTO store_individuals (user_id, individual_id, status, connection_token, connection_id, full_name, email, created_at)
  VALUES ('77398291-5d7a-44f5-ab15-2866a88125e8', 'be6f2838-b9d8-40f3-b3fa-f1f1393cc34b', 'CONNECTED', '7530795066781', '8356539f-d192-4382-b373-bb53e70a7bd4', '  ', 'nabievianna@hotmail.com', '2018-04-29T06:01:27');
INSERT INTO participants(id, tpe, did, name)
  VALUES('db438f0b-d959-4c69-ab71-ca4d11caad60', 'holder', NULL, '  ');
INSERT INTO holder_public_keys(participant_id, x, y) VALUES ('db438f0b-d959-4c69-ab71-ca4d11caad60', 109748723384036252409332620571268293601218408302143568388368164643019639271439, 24105578787602575154055356399594433817361083276934204686235015330357807827044);
INSERT INTO connection_tokens(token, initiator, created_at, used_at)
  VALUES('7530795066781', '77398291-5d7a-44f5-ab15-2866a88125e8', '2018-04-29T06:01:27', '2018-05-05T03:55:21');
INSERT INTO connections(id, initiator, acceptor, token, instantiated_at)
  VALUES('8356539f-d192-4382-b373-bb53e70a7bd4', '77398291-5d7a-44f5-ab15-2866a88125e8', 'db438f0b-d959-4c69-ab71-ca4d11caad60', '7530795066781', '2018-05-05T03:55:21');

INSERT INTO messages (id, received_at, connection, recipient, sender, content)
  VALUES ('b4d238ed-e60a-440d-a8b2-b4d6be4af06d', '2356-06-09T13:09:52', '8356539f-d192-4382-b373-bb53e70a7bd4', 'db438f0b-d959-4c69-ab71-ca4d11caad60', '77398291-5d7a-44f5-ab15-2866a88125e8', E'\\x0ab2020a780a1a556e6976657273697479206f66204e6577204d617279666f7274120e5465737420696e73746974757465224a6469643a6174616c613a6464393664613631666564353730653335636432666431626632323763616163343566396465306234623235636632303532633661663739313739613230376112580a2be18395e18394e183a0e18398e18399e1839d20e183ace183a3e183a0e183ace183a3e1839be18398e183901212e18393e1839de1839ae18398e183abe183941a0708c80f10011814220c0a0a39322d31313432313938221a0a05426f6262791204477261791a06526563746f722a034d722e3a0708e20f100b181d42063731353437364a0634383235363952063235383231317a013392010708dd0f100b18149a010708e20f100b1816a2010708e20f100b181d');

INSERT INTO messages (id, received_at, connection, recipient, sender, content)
  VALUES ('f1abfd65-3389-4c66-9d35-b395fb25eb89', '2410-11-13T03:55:21', '8356539f-d192-4382-b373-bb53e70a7bd4', 'db438f0b-d959-4c69-ab71-ca4d11caad60', '77398291-5d7a-44f5-ab15-2866a88125e8', E'\\x0ab3020a770a19556e6976657273697479206f66204e6f7274682048656e7279120e5465737420696e73746974757465224a6469643a6174616c613a6631616638303336653434333837326338366363666431316334363338316231626136336163393035376263353735616266653133353163666634346461326512580a2be18395e18394e183a0e18398e18399e1839d20e183ace183a3e183a0e183ace183a3e1839be18398e183901212e18393e1839de1839ae18398e183abe183941a0708c80f10011814220c0a0a39322d31313432313938221c0a0743796e7468696112044b69726b1a06526563746f722a034d722e3a0708df0f1005181b42063838343936374a0633353739343452063137353337387a013392010708dc0f1005180e9a010708df0f10051812a2010708df0f1005181b');

INSERT INTO messages (id, received_at, connection, recipient, sender, content)
  VALUES ('491d4534-15b1-464d-bba2-02665703ddff', '2370-12-07T03:55:21', '8356539f-d192-4382-b373-bb53e70a7bd4', 'db438f0b-d959-4c69-ab71-ca4d11caad60', '77398291-5d7a-44f5-ab15-2866a88125e8', E'\\x0aba020a790a1b556e6976657273697479206f66204e6577204572696e7368697265120e5465737420696e73746974757465224a6469643a6174616c613a3132356165653566656338363036656539653938306339333366633465653435663734623737343839323762396135313761386235343738633462393766373312580a2be18395e18394e183a0e18398e18399e1839d20e183ace183a3e183a0e183ace183a3e1839be18398e183901212e18393e1839de1839ae18398e183abe183941a0708c80f10011814220c0a0a39322d3131343231393822210a084a6f6e617468616e12085065746572736f6e1a06526563746f722a034d722e3a0708de0f1004180742063930393639354a0633333539333352063131343230367a013392010708db0f1003181f9a010708de0f1003181fa2010708de0f10041807');

INSERT INTO messages (id, received_at, connection, recipient, sender, content)
  VALUES ('7468f9c8-4d48-4f91-8c44-087a8ddddc4d', '2215-10-17T03:55:21', '8356539f-d192-4382-b373-bb53e70a7bd4', 'db438f0b-d959-4c69-ab71-ca4d11caad60', '77398291-5d7a-44f5-ab15-2866a88125e8', E'\\x0ad5020a81010a23556e6976657273697479206f6620e183a7e18395e18390e183a0e18394e1839ae18398120e5465737420696e73746974757465224a6469643a6174616c613a6530373539303764643264386161636335353161626533373830376565656532313161363137393365316436383633303765373338643736613538326331323312580a2be18395e18394e183a0e18398e18399e1839d20e183ace183a3e183a0e183ace183a3e1839be18398e183901212e18393e1839de1839ae18398e183abe183941a0708c80f10011814220c0a0a39322d3131343231393822330a0fe18391e18394e183a1e18398e183991218e18393e18390e18395e18398e18397e18390e183abe183941a06526563746f723a0708e00f1007181542063734353437384a0633383235363652063134353636357a013392010708db0f100718089a010708e00f10071807a2010708e00f10071815');

INSERT INTO store_individuals (user_id, individual_id, status, connection_token, connection_id, full_name, email, created_at)
  VALUES ('5779e08a-4836-49ac-a91a-fe96cb8c7cae', '9ae8f997-57ce-44bb-9fe2-1e8b7b30e836', 'CREATED', NULL, NULL, '  ', 'nabievianna@hotmail.com', '2018-10-10T06:01:27');


INSERT INTO store_individuals (user_id, individual_id, status, connection_token, connection_id, full_name, email, created_at)
  VALUES ('43a9ba33-0e6e-44d8-ac84-931b342b66f6', '4ef26ecd-e050-4f76-b375-cc9b218adaea', 'CONNECTED', '6096201290221', '0f1caf2a-1899-4f63-9ad5-ccc161d7ca7d', '  ', 'nabievianna@hotmail.com', '2017-07-30T06:01:27');
INSERT INTO participants(id, tpe, did, name)
  VALUES('a6c14063-edb9-4da3-ab96-4c153100047d', 'holder', NULL, '  ');
INSERT INTO holder_public_keys(participant_id, x, y) VALUES ('a6c14063-edb9-4da3-ab96-4c153100047d', 109748723384036252409332620571268293601218408302143568388368164643019639271439, 24105578787602575154055356399594433817361083276934204686235015330357807827044);
INSERT INTO connection_tokens(token, initiator, created_at, used_at)
  VALUES('6096201290221', '43a9ba33-0e6e-44d8-ac84-931b342b66f6', '2017-07-30T06:01:27', '2017-07-31T22:40:12');
INSERT INTO connections(id, initiator, acceptor, token, instantiated_at)
  VALUES('0f1caf2a-1899-4f63-9ad5-ccc161d7ca7d', '43a9ba33-0e6e-44d8-ac84-931b342b66f6', 'a6c14063-edb9-4da3-ab96-4c153100047d', '6096201290221', '2017-07-31T22:40:12');

INSERT INTO messages (id, received_at, connection, recipient, sender, content)
  VALUES ('15681564-b314-4775-9026-1d9b5fb56f28', '2132-04-11T22:40:12', '0f1caf2a-1899-4f63-9ad5-ccc161d7ca7d', 'a6c14063-edb9-4da3-ab96-4c153100047d', '43a9ba33-0e6e-44d8-ac84-931b342b66f6', E'\\x0ab9020a7d0a1f556e6976657273697479206f6620506f7274204a656e6e696665726c616e64120e5465737420696e73746974757465224a6469643a6174616c613a3938386630356236653737653837376561663331356435396661313138643264353364316636326331303633633039666666343434653062386632386133313512580a2be18395e18394e183a0e18398e18399e1839d20e183ace183a3e183a0e183ace183a3e1839be18398e183901212e18393e1839de1839ae18398e183abe183941a0708c80f10011814220c0a0a39322d31313432313938221c0a05546173686112054d696c6c731a06526563746f722a044d72732e3a0708dd0f1008181242063833373136374a0633343935333052063236363830387a013392010708da0f100818079a010708dd0f10081808a2010708dd0f10081812');

INSERT INTO store_individuals (user_id, individual_id, status, connection_token, connection_id, full_name, email, created_at)
  VALUES ('f01d17ec-e9fe-4fb9-b5f0-6cb6f2ef604c', 'e7667466-544f-466f-a4dd-f25fcaaae9e2', 'CONNECTED', '2924068301252', 'd7a62923-b37a-4510-b1e0-0e2120aadec8', '  ', 'nabievianna@hotmail.com', '2020-03-13T06:01:27');
INSERT INTO participants(id, tpe, did, name)
  VALUES('5abde38d-132d-463a-a97b-6b076776acd2', 'holder', NULL, '  ');
INSERT INTO holder_public_keys(participant_id, x, y) VALUES ('5abde38d-132d-463a-a97b-6b076776acd2', 109748723384036252409332620571268293601218408302143568388368164643019639271439, 24105578787602575154055356399594433817361083276934204686235015330357807827044);
INSERT INTO connection_tokens(token, initiator, created_at, used_at)
  VALUES('2924068301252', 'f01d17ec-e9fe-4fb9-b5f0-6cb6f2ef604c', '2020-03-13T06:01:27', '2020-03-15T02:18:43');
INSERT INTO connections(id, initiator, acceptor, token, instantiated_at)
  VALUES('d7a62923-b37a-4510-b1e0-0e2120aadec8', 'f01d17ec-e9fe-4fb9-b5f0-6cb6f2ef604c', '5abde38d-132d-463a-a97b-6b076776acd2', '2924068301252', '2020-03-15T02:18:43');

INSERT INTO messages (id, received_at, connection, recipient, sender, content)
  VALUES ('eeb037ef-e7e0-499d-941d-44edb90b96e2', '2283-09-08T02:18:43', 'd7a62923-b37a-4510-b1e0-0e2120aadec8', '5abde38d-132d-463a-a97b-6b076776acd2', 'f01d17ec-e9fe-4fb9-b5f0-6cb6f2ef604c', E'\\x0ab9020a7d0a1f556e6976657273697479206f6620506f7274204a656e6e696665726c616e64120e5465737420696e73746974757465224a6469643a6174616c613a3938386630356236653737653837376561663331356435396661313138643264353364316636326331303633633039666666343434653062386632386133313512580a2be18395e18394e183a0e18398e18399e1839d20e183ace183a3e183a0e183ace183a3e1839be18398e183901212e18393e1839de1839ae18398e183abe183941a0708c80f10011814220c0a0a39322d31313432313938221c0a05546173686112054d696c6c731a06526563746f722a044d72732e3a0708dd0f1008181242063833373136374a0633343935333052063236363830387a013392010708da0f100818079a010708dd0f10081808a2010708dd0f10081812');

INSERT INTO messages (id, received_at, connection, recipient, sender, content)
  VALUES ('89e10c57-f441-491f-8c19-83d5f59fe2c0', '2352-10-12T02:18:43', 'd7a62923-b37a-4510-b1e0-0e2120aadec8', '5abde38d-132d-463a-a97b-6b076776acd2', 'f01d17ec-e9fe-4fb9-b5f0-6cb6f2ef604c', E'\\x0ab0020a750a17556e6976657273697479206f66204c616b652054617261120e5465737420696e73746974757465224a6469643a6174616c613a6364323766343034633333313462303863356534373139366533326533336139306237636538666432343233613938376535666263383664343761303137383612580a2be18395e18394e183a0e18398e18399e1839d20e183ace183a3e183a0e183ace183a3e1839be18398e183901212e18393e1839de1839ae18398e183abe183941a0708c80f10011814220c0a0a39322d31313432313938221b0a03416d7912074c616d626572741a06526563746f722a0344722e3a0708df0f1009180f42063733313135324a0633393332333952063238373933307a013392010708db0f100918029a010708df0f10091806a2010708df0f1009180f');

INSERT INTO messages (id, received_at, connection, recipient, sender, content)
  VALUES ('eccb2230-4a90-410c-961e-416586f9fe17', '2033-07-10T02:18:43', 'd7a62923-b37a-4510-b1e0-0e2120aadec8', '5abde38d-132d-463a-a97b-6b076776acd2', 'f01d17ec-e9fe-4fb9-b5f0-6cb6f2ef604c', E'\\x0ab2020a780a1a556e6976657273697479206f66204e6577204d617279666f7274120e5465737420696e73746974757465224a6469643a6174616c613a6464393664613631666564353730653335636432666431626632323763616163343566396465306234623235636632303532633661663739313739613230376112580a2be18395e18394e183a0e18398e18399e1839d20e183ace183a3e183a0e183ace183a3e1839be18398e183901212e18393e1839de1839ae18398e183abe183941a0708c80f10011814220c0a0a39322d31313432313938221a0a05426f6262791204477261791a06526563746f722a034d722e3a0708e20f100b181d42063731353437364a0634383235363952063235383231317a013392010708dd0f100b18149a010708e20f100b1816a2010708e20f100b181d');

INSERT INTO messages (id, received_at, connection, recipient, sender, content)
  VALUES ('4cab78a7-c746-46c2-ab8d-808bdddc9982', '2364-06-24T02:18:43', 'd7a62923-b37a-4510-b1e0-0e2120aadec8', '5abde38d-132d-463a-a97b-6b076776acd2', 'f01d17ec-e9fe-4fb9-b5f0-6cb6f2ef604c', E'\\x0ad5020a81010a23556e6976657273697479206f6620e183a7e18395e18390e183a0e18394e1839ae18398120e5465737420696e73746974757465224a6469643a6174616c613a6530373539303764643264386161636335353161626533373830376565656532313161363137393365316436383633303765373338643736613538326331323312580a2be18395e18394e183a0e18398e18399e1839d20e183ace183a3e183a0e183ace183a3e1839be18398e183901212e18393e1839de1839ae18398e183abe183941a0708c80f10011814220c0a0a39322d3131343231393822330a0fe18391e18394e183a1e18398e183991218e18393e18390e18395e18398e18397e18390e183abe183941a06526563746f723a0708e00f1007181542063734353437384a0633383235363652063134353636357a013392010708db0f100718089a010708e00f10071807a2010708e00f10071815');

INSERT INTO messages (id, received_at, connection, recipient, sender, content)
  VALUES ('7c372f22-1f3f-4e63-ba1f-c7af2213e995', '2033-02-06T02:18:43', 'd7a62923-b37a-4510-b1e0-0e2120aadec8', '5abde38d-132d-463a-a97b-6b076776acd2', 'f01d17ec-e9fe-4fb9-b5f0-6cb6f2ef604c', E'\\x0ad7020a780a1a556e6976657273697479206f6620e18395e18390e1839ae18394120e5465737420696e73746974757465224a6469643a6174616c613a3736373531653732313334633961333434373065393662326630666162333062376565393732643531306263666338313236613461386139623936633735616612580a2be18395e18394e183a0e18398e18399e1839d20e183ace183a3e183a0e183ace183a3e1839be18398e183901212e18393e1839de1839ae18398e183abe183941a0708c80f10011814220c0a0a39322d31313432313938223f0a18e1839be18397e18395e18390e183a0e18398e183a1e18390121be1839be18390e18398e183a1e183a3e183a0e18390e183abe183941a06526563746f723a0708de0f1006180f42063938333537324a0634393336373252063139373233347a013392010708db0f1005181e9a010708de0f10061805a2010708de0f1006180f');

INSERT INTO store_individuals (user_id, individual_id, status, connection_token, connection_id, full_name, email, created_at)
  VALUES ('ccefea5e-636e-4747-8760-29b74d8a95c6', '92f3a55a-59c4-48d6-842e-d9f1200fd232', 'CONNECTED', '1716950108336', '32ebd3bd-26b4-4922-9bf8-352231fb352b', '  ', 'nabievianna@hotmail.com', '2020-10-20T06:01:27');
INSERT INTO participants(id, tpe, did, name)
  VALUES('de15b82f-041b-438e-8afd-de1e1c8a7310', 'holder', NULL, '  ');
INSERT INTO holder_public_keys(participant_id, x, y) VALUES ('de15b82f-041b-438e-8afd-de1e1c8a7310', 109748723384036252409332620571268293601218408302143568388368164643019639271439, 24105578787602575154055356399594433817361083276934204686235015330357807827044);
INSERT INTO connection_tokens(token, initiator, created_at, used_at)
  VALUES('1716950108336', 'ccefea5e-636e-4747-8760-29b74d8a95c6', '2020-10-20T06:01:27', '2020-10-23T23:57:17');
INSERT INTO connections(id, initiator, acceptor, token, instantiated_at)
  VALUES('32ebd3bd-26b4-4922-9bf8-352231fb352b', 'ccefea5e-636e-4747-8760-29b74d8a95c6', 'de15b82f-041b-438e-8afd-de1e1c8a7310', '1716950108336', '2020-10-23T23:57:17');

INSERT INTO messages (id, received_at, connection, recipient, sender, content)
  VALUES ('333ab927-3a8c-4ce7-9751-364ed22194ef', '2221-05-11T23:57:17', '32ebd3bd-26b4-4922-9bf8-352231fb352b', 'de15b82f-041b-438e-8afd-de1e1c8a7310', 'ccefea5e-636e-4747-8760-29b74d8a95c6', E'\\x0ab9020a7d0a1f556e6976657273697479206f6620506f7274204a656e6e696665726c616e64120e5465737420696e73746974757465224a6469643a6174616c613a3938386630356236653737653837376561663331356435396661313138643264353364316636326331303633633039666666343434653062386632386133313512580a2be18395e18394e183a0e18398e18399e1839d20e183ace183a3e183a0e183ace183a3e1839be18398e183901212e18393e1839de1839ae18398e183abe183941a0708c80f10011814220c0a0a39322d31313432313938221c0a05546173686112054d696c6c731a06526563746f722a044d72732e3a0708dd0f1008181242063833373136374a0633343935333052063236363830387a013392010708da0f100818079a010708dd0f10081808a2010708dd0f10081812');

INSERT INTO store_individuals (user_id, individual_id, status, connection_token, connection_id, full_name, email, created_at)
  VALUES ('fcd5c324-ed60-43b8-8d1e-8753476d7a02', '6f9d2ee2-1ab9-4415-8645-0906cc024630', 'CONNECTED', '8342966835862', '347f82bc-1b0d-4d5b-8f6f-4026bfe1c035', '  ', 'nabievianna@hotmail.com', '2016-05-27T06:01:27');
INSERT INTO participants(id, tpe, did, name)
  VALUES('b843dcfa-db68-490c-919a-a0d853e67375', 'holder', NULL, '  ');
INSERT INTO holder_public_keys(participant_id, x, y) VALUES ('b843dcfa-db68-490c-919a-a0d853e67375', 109748723384036252409332620571268293601218408302143568388368164643019639271439, 24105578787602575154055356399594433817361083276934204686235015330357807827044);
INSERT INTO connection_tokens(token, initiator, created_at, used_at)
  VALUES('8342966835862', 'fcd5c324-ed60-43b8-8d1e-8753476d7a02', '2016-05-27T06:01:27', '2016-05-31T16:25:47');
INSERT INTO connections(id, initiator, acceptor, token, instantiated_at)
  VALUES('347f82bc-1b0d-4d5b-8f6f-4026bfe1c035', 'fcd5c324-ed60-43b8-8d1e-8753476d7a02', 'b843dcfa-db68-490c-919a-a0d853e67375', '8342966835862', '2016-05-31T16:25:47');

INSERT INTO messages (id, received_at, connection, recipient, sender, content)
  VALUES ('c55c59fb-7c88-494e-b1a5-1a6876db1abf', '2092-02-18T13:09:52', '347f82bc-1b0d-4d5b-8f6f-4026bfe1c035', 'b843dcfa-db68-490c-919a-a0d853e67375', 'fcd5c324-ed60-43b8-8d1e-8753476d7a02', E'\\x0ab2020a780a1a556e6976657273697479206f66204e6577204d617279666f7274120e5465737420696e73746974757465224a6469643a6174616c613a6464393664613631666564353730653335636432666431626632323763616163343566396465306234623235636632303532633661663739313739613230376112580a2be18395e18394e183a0e18398e18399e1839d20e183ace183a3e183a0e183ace183a3e1839be18398e183901212e18393e1839de1839ae18398e183abe183941a0708c80f10011814220c0a0a39322d31313432313938221a0a05426f6262791204477261791a06526563746f722a034d722e3a0708e20f100b181d42063731353437364a0634383235363952063235383231317a013392010708dd0f100b18149a010708e20f100b1816a2010708e20f100b181d');

INSERT INTO messages (id, received_at, connection, recipient, sender, content)
  VALUES ('7021b06b-cbe2-4f1a-a9fd-f10fbe288370', '2157-08-15T16:25:47', '347f82bc-1b0d-4d5b-8f6f-4026bfe1c035', 'b843dcfa-db68-490c-919a-a0d853e67375', 'fcd5c324-ed60-43b8-8d1e-8753476d7a02', E'\\x0aba020a790a1b556e6976657273697479206f66204e6577204572696e7368697265120e5465737420696e73746974757465224a6469643a6174616c613a3132356165653566656338363036656539653938306339333366633465653435663734623737343839323762396135313761386235343738633462393766373312580a2be18395e18394e183a0e18398e18399e1839d20e183ace183a3e183a0e183ace183a3e1839be18398e183901212e18393e1839de1839ae18398e183abe183941a0708c80f10011814220c0a0a39322d3131343231393822210a084a6f6e617468616e12085065746572736f6e1a06526563746f722a034d722e3a0708de0f1004180742063930393639354a0633333539333352063131343230367a013392010708db0f1003181f9a010708de0f1003181fa2010708de0f10041807');

INSERT INTO messages (id, received_at, connection, recipient, sender, content)
  VALUES ('c9b92946-9f7a-4fab-9b24-584ffd640a75', '2383-01-05T11:10:38', '347f82bc-1b0d-4d5b-8f6f-4026bfe1c035', 'b843dcfa-db68-490c-919a-a0d853e67375', 'fcd5c324-ed60-43b8-8d1e-8753476d7a02', E'\\x0ad5020a81010a23556e6976657273697479206f6620e183a7e18395e18390e183a0e18394e1839ae18398120e5465737420696e73746974757465224a6469643a6174616c613a6530373539303764643264386161636335353161626533373830376565656532313161363137393365316436383633303765373338643736613538326331323312580a2be18395e18394e183a0e18398e18399e1839d20e183ace183a3e183a0e183ace183a3e1839be18398e183901212e18393e1839de1839ae18398e183abe183941a0708c80f10011814220c0a0a39322d3131343231393822330a0fe18391e18394e183a1e18398e183991218e18393e18390e18395e18398e18397e18390e183abe183941a06526563746f723a0708e00f1007181542063734353437384a0633383235363652063134353636357a013392010708db0f100718089a010708e00f10071807a2010708e00f10071815');

INSERT INTO messages (id, received_at, connection, recipient, sender, content)
  VALUES ('49815a9c-cf92-4a7e-8cf6-7b6011b3aee5', '2261-09-19T16:25:47', '347f82bc-1b0d-4d5b-8f6f-4026bfe1c035', 'b843dcfa-db68-490c-919a-a0d853e67375', 'fcd5c324-ed60-43b8-8d1e-8753476d7a02', E'\\x0ad7020a780a1a556e6976657273697479206f6620e18395e18390e1839ae18394120e5465737420696e73746974757465224a6469643a6174616c613a3736373531653732313334633961333434373065393662326630666162333062376565393732643531306263666338313236613461386139623936633735616612580a2be18395e18394e183a0e18398e18399e1839d20e183ace183a3e183a0e183ace183a3e1839be18398e183901212e18393e1839de1839ae18398e183abe183941a0708c80f10011814220c0a0a39322d31313432313938223f0a18e1839be18397e18395e18390e183a0e18398e183a1e18390121be1839be18390e18398e183a1e183a3e183a0e18390e183abe183941a06526563746f723a0708de0f1006180f42063938333537324a0634393336373252063139373233347a013392010708db0f1005181e9a010708de0f10061805a2010708de0f1006180f');

INSERT INTO store_individuals (user_id, individual_id, status, connection_token, connection_id, full_name, email, created_at)
  VALUES ('9ed97c5d-9cc4-4a1d-8ce2-847362748c4b', '476a05a1-00b4-427c-a488-0eda59a00d7e', 'CONNECTED', '7729336138715', '2f5d06b8-f1fc-4461-ae29-d97f02a63206', '  ', 'nabievianna@hotmail.com', '2020-12-08T06:01:27');
INSERT INTO participants(id, tpe, did, name)
  VALUES('bf187d87-0c54-491f-a6f5-b846823b5339', 'holder', NULL, '  ');
INSERT INTO holder_public_keys(participant_id, x, y) VALUES ('bf187d87-0c54-491f-a6f5-b846823b5339', 109748723384036252409332620571268293601218408302143568388368164643019639271439, 24105578787602575154055356399594433817361083276934204686235015330357807827044);
INSERT INTO connection_tokens(token, initiator, created_at, used_at)
  VALUES('7729336138715', '9ed97c5d-9cc4-4a1d-8ce2-847362748c4b', '2020-12-08T06:01:27', '2020-12-10T14:36:49');
INSERT INTO connections(id, initiator, acceptor, token, instantiated_at)
  VALUES('2f5d06b8-f1fc-4461-ae29-d97f02a63206', '9ed97c5d-9cc4-4a1d-8ce2-847362748c4b', 'bf187d87-0c54-491f-a6f5-b846823b5339', '7729336138715', '2020-12-10T14:36:49');

INSERT INTO messages (id, received_at, connection, recipient, sender, content)
  VALUES ('a978a9d9-4211-4bdb-84be-b37c1870f277', '2322-11-11T14:36:49', '2f5d06b8-f1fc-4461-ae29-d97f02a63206', 'bf187d87-0c54-491f-a6f5-b846823b5339', '9ed97c5d-9cc4-4a1d-8ce2-847362748c4b', E'\\x0ab0020a750a17556e6976657273697479206f66204c616b652054617261120e5465737420696e73746974757465224a6469643a6174616c613a6364323766343034633333313462303863356534373139366533326533336139306237636538666432343233613938376535666263383664343761303137383612580a2be18395e18394e183a0e18398e18399e1839d20e183ace183a3e183a0e183ace183a3e1839be18398e183901212e18393e1839de1839ae18398e183abe183941a0708c80f10011814220c0a0a39322d31313432313938221b0a03416d7912074c616d626572741a06526563746f722a0344722e3a0708df0f1009180f42063733313135324a0633393332333952063238373933307a013392010708db0f100918029a010708df0f10091806a2010708df0f1009180f');

INSERT INTO messages (id, received_at, connection, recipient, sender, content)
  VALUES ('da3c492f-afb8-47cd-9863-a6a81b2ae1b4', '2102-12-30T14:36:49', '2f5d06b8-f1fc-4461-ae29-d97f02a63206', 'bf187d87-0c54-491f-a6f5-b846823b5339', '9ed97c5d-9cc4-4a1d-8ce2-847362748c4b', E'\\x0ab2020a780a1a556e6976657273697479206f66204e6577204d617279666f7274120e5465737420696e73746974757465224a6469643a6174616c613a6464393664613631666564353730653335636432666431626632323763616163343566396465306234623235636632303532633661663739313739613230376112580a2be18395e18394e183a0e18398e18399e1839d20e183ace183a3e183a0e183ace183a3e1839be18398e183901212e18393e1839de1839ae18398e183abe183941a0708c80f10011814220c0a0a39322d31313432313938221a0a05426f6262791204477261791a06526563746f722a034d722e3a0708e20f100b181d42063731353437364a0634383235363952063235383231317a013392010708dd0f100b18149a010708e20f100b1816a2010708e20f100b181d');

INSERT INTO messages (id, received_at, connection, recipient, sender, content)
  VALUES ('615ac65a-ac9e-477f-b748-7e30bd7920f5', '2471-08-01T14:36:49', '2f5d06b8-f1fc-4461-ae29-d97f02a63206', 'bf187d87-0c54-491f-a6f5-b846823b5339', '9ed97c5d-9cc4-4a1d-8ce2-847362748c4b', E'\\x0ad7020a780a1a556e6976657273697479206f6620e18395e18390e1839ae18394120e5465737420696e73746974757465224a6469643a6174616c613a3736373531653732313334633961333434373065393662326630666162333062376565393732643531306263666338313236613461386139623936633735616612580a2be18395e18394e183a0e18398e18399e1839d20e183ace183a3e183a0e183ace183a3e1839be18398e183901212e18393e1839de1839ae18398e183abe183941a0708c80f10011814220c0a0a39322d31313432313938223f0a18e1839be18397e18395e18390e183a0e18398e183a1e18390121be1839be18390e18398e183a1e183a3e183a0e18390e183abe183941a06526563746f723a0708de0f1006180f42063938333537324a0634393336373252063139373233347a013392010708db0f1005181e9a010708de0f10061805a2010708de0f1006180f');

INSERT INTO store_individuals (user_id, individual_id, status, connection_token, connection_id, full_name, email, created_at)
  VALUES ('d92e7599-2424-4500-bcd0-04734abb2c6d', 'be497245-a84e-4dd1-9b31-f8d7ecf0e496', 'CONNECTED', '0075949338651', '9c8fc1ca-475f-4da5-b7b0-9181689cd638', '  ', 'nabievianna@hotmail.com', '2017-06-21T06:01:27');
INSERT INTO participants(id, tpe, did, name)
  VALUES('b1edd5d1-9267-495d-8427-99fe34528fa0', 'holder', NULL, '  ');
INSERT INTO holder_public_keys(participant_id, x, y) VALUES ('b1edd5d1-9267-495d-8427-99fe34528fa0', 109748723384036252409332620571268293601218408302143568388368164643019639271439, 24105578787602575154055356399594433817361083276934204686235015330357807827044);
INSERT INTO connection_tokens(token, initiator, created_at, used_at)
  VALUES('0075949338651', 'd92e7599-2424-4500-bcd0-04734abb2c6d', '2017-06-21T06:01:27', '2017-06-23T07:06:53');
INSERT INTO connections(id, initiator, acceptor, token, instantiated_at)
  VALUES('9c8fc1ca-475f-4da5-b7b0-9181689cd638', 'd92e7599-2424-4500-bcd0-04734abb2c6d', 'b1edd5d1-9267-495d-8427-99fe34528fa0', '0075949338651', '2017-06-23T07:06:53');

INSERT INTO messages (id, received_at, connection, recipient, sender, content)
  VALUES ('6a9a917d-a46c-44b5-91b0-281f315b09c7', '2310-08-06T07:06:53', '9c8fc1ca-475f-4da5-b7b0-9181689cd638', 'b1edd5d1-9267-495d-8427-99fe34528fa0', 'd92e7599-2424-4500-bcd0-04734abb2c6d', E'\\x0ab9020a7d0a1f556e6976657273697479206f6620506f7274204a656e6e696665726c616e64120e5465737420696e73746974757465224a6469643a6174616c613a3938386630356236653737653837376561663331356435396661313138643264353364316636326331303633633039666666343434653062386632386133313512580a2be18395e18394e183a0e18398e18399e1839d20e183ace183a3e183a0e183ace183a3e1839be18398e183901212e18393e1839de1839ae18398e183abe183941a0708c80f10011814220c0a0a39322d31313432313938221c0a05546173686112054d696c6c731a06526563746f722a044d72732e3a0708dd0f1008181242063833373136374a0633343935333052063236363830387a013392010708da0f100818079a010708dd0f10081808a2010708dd0f10081812');

INSERT INTO messages (id, received_at, connection, recipient, sender, content)
  VALUES ('19e3e17d-bd13-4c34-8893-cb6c24e9828b', '2183-04-06T07:06:53', '9c8fc1ca-475f-4da5-b7b0-9181689cd638', 'b1edd5d1-9267-495d-8427-99fe34528fa0', 'd92e7599-2424-4500-bcd0-04734abb2c6d', E'\\x0ab3020a770a19556e6976657273697479206f66204e6f7274682048656e7279120e5465737420696e73746974757465224a6469643a6174616c613a6631616638303336653434333837326338366363666431316334363338316231626136336163393035376263353735616266653133353163666634346461326512580a2be18395e18394e183a0e18398e18399e1839d20e183ace183a3e183a0e183ace183a3e1839be18398e183901212e18393e1839de1839ae18398e183abe183941a0708c80f10011814220c0a0a39322d31313432313938221c0a0743796e7468696112044b69726b1a06526563746f722a034d722e3a0708df0f1005181b42063838343936374a0633353739343452063137353337387a013392010708dc0f1005180e9a010708df0f10051812a2010708df0f1005181b');

INSERT INTO messages (id, received_at, connection, recipient, sender, content)
  VALUES ('c34b29af-bd20-4b43-8d11-8c653cb19886', '2148-04-03T07:06:53', '9c8fc1ca-475f-4da5-b7b0-9181689cd638', 'b1edd5d1-9267-495d-8427-99fe34528fa0', 'd92e7599-2424-4500-bcd0-04734abb2c6d', E'\\x0ad5020a81010a23556e6976657273697479206f6620e183a7e18395e18390e183a0e18394e1839ae18398120e5465737420696e73746974757465224a6469643a6174616c613a6530373539303764643264386161636335353161626533373830376565656532313161363137393365316436383633303765373338643736613538326331323312580a2be18395e18394e183a0e18398e18399e1839d20e183ace183a3e183a0e183ace183a3e1839be18398e183901212e18393e1839de1839ae18398e183abe183941a0708c80f10011814220c0a0a39322d3131343231393822330a0fe18391e18394e183a1e18398e183991218e18393e18390e18395e18398e18397e18390e183abe183941a06526563746f723a0708e00f1007181542063734353437384a0633383235363652063134353636357a013392010708db0f100718089a010708e00f10071807a2010708e00f10071815');

INSERT INTO messages (id, received_at, connection, recipient, sender, content)
  VALUES ('188ee2ee-4a38-47f6-b778-8858b00631b0', '2383-12-22T07:06:53', '9c8fc1ca-475f-4da5-b7b0-9181689cd638', 'b1edd5d1-9267-495d-8427-99fe34528fa0', 'd92e7599-2424-4500-bcd0-04734abb2c6d', E'\\x0ad7020a780a1a556e6976657273697479206f6620e18395e18390e1839ae18394120e5465737420696e73746974757465224a6469643a6174616c613a3736373531653732313334633961333434373065393662326630666162333062376565393732643531306263666338313236613461386139623936633735616612580a2be18395e18394e183a0e18398e18399e1839d20e183ace183a3e183a0e183ace183a3e1839be18398e183901212e18393e1839de1839ae18398e183abe183941a0708c80f10011814220c0a0a39322d31313432313938223f0a18e1839be18397e18395e18390e183a0e18398e183a1e18390121be1839be18390e18398e183a1e183a3e183a0e18390e183abe183941a06526563746f723a0708de0f1006180f42063938333537324a0634393336373252063139373233347a013392010708db0f1005181e9a010708de0f10061805a2010708de0f1006180f');

INSERT INTO store_individuals (user_id, individual_id, status, connection_token, connection_id, full_name, email, created_at)
  VALUES ('0573ae1e-ece8-4c43-86ee-210d350c7339', 'cc14c3e2-b107-4de2-9154-3e9909e08b3e', 'CONNECTED', '9668899898170', 'd72f579f-6e62-404e-9ed9-90ae7967dd6c', '  ', 'nabievianna@hotmail.com', '2016-03-16T06:01:27');
INSERT INTO participants(id, tpe, did, name)
  VALUES('a8ba9fce-1f38-4d2b-a014-ed1b5f76a17c', 'holder', NULL, '  ');
INSERT INTO holder_public_keys(participant_id, x, y) VALUES ('a8ba9fce-1f38-4d2b-a014-ed1b5f76a17c', 109748723384036252409332620571268293601218408302143568388368164643019639271439, 24105578787602575154055356399594433817361083276934204686235015330357807827044);
INSERT INTO connection_tokens(token, initiator, created_at, used_at)
  VALUES('9668899898170', '0573ae1e-ece8-4c43-86ee-210d350c7339', '2016-03-16T06:01:27', '2016-03-20T01:36:16');
INSERT INTO connections(id, initiator, acceptor, token, instantiated_at)
  VALUES('d72f579f-6e62-404e-9ed9-90ae7967dd6c', '0573ae1e-ece8-4c43-86ee-210d350c7339', 'a8ba9fce-1f38-4d2b-a014-ed1b5f76a17c', '9668899898170', '2016-03-20T01:36:16');

INSERT INTO messages (id, received_at, connection, recipient, sender, content)
  VALUES ('00309a80-bd71-4628-b4ec-e47933243497', '2055-08-09T01:36:16', 'd72f579f-6e62-404e-9ed9-90ae7967dd6c', 'a8ba9fce-1f38-4d2b-a014-ed1b5f76a17c', '0573ae1e-ece8-4c43-86ee-210d350c7339', E'\\x0ab9020a7d0a1f556e6976657273697479206f6620506f7274204a656e6e696665726c616e64120e5465737420696e73746974757465224a6469643a6174616c613a3938386630356236653737653837376561663331356435396661313138643264353364316636326331303633633039666666343434653062386632386133313512580a2be18395e18394e183a0e18398e18399e1839d20e183ace183a3e183a0e183ace183a3e1839be18398e183901212e18393e1839de1839ae18398e183abe183941a0708c80f10011814220c0a0a39322d31313432313938221c0a05546173686112054d696c6c731a06526563746f722a044d72732e3a0708dd0f1008181242063833373136374a0633343935333052063236363830387a013392010708da0f100818079a010708dd0f10081808a2010708dd0f10081812');

INSERT INTO messages (id, received_at, connection, recipient, sender, content)
  VALUES ('773e55c5-870a-4479-90f0-c41ba8b4e8c6', '2338-02-05T01:36:16', 'd72f579f-6e62-404e-9ed9-90ae7967dd6c', 'a8ba9fce-1f38-4d2b-a014-ed1b5f76a17c', '0573ae1e-ece8-4c43-86ee-210d350c7339', E'\\x0ab0020a750a17556e6976657273697479206f66204c616b652054617261120e5465737420696e73746974757465224a6469643a6174616c613a6364323766343034633333313462303863356534373139366533326533336139306237636538666432343233613938376535666263383664343761303137383612580a2be18395e18394e183a0e18398e18399e1839d20e183ace183a3e183a0e183ace183a3e1839be18398e183901212e18393e1839de1839ae18398e183abe183941a0708c80f10011814220c0a0a39322d31313432313938221b0a03416d7912074c616d626572741a06526563746f722a0344722e3a0708df0f1009180f42063733313135324a0633393332333952063238373933307a013392010708db0f100918029a010708df0f10091806a2010708df0f1009180f');

INSERT INTO messages (id, received_at, connection, recipient, sender, content)
  VALUES ('401e143c-6840-4a02-a252-f8aa9fab684f', '2124-06-05T01:36:16', 'd72f579f-6e62-404e-9ed9-90ae7967dd6c', 'a8ba9fce-1f38-4d2b-a014-ed1b5f76a17c', '0573ae1e-ece8-4c43-86ee-210d350c7339', E'\\x0ab3020a770a19556e6976657273697479206f66204e6f7274682048656e7279120e5465737420696e73746974757465224a6469643a6174616c613a6631616638303336653434333837326338366363666431316334363338316231626136336163393035376263353735616266653133353163666634346461326512580a2be18395e18394e183a0e18398e18399e1839d20e183ace183a3e183a0e183ace183a3e1839be18398e183901212e18393e1839de1839ae18398e183abe183941a0708c80f10011814220c0a0a39322d31313432313938221c0a0743796e7468696112044b69726b1a06526563746f722a034d722e3a0708df0f1005181b42063838343936374a0633353739343452063137353337387a013392010708dc0f1005180e9a010708df0f10051812a2010708df0f1005181b');

INSERT INTO messages (id, received_at, connection, recipient, sender, content)
  VALUES ('410ba8ab-22c7-463e-9abb-e0612f383900', '2457-04-15T11:10:38', 'd72f579f-6e62-404e-9ed9-90ae7967dd6c', 'a8ba9fce-1f38-4d2b-a014-ed1b5f76a17c', '0573ae1e-ece8-4c43-86ee-210d350c7339', E'\\x0ad5020a81010a23556e6976657273697479206f6620e183a7e18395e18390e183a0e18394e1839ae18398120e5465737420696e73746974757465224a6469643a6174616c613a6530373539303764643264386161636335353161626533373830376565656532313161363137393365316436383633303765373338643736613538326331323312580a2be18395e18394e183a0e18398e18399e1839d20e183ace183a3e183a0e183ace183a3e1839be18398e183901212e18393e1839de1839ae18398e183abe183941a0708c80f10011814220c0a0a39322d3131343231393822330a0fe18391e18394e183a1e18398e183991218e18393e18390e18395e18398e18397e18390e183abe183941a06526563746f723a0708e00f1007181542063734353437384a0633383235363652063134353636357a013392010708db0f100718089a010708e00f10071807a2010708e00f10071815');

INSERT INTO store_individuals (user_id, individual_id, status, connection_token, connection_id, full_name, email, created_at)
  VALUES ('5ff984a6-9f39-409f-8e9e-bcdac42c3b8a', 'a6c2aeb7-eb19-4fef-a102-1678cd08c78c', 'CONNECTED', '5033033349360', 'e02c6091-1d09-4f81-9457-d8aca7fcefef', '  ', 'nabievianna@hotmail.com', '2016-09-08T06:01:27');
INSERT INTO participants(id, tpe, did, name)
  VALUES('897f6400-fbd5-4e10-bc57-bd1289401c37', 'holder', NULL, '  ');
INSERT INTO holder_public_keys(participant_id, x, y) VALUES ('897f6400-fbd5-4e10-bc57-bd1289401c37', 109748723384036252409332620571268293601218408302143568388368164643019639271439, 24105578787602575154055356399594433817361083276934204686235015330357807827044);
INSERT INTO connection_tokens(token, initiator, created_at, used_at)
  VALUES('5033033349360', '5ff984a6-9f39-409f-8e9e-bcdac42c3b8a', '2016-09-08T06:01:27', '2016-09-10T06:41:00');
INSERT INTO connections(id, initiator, acceptor, token, instantiated_at)
  VALUES('e02c6091-1d09-4f81-9457-d8aca7fcefef', '5ff984a6-9f39-409f-8e9e-bcdac42c3b8a', '897f6400-fbd5-4e10-bc57-bd1289401c37', '5033033349360', '2016-09-10T06:41:00');

INSERT INTO messages (id, received_at, connection, recipient, sender, content)
  VALUES ('895a3884-5c5c-4d24-8bbf-f67746a4853b', '2266-07-16T06:41:00', 'e02c6091-1d09-4f81-9457-d8aca7fcefef', '897f6400-fbd5-4e10-bc57-bd1289401c37', '5ff984a6-9f39-409f-8e9e-bcdac42c3b8a', E'\\x0ab0020a750a17556e6976657273697479206f66204c616b652054617261120e5465737420696e73746974757465224a6469643a6174616c613a6364323766343034633333313462303863356534373139366533326533336139306237636538666432343233613938376535666263383664343761303137383612580a2be18395e18394e183a0e18398e18399e1839d20e183ace183a3e183a0e183ace183a3e1839be18398e183901212e18393e1839de1839ae18398e183abe183941a0708c80f10011814220c0a0a39322d31313432313938221b0a03416d7912074c616d626572741a06526563746f722a0344722e3a0708df0f1009180f42063733313135324a0633393332333952063238373933307a013392010708db0f100918029a010708df0f10091806a2010708df0f1009180f');

INSERT INTO messages (id, received_at, connection, recipient, sender, content)
  VALUES ('58aa26e8-d12d-4b3c-89fe-1a1dd153f937', '2199-06-15T06:41:00', 'e02c6091-1d09-4f81-9457-d8aca7fcefef', '897f6400-fbd5-4e10-bc57-bd1289401c37', '5ff984a6-9f39-409f-8e9e-bcdac42c3b8a', E'\\x0ab3020a770a19556e6976657273697479206f66204e6f7274682048656e7279120e5465737420696e73746974757465224a6469643a6174616c613a6631616638303336653434333837326338366363666431316334363338316231626136336163393035376263353735616266653133353163666634346461326512580a2be18395e18394e183a0e18398e18399e1839d20e183ace183a3e183a0e183ace183a3e1839be18398e183901212e18393e1839de1839ae18398e183abe183941a0708c80f10011814220c0a0a39322d31313432313938221c0a0743796e7468696112044b69726b1a06526563746f722a034d722e3a0708df0f1005181b42063838343936374a0633353739343452063137353337387a013392010708dc0f1005180e9a010708df0f10051812a2010708df0f1005181b');

INSERT INTO messages (id, received_at, connection, recipient, sender, content)
  VALUES ('68546cd3-edf7-45b9-a42c-eb7e45baf7fe', '2407-01-03T06:41:00', 'e02c6091-1d09-4f81-9457-d8aca7fcefef', '897f6400-fbd5-4e10-bc57-bd1289401c37', '5ff984a6-9f39-409f-8e9e-bcdac42c3b8a', E'\\x0ad5020a81010a23556e6976657273697479206f6620e183a7e18395e18390e183a0e18394e1839ae18398120e5465737420696e73746974757465224a6469643a6174616c613a6530373539303764643264386161636335353161626533373830376565656532313161363137393365316436383633303765373338643736613538326331323312580a2be18395e18394e183a0e18398e18399e1839d20e183ace183a3e183a0e183ace183a3e1839be18398e183901212e18393e1839de1839ae18398e183abe183941a0708c80f10011814220c0a0a39322d3131343231393822330a0fe18391e18394e183a1e18398e183991218e18393e18390e18395e18398e18397e18390e183abe183941a06526563746f723a0708e00f1007181542063734353437384a0633383235363652063134353636357a013392010708db0f100718089a010708e00f10071807a2010708e00f10071815');

INSERT INTO students (student_id, group_id, university_assigned_id, full_name, email, admission_date, created_on, connection_status, connection_token, connection_id)
  VALUES ('1aa33040-80f6-4ab7-9d5a-3acd446864b3', '459277ea-8428-47db-a6d3-2fac078da047', '69374623', '  ', 'benizemarina@gmail.com', '2014-09-29', '2018-10-05T02:01:17', 'CONNECTION_ACCEPTED', '4876175428897', 'e497db37-cd13-407f-b6fa-779fb13feb94');
INSERT INTO participants(id, tpe, did, name)
  VALUES('914303aa-e18b-4933-a6b6-2adce9f3d4e2', 'holder', NULL, '  ');
INSERT INTO holder_public_keys(participant_id, x, y) VALUES ('914303aa-e18b-4933-a6b6-2adce9f3d4e2', 22981304616271224008846300872865669993998771504324389253570465811224018513068, 99105603300110957258991223267287476884648069072399391896540027828344395583693);
INSERT INTO connection_tokens(token, initiator, created_at, used_at)
  VALUES('4876175428897', 'ebe65434-3015-4ea4-97c8-1f4181312bcf', '2018-10-05T02:01:17', '2018-10-06T04:11:32');
INSERT INTO connections(id, initiator, acceptor, token, instantiated_at)
  VALUES('e497db37-cd13-407f-b6fa-779fb13feb94', 'ebe65434-3015-4ea4-97c8-1f4181312bcf', '914303aa-e18b-4933-a6b6-2adce9f3d4e2', '4876175428897', '2018-10-06T04:11:32');

INSERT INTO credentials(credential_id, issuer_id, student_id, title, enrollment_date, graduation_date, group_name, created_on)
  VALUES ('af722d77-269a-4c85-bb33-d30149fc5cc0', 'ebe65434-3015-4ea4-97c8-1f4181312bcf', '1aa33040-80f6-4ab7-9d5a-3acd446864b3', 'Bachelor of Science', '2014-09-29', '2018-10-01', 'Bachelors Degree Mathematics and Science 2019', '2018-10-07T01:11:53');
INSERT INTO messages (id, received_at, connection, recipient, sender, content)
  VALUES ('bfbc1303-837d-4c05-8b83-5f9403294cc0', '2018-10-14T01:11:49', 'e497db37-cd13-407f-b6fa-779fb13feb94', '914303aa-e18b-4933-a6b6-2adce9f3d4e2', 'ebe65434-3015-4ea4-97c8-1f4181312bcf', E'\\x0ab7020a780a1a4672656520556e6976657273697479206f66205462696c697369120e5465737420696e73746974757465224a6469643a6174616c613a61383065383764303338626365366261366631383465323861386133353234343032313830326237663139373166386532653664393763353531383831393066125b0a22e1839ae18394e18395e18390e1839c20e18391e18394e1839ce18398e183abe18394121ee18391e18394e1839ce18393e18394e1839ae18398e18390e1839ce183981a0708c90f10061812220c0a0a30352d34343639393435221c0a0454726f7912074772696666696e1a06526563746f722a034d722e3a0708e20f100a180d42063737333438354a0634353837363152063233393636377a013392010708de0f1009181d9a010708e20f100a1801a2010708e20f100a180d');

INSERT INTO store_individuals (user_id, individual_id, status, connection_token, connection_id, full_name, email, created_at)
  VALUES ('77398291-5d7a-44f5-ab15-2866a88125e8', 'db434ad7-60f1-4995-a8d3-8d7b29d10850', 'CREATED', NULL, NULL, '  ', 'benizemarina@gmail.com', '2022-05-29T15:53:35');


INSERT INTO students (student_id, group_id, university_assigned_id, full_name, email, admission_date, created_on, connection_status, connection_token, connection_id)
  VALUES ('d72e2f3a-3e23-4540-aae1-a34e62a2cf98', '45078713-bb86-42f2-b7ab-846d8c23d2a4', '81760824', '  ', 'tornike56@zhvania-sheqilaze.com', '2011-01-28', '2016-01-29T06:36:54', 'CONNECTION_ACCEPTED', '4570279310347', '481539fd-7998-47d8-96d6-65208b3fb67b');
INSERT INTO participants(id, tpe, did, name)
  VALUES('96d2191b-3bf9-48f8-9276-5f009e7f9f47', 'holder', NULL, '  ');
INSERT INTO holder_public_keys(participant_id, x, y) VALUES ('96d2191b-3bf9-48f8-9276-5f009e7f9f47', 41361803043697112778544725240806242144376321200512571847316027108619680019379, 1261151745011826236315735129979169419735874431798844312966054032772759578330);
INSERT INTO connection_tokens(token, initiator, created_at, used_at)
  VALUES('4570279310347', 'ebe65434-3015-4ea4-97c8-1f4181312bcf', '2016-01-29T06:36:54', '2016-01-30T19:05:28');
INSERT INTO connections(id, initiator, acceptor, token, instantiated_at)
  VALUES('481539fd-7998-47d8-96d6-65208b3fb67b', 'ebe65434-3015-4ea4-97c8-1f4181312bcf', '96d2191b-3bf9-48f8-9276-5f009e7f9f47', '4570279310347', '2016-01-30T19:05:28');

INSERT INTO credentials(credential_id, issuer_id, student_id, title, enrollment_date, graduation_date, group_name, created_on)
  VALUES ('dee3b767-477d-4c7f-a950-202eaba9aaf2', 'ebe65434-3015-4ea4-97c8-1f4181312bcf', 'd72e2f3a-3e23-4540-aae1-a34e62a2cf98', 'Bachelor of Science', '2011-01-28', '2016-01-27', 'Masters Degree Business Administration 2019', '2016-02-01T18:34:03');
INSERT INTO messages (id, received_at, connection, recipient, sender, content)
  VALUES ('66fab457-486d-43cf-89a5-a9310b40684c', '2016-02-08T17:14:32', '481539fd-7998-47d8-96d6-65208b3fb67b', '96d2191b-3bf9-48f8-9276-5f009e7f9f47', 'ebe65434-3015-4ea4-97c8-1f4181312bcf', E'\\x0ab4020a780a1a4672656520556e6976657273697479206f66205462696c697369120e5465737420696e73746974757465224a6469643a6174616c613a6138306538376430333862636536626136663138346532386138613335323434303231383032623766313937316638653265366439376335353138383139306612580a2be183a0e1839de1839be18390e1839c20e183a0e18390e1839be18398e183a8e18395e18398e1839ae183981212e1839ee18390e1839ee18390e18395e183901a0708c80f1007181e220c0a0a36342d31393731353530221c0a0454726f7912074772696666696e1a06526563746f722a034d722e3a0708e00f1002180842063932363630364a0634373436363552063231363631357a013392010708db0f1001181c9a010708e00f1001181ba2010708e00f10021808');

INSERT INTO store_individuals (user_id, individual_id, status, connection_token, connection_id, full_name, email, created_at)
  VALUES ('77398291-5d7a-44f5-ab15-2866a88125e8', '13ef60f0-f10d-474a-acaf-6bc1eb859b1c', 'CONNECTED', '5004990152614', 'b60dccb1-af08-4a8e-8ec7-71e39290b0a9', '  ', 'tornike56@zhvania-sheqilaze.com', '2019-01-29T11:21:31');
INSERT INTO participants(id, tpe, did, name)
  VALUES('74ac4733-6bae-4424-bf8d-f758a56eb679', 'holder', NULL, '  ');
INSERT INTO holder_public_keys(participant_id, x, y) VALUES ('74ac4733-6bae-4424-bf8d-f758a56eb679', 41361803043697112778544725240806242144376321200512571847316027108619680019379, 1261151745011826236315735129979169419735874431798844312966054032772759578330);
INSERT INTO connection_tokens(token, initiator, created_at, used_at)
  VALUES('5004990152614', '77398291-5d7a-44f5-ab15-2866a88125e8', '2019-01-29T11:21:31', '2019-02-02T13:00:57');
INSERT INTO connections(id, initiator, acceptor, token, instantiated_at)
  VALUES('b60dccb1-af08-4a8e-8ec7-71e39290b0a9', '77398291-5d7a-44f5-ab15-2866a88125e8', '74ac4733-6bae-4424-bf8d-f758a56eb679', '5004990152614', '2019-02-02T13:00:57');

INSERT INTO messages (id, received_at, connection, recipient, sender, content)
  VALUES ('bfd71ec4-4f7f-4035-b548-f2e2d3e25f9e', '2270-03-20T13:00:57', 'b60dccb1-af08-4a8e-8ec7-71e39290b0a9', '74ac4733-6bae-4424-bf8d-f758a56eb679', '77398291-5d7a-44f5-ab15-2866a88125e8', E'\\x0ab4020a780a1a4672656520556e6976657273697479206f66205462696c697369120e5465737420696e73746974757465224a6469643a6174616c613a6138306538376430333862636536626136663138346532386138613335323434303231383032623766313937316638653265366439376335353138383139306612580a2be183a0e1839de1839be18390e1839c20e183a0e18390e1839be18398e183a8e18395e18398e1839ae183981212e1839ee18390e1839ee18390e18395e183901a0708c80f1007181e220c0a0a36342d31393731353530221c0a0454726f7912074772696666696e1a06526563746f722a034d722e3a0708e00f1002180842063932363630364a0634373436363552063231363631357a013392010708db0f1001181c9a010708e00f1001181ba2010708e00f10021808');

INSERT INTO students (student_id, group_id, university_assigned_id, full_name, email, admission_date, created_on, connection_status, connection_token, connection_id)
  VALUES ('b0869148-e46f-4adc-b719-64d48175daa3', '45078713-bb86-42f2-b7ab-846d8c23d2a4', '31424844', 'Mark Griffin', 'mark.griffin@iohk.io', '2012-06-02', '2017-06-07T19:25:34', 'INVITATION_MISSING', NULL, NULL);


INSERT INTO credentials(credential_id, issuer_id, student_id, title, enrollment_date, graduation_date, group_name, created_on)
  VALUES ('ab62db80-974e-4936-beb4-7ca256a26c64', 'ebe65434-3015-4ea4-97c8-1f4181312bcf', 'b0869148-e46f-4adc-b719-64d48175daa3', 'Bachelor of Science', '2012-06-02', '2017-06-03', 'Masters Degree Business Administration 2019', '2017-06-08T05:14:36');

INSERT INTO store_individuals (user_id, individual_id, status, connection_token, connection_id, full_name, email, created_at)
  VALUES ('77398291-5d7a-44f5-ab15-2866a88125e8', 'fbb1d308-f41c-4533-a229-fad3c7d89c28', 'CREATED', NULL, NULL, 'Mark Griffin', 'mark.griffin@iohk.io', '2022-04-26T22:33:03');


INSERT INTO students (student_id, group_id, university_assigned_id, full_name, email, admission_date, created_on, connection_status, connection_token, connection_id)
  VALUES ('0e34fb2b-e3ae-4af4-9dc4-7b05b03ddb64', '45078713-bb86-42f2-b7ab-846d8c23d2a4', '61329676', 'Christos Loverdos', 'christos.loverdos@iohk.io', '2015-11-23', '2019-11-28T02:21:18', 'INVITATION_MISSING', NULL, NULL);


INSERT INTO credentials(credential_id, issuer_id, student_id, title, enrollment_date, graduation_date, group_name, created_on)
  VALUES ('1f71f699-0408-4472-af28-97b40257e8e6', 'ebe65434-3015-4ea4-97c8-1f4181312bcf', '0e34fb2b-e3ae-4af4-9dc4-7b05b03ddb64', 'Bachelor of Science', '2015-11-23', '2019-11-25', 'Masters Degree Business Administration 2019', '2019-12-02T13:34:40');

INSERT INTO store_individuals (user_id, individual_id, status, connection_token, connection_id, full_name, email, created_at)
  VALUES ('77398291-5d7a-44f5-ab15-2866a88125e8', 'b0c0ad41-c417-4f1e-9c71-f49d44bf80b8', 'CREATED', NULL, NULL, 'Christos Loverdos', 'christos.loverdos@iohk.io', '2021-08-10T04:03:36');


INSERT INTO students (student_id, group_id, university_assigned_id, full_name, email, admission_date, created_on, connection_status, connection_token, connection_id)
  VALUES ('a909805a-dd1a-41d3-b26b-475be86f39a6', '45078713-bb86-42f2-b7ab-846d8c23d2a4', '11375999', 'Noel Rimbert', 'noel.rimbert@iohk.io', '2013-02-25', '2017-02-26T08:51:13', 'INVITATION_MISSING', NULL, NULL);


INSERT INTO credentials(credential_id, issuer_id, student_id, title, enrollment_date, graduation_date, group_name, created_on)
  VALUES ('e9a0748c-f6b6-464c-87b1-b29610697db0', 'ebe65434-3015-4ea4-97c8-1f4181312bcf', 'a909805a-dd1a-41d3-b26b-475be86f39a6', 'Bachelor of Science', '2013-02-25', '2017-02-24', 'Masters Degree Business Administration 2019', '2017-02-27T08:21:08');

INSERT INTO store_individuals (user_id, individual_id, status, connection_token, connection_id, full_name, email, created_at)
  VALUES ('77398291-5d7a-44f5-ab15-2866a88125e8', '19af2709-d14a-4e43-8271-195fbbeda0a2', 'CREATED', NULL, NULL, 'Noel Rimbert', 'noel.rimbert@iohk.io', '2021-02-23T09:10:12');


